date,pce_yoy,share_pos2B_ar12,share_neg2B_ar12,share_pos3B_ar12,share_neg3B_ar12,share_pos4B_ar12,share_neg4B_ar12,ismi_goods_positive_ar12_k2,ismi_goods_negative_ar12_k2,ismi_goods_positive_ar12_k3,ismi_goods_negative_ar12_k3,ismi_goods_positive_ar12_k4,ismi_goods_negative_ar12_k4,ismi_services_positive_ar12_k2,ismi_services_negative_ar12_k2,ismi_services_positive_ar12_k3,ismi_services_negative_ar12_k3,ismi_services_positive_ar12_k4,ismi_services_negative_ar12_k4,ismi_housing_positive_ar12_k2,ismi_housing_negative_ar12_k2,ismi_housing_positive_ar12_k3,ismi_housing_negative_ar12_k3,ismi_housing_positive_ar12_k4,ismi_housing_negative_ar12_k4,share_pos2B_c_ar12,share_neg2B_c_ar12,share_pos3B_c_ar12,share_neg3B_c_ar12,share_pos4B_c_ar12,share_neg4B_c_ar12,ismi_coregoods_positive_ar12_k2,ismi_coregoods_negative_ar12_k2,ismi_coregoods_positive_ar12_k3,ismi_coregoods_negative_ar12_k3,ismi_coregoods_positive_ar12_k4,ismi_coregoods_negative_ar12_k4,share_diff2B_ar12,share_diff3B_ar12,share_diff4B_ar12,ismi_goods_ar12_k2,ismi_goods_ar12_k3,ismi_goods_ar12_k4,ismi_services_ar12_k2,ismi_services_ar12_k3,ismi_services_ar12_k4,ismi_housing_ar12_k2,ismi_housing_ar12_k3,ismi_housing_ar12_k4,share_diff2B_c_ar12,share_diff3B_c_ar12,share_diff4B_c_ar12,ismi_coregoods_ar12_k2,ismi_coregoods_ar12_k3,ismi_coregoods_ar12_k4,share_pos2B_ar3,share_neg2B_ar3,share_pos3B_ar3,share_neg3B_ar3,share_pos4B_ar3,share_neg4B_ar3,ismi_goods_positive_ar3_k2,ismi_goods_negative_ar3_k2,ismi_goods_positive_ar3_k3,ismi_goods_negative_ar3_k3,ismi_goods_positive_ar3_k4,ismi_goods_negative_ar3_k4,ismi_services_positive_ar3_k2,ismi_services_negative_ar3_k2,ismi_services_positive_ar3_k3,ismi_services_negative_ar3_k3,ismi_services_positive_ar3_k4,ismi_services_negative_ar3_k4,ismi_housing_positive_ar3_k2,ismi_housing_negative_ar3_k2,ismi_housing_positive_ar3_k3,ismi_housing_negative_ar3_k3,ismi_housing_positive_ar3_k4,ismi_housing_negative_ar3_k4,share_pos2B_c_ar3,share_neg2B_c_ar3,share_pos3B_c_ar3,share_neg3B_c_ar3,share_pos4B_c_ar3,share_neg4B_c_ar3,ismi_coregoods_positive_ar3_k2,ismi_coregoods_negative_ar3_k2,ismi_coregoods_positive_ar3_k3,ismi_coregoods_negative_ar3_k3,ismi_coregoods_positive_ar3_k4,ismi_coregoods_negative_ar3_k4,share_diff2B_ar3,share_diff3B_ar3,share_diff4B_ar3,ismi_goods_ar3_k2,ismi_goods_ar3_k3,ismi_goods_ar3_k4,ismi_services_ar3_k2,ismi_services_ar3_k3,ismi_services_ar3_k4,ismi_housing_ar3_k2,ismi_housing_ar3_k3,ismi_housing_ar3_k4,share_diff2B_c_ar3,share_diff3B_c_ar3,share_diff4B_c_ar3,ismi_coregoods_ar3_k2,ismi_coregoods_ar3_k3,ismi_coregoods_ar3_k4,share_pos2B_ar1,share_neg2B_ar1,share_pos3B_ar1,share_neg3B_ar1,share_pos4B_ar1,share_neg4B_ar1,ismi_goods_positive_ar1_k2,ismi_goods_negative_ar1_k2,ismi_goods_positive_ar1_k3,ismi_goods_negative_ar1_k3,ismi_goods_positive_ar1_k4,ismi_goods_negative_ar1_k4,ismi_services_positive_ar1_k2,ismi_services_negative_ar1_k2,ismi_services_positive_ar1_k3,ismi_services_negative_ar1_k3,ismi_services_positive_ar1_k4,ismi_services_negative_ar1_k4,ismi_housing_positive_ar1_k2,ismi_housing_negative_ar1_k2,ismi_housing_positive_ar1_k3,ismi_housing_negative_ar1_k3,ismi_housing_positive_ar1_k4,ismi_housing_negative_ar1_k4,share_pos2B_c_ar1,share_neg2B_c_ar1,share_pos3B_c_ar1,share_neg3B_c_ar1,share_pos4B_c_ar1,share_neg4B_c_ar1,ismi_coregoods_positive_ar1_k2,ismi_coregoods_negative_ar1_k2,ismi_coregoods_positive_ar1_k3,ismi_coregoods_negative_ar1_k3,ismi_coregoods_positive_ar1_k4,ismi_coregoods_negative_ar1_k4,share_diff2B_ar1,share_diff3B_ar1,share_diff4B_ar1,ismi_goods_ar1_k2,ismi_goods_ar1_k3,ismi_goods_ar1_k4,ismi_services_ar1_k2,ismi_services_ar1_k3,ismi_services_ar1_k4,ismi_housing_ar1_k2,ismi_housing_ar1_k3,ismi_housing_ar1_k4,share_diff2B_c_ar1,share_diff3B_c_ar1,share_diff4B_c_ar1,ismi_coregoods_ar1_k2,ismi_coregoods_ar1_k3,ismi_coregoods_ar1_k4
1969-01,4.08097,.3068321,.2322215,.169898,.1037239,.1350141,.0671246,.183,.214,.119,.103,.103,.1,.434,.251,.223,.105,.168,.033,.677,0,.006,0,.006,0,.3760707,.2851934,.199921,.1204631,.1550469,.0750044,.302,.347,.196,.165,.169,.165,.0746106,.0661741,.0678895,-.031,.016,.002,.183,.118,.135,.677,.006,.006,.0908773,.0794579,.0800425,-.045,.03,.004,.351927,.1310976,.1690308,.0479637,.0943022,.0186509,.206,.122,.092,.016,.083,.016,.502,.141,.249,.081,.106,.021,.677,0,.006,0,.006,0,.4507025,.1567315,.215428,.0616997,.1192984,.0239922,.335,.199,.146,.027,.131,.027,.2208295,.1210671,.0756513,.085,.075,.066,.361,.168,.085,.677,.006,.006,.2939711,.1537283,.0953062,.136,.119,.104,.4159729,.1315329,.2266955,.0386252,.136138,.0093124,.283,.125,.192,0,.124,0,.552,.138,.262,.078,.149,.019,.671,0,0,0,0,0,.53309,.1549777,.2896068,.0383434,.1731153,.0006359,.462,.199,.312,0,.199,0,.2844399,.1880702,.1268256,.158,.192,.124,.414,.184,.13,.671,0,0,.3781123,.2512635,.1724794,.263,.312,.199
1969-02,3.935647,.1984699,.1314958,.1069739,.06283,.082865,.0604323,.169,.167,.044,.091,.023,.087,.229,.094,.173,.033,.145,.033,.006,0,.006,0,.006,0,.1831208,.1362855,.1189236,.0672769,.0878906,.0647531,.144,.221,.072,.145,.038,.138,.0669741,.0441438,.0224327,.002,-.047,-.063,.135,.139,.112,.006,.006,.006,.0468352,.0516467,.0231374,-.077,-.073,-.1,.3043897,.1115464,.2034881,.0261929,.1418886,.0090817,.269,.104,.158,.005,.068,0,.341,.119,.25,.049,.219,.019,.006,0,.006,0,.006,0,.3173458,.1115178,.2598155,.0217189,.1805242,.0116901,.303,.12,.255,.006,.106,0,.1928433,.1772952,.1328069,.165,.154,.068,.222,.202,.2,.006,.006,.006,.205828,.2380965,.1688342,.183,.249,.106,.2952342,.062986,.2269028,.0179732,.1641619,.0093731,.293,.054,.186,.005,.095,0,.297,.072,.27,.031,.236,.019,.006,0,0,0,0,0,.3264503,.0480993,.2920707,.0095369,.2113102,.0006309,.348,.035,.305,.004,.156,0,.2322482,.2089296,.1547888,.239,.18,.095,.225,.239,.217,.006,0,0,.278351,.2825338,.2106793,.313,.301,.156
1969-03,4.073079,.3167572,.12009,.1205011,.0345641,.0788483,.0073844,.328,.18,.099,.055,.03,.002,.305,.058,.143,.013,.129,.013,.042,0,.006,0,.006,0,.3278491,.1433368,.0940116,.0353254,.0827859,.009503,.386,.267,.057,.068,.05,.003,.1966672,.0859371,.0714639,.148,.044,.028,.247,.13,.117,.042,.006,.006,.1845123,.0586862,.0732829,.118,-.012,.046,.318828,.1030637,.1631189,.0434926,.1126394,.0163129,.386,.129,.202,.055,.133,.002,.249,.076,.122,.031,.091,.031,.042,0,.006,0,.006,0,.3499005,.1234782,.1675415,.0468156,.1449568,.0209932,.483,.189,.226,.068,.219,.003,.2157643,.1196263,.0963265,.257,.147,.131,.173,.091,.06,.042,.006,.006,.2264223,.1207259,.1239635,.294,.158,.216,.383954,.0456941,.2089439,.0076018,.1598743,.0004875,.434,.071,.251,.014,.164,0,.332,.019,.166,.001,.156,.001,.036,0,0,0,0,0,.4213974,.0496488,.2149015,.0006274,.2057438,.0006274,.531,.094,.277,0,.27,0,.3382598,.201342,.1593868,.363,.237,.164,.313,.165,.155,.036,0,0,.3717486,.2142741,.2051164,.437,.277,.27
1969-04,4.194308,.4748939,.1185167,.24367,.0355177,.0984968,.012998,.594,.088,.242,.069,.086,.025,.352,.15,.245,.001,.112,.001,.042,0,.042,0,.006,0,.3772759,.1526833,.2708242,.0457569,.0837997,.0167451,.436,.145,.291,.114,.033,.041,.3563771,.2081524,.0854988,.506,.173,.061,.202,.244,.111,.042,.042,.006,.2245926,.2250673,.0670546,.291,.177,-.008,.5019104,.0589578,.2798108,.0213497,.1462176,.0083415,.659,.034,.347,.015,.19,.015,.34,.085,.211,.027,.101,.001,.037,0,.037,0,0,0,.4113675,.0658361,.3173839,.0173861,.1452777,.0006279,.543,.031,.464,0,.204,0,.4429526,.2584612,.1378761,.625,.331,.174,.255,.184,.1,.037,.037,0,.3455315,.2999979,.1446498,.512,.464,.204,.5741379,.0185901,.3259218,.0083415,.196929,.0083415,.722,.034,.363,.015,.237,.015,.421,.003,.288,.001,.155,.001,.037,.006,.037,0,0,0,.4915706,.013831,.3652607,.0006279,.1990812,.0006279,.614,.031,.462,0,.254,0,.5555478,.3175803,.1885875,.688,.348,.222,.419,.287,.154,.031,.037,0,.4777396,.3646328,.1984533,.583,.462,.254
1969-05,4.225502,.42626,.0667974,.2909879,.026398,.1259333,.0225083,.51,.115,.431,.052,.155,.044,.34,.017,.147,0,.096,0,.328,0,.042,0,.042,0,.3041992,.0569942,.1510514,.0339153,.1183043,.0289179,.272,.144,.193,.086,.146,.073,.3594626,.2645899,.103425,.395,.379,.111,.322,.147,.096,.328,.042,.042,.247205,.1171361,.0893865,.128,.107,.073,.5028104,.0525553,.3084749,.0038897,.135629,0,.587,.071,.455,.008,.174,0,.417,.033,.157,0,.096,0,.322,0,.037,0,.037,0,.4549109,.0386963,.216829,.0049974,.1742515,0,.529,.072,.343,.013,.287,0,.4502551,.3045852,.135629,.515,.448,.174,.383,.157,.096,.322,.037,.037,.4162146,.2118316,.1742515,.457,.33,.287,.5353714,.0586492,.4068905,.0038897,.1950359,0,.618,.083,.566,.008,.245,0,.45,.033,.243,0,.144,0,.322,0,.037,0,.037,0,.4974645,.0465256,.3323966,.0049974,.2389819,0,.583,.092,.497,.013,.374,0,.4767222,.4030007,.1950359,.535,.558,.245,.417,.243,.144,.322,.037,.037,.4509389,.3273992,.2389819,.491,.484,.374
1969-06,4.380104,.4615715,.1081478,.3403579,.0152714,.2607839,0,.526,.088,.484,.03,.426,0,.395,.129,.193,0,.091,0,.291,0,.286,0,0,0,.3500256,.139117,.1948192,.0196446,.1131486,0,.298,.145,.23,.05,.186,0,.3534237,.3250864,.2607839,.438,.454,.426,.266,.193,.091,.291,.286,0,.2109086,.1751746,.1131486,.153,.18,.186,.6223972,.0978675,.4453688,.020579,.2681338,0,.588,.067,.531,.025,.42,0,.657,.129,.357,.016,.112,0,.963,0,.286,0,0,0,.6093522,.1253464,.38163,.0264721,.1652312,0,.534,.11,.439,.042,.285,0,.5245298,.4247898,.2681338,.521,.506,.42,.528,.342,.112,.963,.286,0,.4840058,.3551579,.1652312,.424,.397,.285,.5827985,.0841253,.4579165,.0349009,.3420771,0,.559,.057,.55,.037,.506,0,.608,.112,.364,.032,.174,0,.963,0,.286,0,0,0,.5584139,.0970528,.3984887,.0342789,.2494777,0,.484,.092,.472,.062,.4,0,.4986731,.4230156,.3420771,.502,.512,.506,.495,.331,.174,.963,.286,0,.4613611,.3642098,.2494777,.392,.41,.4
1969-07,4.508738,.4705901,.0924361,.3379023,.0271989,.2688074,.0107827,.55,.095,.376,.04,.365,.021,.39,.09,.299,.014,.171,0,.285,0,.285,0,.285,0,.3926708,.1165955,.2447396,.0349259,.1567358,.013846,.442,.152,.185,.066,.169,.035,.378154,.3107034,.2580247,.454,.336,.343,.301,.285,.171,.285,.285,.285,.2760752,.2098138,.1428898,.29,.119,.133,.6103893,.0818148,.4950713,.028983,.382759,.0107827,.582,.08,.455,.041,.447,.021,.64,.083,.535,.017,.317,0,.958,0,.958,0,.285,0,.5721855,.0954943,.4465588,.0366676,.3023397,.013846,.494,.108,.316,.066,.303,.035,.5285745,.4660883,.3719763,.501,.415,.426,.556,.518,.317,.958,.958,.285,.4766912,.4098912,.2884937,.386,.251,.268,.6582116,.0725566,.504694,.028983,.3954173,.0190441,.672,.087,.487,.041,.478,.038,.644,.058,.523,.017,.312,0,.958,0,.958,0,.285,0,.6442384,.0820543,.4589152,.0366676,.3193143,.0244543,.644,.115,.368,.066,.355,.062,.585655,.475711,.3763733,.585,.446,.44,.586,.506,.312,.958,.958,.285,.562184,.4222477,.29486,.529,.303,.293
1969-08,4.380561,.5544848,.1081334,.3439837,.0547685,.3170616,.0127377,.408,.11,.389,.057,.357,.025,.703,.106,.298,.052,.277,0,.994,0,.285,0,.285,0,.5106385,.1390992,.2398571,.0704524,.2171285,.0163853,.206,.183,.175,.095,.152,.042,.4463514,.2892152,.3043239,.298,.332,.332,.597,.246,.277,.994,.285,.285,.3715394,.1694046,.2007432,.023,.08,.11,.5716476,.112293,.4973718,.0410022,.4383507,.0208512,.502,.129,.459,.029,.358,.025,.642,.096,.536,.053,.519,.016,.994,0,.958,0,.958,0,.5327162,.101475,.4371704,.0527438,.3731509,.0268222,.362,.103,.29,.048,.154,.042,.4593546,.4563696,.4174996,.374,.43,.333,.546,.483,.503,.994,.958,.958,.4312411,.3844266,.3463286,.259,.242,.112,.4931591,.0656363,.4034312,.031704,.307337,.0225552,.28,.102,.248,.035,.112,.029,.709,.029,.561,.028,.506,.016,.994,0,.958,0,.958,0,.5917093,.0414574,.4762864,.040783,.3645772,.0290142,.403,.058,.35,.058,.155,.048,.4275227,.3717272,.2847818,.179,.213,.083,.68,.533,.489,.994,.958,.958,.5502519,.4355035,.335563,.345,.291,.107
1969-09,4.446309,.4515944,.1295621,.3783002,.0792096,.2749652,.0478097,.403,.137,.31,.073,.303,.053,.501,.122,.448,.085,.246,.043,.327,0,.321,0,.285,0,.3493729,.1667131,.2837024,.1019223,.1507369,.0615188,.124,.226,.043,.121,.033,.087,.3220322,.2990906,.2271555,.266,.237,.251,.379,.363,.203,.327,.321,.285,.1826598,.1817801,.0892181,-.102,-.078,-.054,.5689765,.0811901,.477733,.0523823,.4151497,.0139506,.493,.109,.383,.092,.352,.016,.647,.053,.575,.012,.479,.012,.964,0,.958,0,.958,0,.5019578,.0612403,.4116469,.0241721,.3311183,.0179508,.277,.07,.164,.042,.114,.027,.4877864,.4253507,.4011991,.384,.291,.336,.594,.562,.468,.964,.958,.958,.4407175,.3874748,.3131675,.207,.122,.087,.5109233,.0762912,.4067505,.0573926,.3348925,.0237958,.269,.104,.178,.086,.151,.019,.758,.048,.64,.028,.523,.028,.964,0,.958,0,.958,0,.5877289,.0549367,.4807815,.0306191,.3883187,.0306191,.315,.061,.234,.032,.188,.032,.434632,.3493579,.3110967,.165,.092,.131,.71,.612,.495,.964,.958,.958,.5327921,.4501624,.3576996,.253,.202,.156
1969-10,4.352824,.3444171,.0882038,.2556018,.0374829,.2061741,.0105228,.218,.131,.113,.073,.035,.02,.473,.045,.401,.002,.379,.001,.327,0,.327,0,.321,0,.3807225,.113194,.2800742,.0481028,.2364059,.0135042,.278,.215,.111,.119,.034,.034,.2562133,.2181189,.1956513,.087,.04,.015,.428,.399,.379,.327,.327,.321,.2675285,.2319714,.2229017,.063,-.009,.001,.4785883,.0956691,.3702961,.0370573,.3259643,.0370573,.263,.119,.182,.073,.101,.073,.697,.072,.561,.001,.554,.001,.958,0,.958,0,.958,0,.5544459,.0787775,.4288023,.0050978,.3901355,.0050978,.357,.084,.229,.012,.142,.012,.3829193,.3332388,.288907,.144,.109,.028,.625,.56,.553,.958,.958,.958,.4756683,.4237045,.3850377,.273,.217,.13,.5176954,.0700379,.4208979,.0428756,.3601533,.0428756,.322,.108,.211,.069,.136,.069,.716,.032,.634,.016,.587,.016,.958,0,.958,0,.958,0,.6039298,.0474226,.4937409,.0125646,.434011,.0125646,.451,.069,.276,.005,.2,.005,.4476575,.3780223,.3172776,.214,.142,.067,.684,.617,.571,.958,.958,.958,.5565072,.4811763,.4214464,.383,.271,.194
1969-11,4.443288,.4410079,.1003484,.2067743,.0329644,.1453562,.0095196,.262,.122,.118,.045,.058,.018,.621,.079,.296,.021,.234,.001,.994,0,.321,0,.321,0,.5362354,.1084602,.2347738,.0424257,.1671245,.0122518,.384,.149,.145,.075,.045,.031,.3406594,.1738098,.1358366,.14,.073,.039,.543,.276,.233,.994,.321,.321,.4277752,.1923481,.1548727,.235,.07,.014,.3829058,.1259711,.2909614,.0653727,.2188063,.0372748,.211,.176,.094,.115,.068,.074,.556,.076,.49,.015,.371,.001,.994,0,.958,0,.958,0,.4563447,.0986617,.3380111,.0413603,.2451466,.0051979,.304,.129,.109,.081,.067,.012,.2569348,.2255887,.1815316,.035,-.021,-.006,.48,.475,.371,.994,.958,.958,.3576831,.2966508,.2399487,.176,.029,.054,.5165485,.1122204,.405919,.0594828,.3058519,.0332361,.392,.148,.247,.103,.122,.066,.643,.076,.567,.015,.491,0,.994,0,.958,0,.958,0,.6147027,.0926897,.473859,.0337799,.3571754,0,.598,.113,.362,.061,.157,0,.4043281,.3464361,.2726158,.243,.144,.056,.567,.551,.491,.994,.958,.958,.5220129,.4400791,.3571754,.485,.3,.157
1969-12,4.681997,.4745404,.1457075,.3071899,.0464853,.1530245,.0151287,.368,.156,.097,.091,.043,.028,.581,.135,.517,.002,.263,.002,.994,0,.994,0,.321,0,.4198481,.1648176,.365617,.0392222,.1671804,.0194732,.149,.201,.114,.098,.024,.047,.328833,.2607047,.1378958,.212,.006,.015,.445,.515,.261,.994,.994,.321,.2550305,.3263947,.1477073,-.052,.017,-.023,.4428036,.1025358,.2765989,.0277771,.2416741,.0039921,.34,.155,.076,.055,.053,.007,.545,.05,.477,.001,.43,.001,1,0,.994,0,.959,0,.3910895,.1092484,.3383334,.0151416,.2933794,.0051385,.103,.2,.08,.038,.043,.012,.3402678,.2488219,.237682,.185,.021,.046,.496,.477,.429,1,.994,.959,.2818411,.3231918,.2882409,-.097,.042,.03,.547051,.0410765,.3844855,.0212772,.347638,.0039921,.46,.053,.197,.042,.175,.007,.633,.03,.572,.001,.52,.001,1,0,.994,0,.959,0,.5137308,.0440827,.4656589,.0185977,.41823,.0051385,.304,.065,.282,.047,.245,.012,.5059745,.3632082,.3436458,.408,.155,.167,.604,.571,.52,1,.994,.959,.4696481,.4470612,.4130915,.239,.235,.233
1970-01,4.649843,.2951228,.199018,.2470695,.0602183,.1062723,.0317502,.369,.284,.313,.102,.046,.061,.222,.114,.181,.018,.166,.002,.041,0,.035,0,.035,0,.1890587,.2153524,.1271934,.0569886,.1076514,.0203379,.15,.416,.057,.117,.032,.049,.0961048,.1868513,.0745221,.084,.211,-.015,.108,.163,.164,.041,.035,.035,-.0262937,.0702047,.0873135,-.267,-.06,-.017,.5458437,.208829,.4028499,.0922286,.2599684,.0259888,.408,.309,.328,.148,.062,.051,.683,.109,.477,.037,.457,.001,1,0,1,0,.994,0,.5118455,.2200658,.3277503,.0887379,.305525,.0129205,.216,.437,.083,.169,.058,.033,.3370147,.3106213,.2339796,.099,.18,.011,.574,.441,.457,1,1,.994,.2917797,.2390124,.2926045,-.221,-.086,.025,.5890766,.1759516,.4795077,.0389278,.3364399,.0217047,.455,.249,.384,.048,.118,.043,.723,.103,.575,.03,.555,.001,1,0,1,0,.994,0,.5638355,.1872002,.4248979,.041358,.4024328,.0191843,.284,.361,.172,.057,.147,.049,.413125,.4405799,.3147352,.206,.336,.075,.62,.545,.554,1,1,.994,.3766353,.3835399,.3832484,-.077,.115,.098
1970-02,4.785648,.2577172,.1414618,.1206515,.0641788,.082756,.022994,.216,.133,.12,.045,.069,.029,.3,.15,.122,.083,.096,.017,.006,0,.006,0,0,0,.3032469,.1188676,.1267061,.0624224,.0777004,.0297354,.315,.107,.155,.071,.07,.05,.1162553,.0564728,.0597619,.083,.075,.04,.15,.038,.08,.006,.006,0,.1843793,.0642838,.047965,.209,.084,.02,.4637617,.0877963,.3602512,.0666091,.3143601,.0177024,.461,.101,.387,.089,.334,.035,.467,.075,.334,.045,.295,.001,.679,0,.679,0,.679,0,.4045514,.0939102,.2714033,.0671181,.2236213,.0228924,.297,.168,.174,.15,.085,.059,.3759654,.2936421,.2966577,.36,.298,.299,.392,.289,.295,.679,.679,.679,.3106412,.2042852,.2007289,.129,.024,.026,.5264741,.0981092,.48298,.0803193,.3792164,.0104369,.502,.126,.425,.116,.348,.02,.551,.07,.541,.045,.41,.001,.679,0,.679,0,.679,0,.4856496,.1072466,.4301135,.0848478,.2959287,.0134968,.367,.211,.238,.196,.109,.034,.4283649,.4026606,.3687795,.376,.308,.328,.481,.497,.41,.679,.679,.679,.3784031,.3452656,.2824319,.155,.042,.074
1970-03,4.57389,.1986192,.3345231,.1303597,.093845,.0576506,.0087004,.204,.374,.148,.102,.062,.017,.194,.296,.113,.086,.053,0,0,.673,0,0,0,0,.2335174,.2224068,.1671667,.0777051,.0742399,.011204,.283,.08,.246,.058,.104,.028,-.1359039,.0365147,.0489501,-.17,.046,.045,-.102,.027,.053,-.673,0,0,.0111106,.0894616,.0630359,.202,.189,.076,.3772319,.0978514,.2748426,.0480984,.1704296,.0307338,.268,.05,.158,.033,.084,.032,.485,.145,.39,.063,.256,.029,.673,.036,.673,0,.673,0,.4462132,.1045371,.3359116,.0426366,.2021579,.0208095,.345,.076,.217,.054,.095,.054,.2793805,.2267442,.1396958,.218,.125,.052,.34,.327,.226,.637,.673,.673,.3416761,.293275,.1813484,.269,.164,.042,.4515971,.0558793,.3599778,.0404784,.3164709,.0353459,.312,.058,.208,.042,.131,.041,.589,.054,.51,.039,.5,.029,.673,0,.673,0,.673,0,.5419775,.0526565,.4455449,.032824,.3902235,.0267487,.419,.095,.302,.069,.174,.069,.3957179,.3194993,.281125,.254,.166,.09,.535,.471,.47,.673,.673,.673,.489321,.4127209,.3634748,.324,.233,.105
1970-04,4.637518,.136798,.1970224,.0618202,.0225719,.055942,.0184697,.172,.124,.062,.025,.062,.024,.102,.269,.062,.02,.05,.013,0,.673,0,0,0,0,.1766667,.2544431,.0798372,.0291504,.0722458,.0238525,.291,.209,.105,.042,.105,.041,-.0602245,.0392482,.0374723,.049,.037,.038,-.167,.041,.037,-.673,0,0,-.0777764,.0506868,.0483933,.082,.063,.064,.3852663,.1125845,.2798141,.0164502,.2156092,.0109989,.273,.115,.143,.022,.059,.022,.496,.11,.414,.011,.37,0,.673,.036,.673,.036,.673,0,.4802097,.1453964,.3440243,.0212444,.2611073,.0142045,.415,.194,.196,.038,.054,.037,.2726818,.263364,.2046102,.158,.121,.037,.386,.404,.369,.637,.637,.673,.3348134,.3227799,.2469028,.221,.158,.017,.4107718,.0954053,.3615415,.0167554,.30157,.0154206,.244,.126,.165,.033,.11,.031,.575,.065,.555,0,.49,0,.673,0,.673,0,.673,0,.5109102,.1232104,.4495705,.0216386,.3721208,.0199149,.361,.213,.234,.056,.14,.052,.3153665,.3447861,.2861494,.118,.132,.08,.509,.554,.489,.673,.673,.673,.3876998,.4279319,.3522059,.148,.177,.089
1970-05,4.556782,.284222,.1698917,.083438,.1196949,.0296847,.0016147,.384,.068,.118,.013,.033,.003,.186,.27,.05,.224,.026,0,.006,.673,0,.673,0,0,.1917088,.2166914,.1075422,.1542733,.0382603,.0020812,.215,.108,.199,.022,.056,.005,.1143303,-.0362569,.02807,.316,.105,.03,-.083,-.175,.026,-.667,-.673,0,-.0249827,-.046731,.0361791,.107,.177,.05,.4453764,.102307,.2054222,.0507125,.1471266,.0051524,.478,.059,.146,0,.03,0,.413,.145,.264,.1,.261,.01,.679,.036,.673,.036,.673,.036,.3396918,.1295824,.2478813,.0653627,.1896296,.0066408,.216,.093,.2,0,.051,0,.3430694,.1547097,.1419742,.419,.146,.03,.269,.164,.251,.643,.637,.637,.2101094,.1825186,.1829887,.122,.2,.051,.4165471,.0697513,.2181074,.0356531,.2164691,.0032232,.389,.043,.057,.007,.057,.007,.443,.096,.376,.064,.373,0,.679,.036,.673,0,.673,0,.3025339,.088331,.2642311,.0459529,.2621194,.0041543,.067,.068,.051,.011,.051,.011,.3467958,.1824543,.2132459,.346,.05,.05,.347,.312,.373,.643,.673,.673,.2142029,.2182782,.2579651,-.002,.04,.04
1970-06,4.342092,.2004196,.2535385,.0291364,.1307713,.0099015,.1117746,.183,.161,.015,.038,.003,0,.218,.344,.043,.222,.016,.222,.006,.673,.006,.673,0,.673,.2201658,.2786737,.0259505,.166225,.0127586,.1440273,.236,.145,.024,.058,.006,0,-.0531189,-.1016349,-.101873,.022,-.023,.003,-.126,-.178,-.205,-.667,-.667,-.673,-.0585079,-.1402746,-.1312687,.091,-.035,.006,.3617111,.1228902,.2253828,.0345549,.2033741,.0212382,.246,.071,.113,.026,.102,0,.475,.174,.336,.043,.303,.042,.964,0,.679,0,.673,0,.4377442,.1553278,.2620781,.0438077,.245312,.0273665,.368,.111,.144,.041,.127,0,.2388209,.1908279,.1821359,.175,.087,.102,.301,.293,.261,.964,.679,.673,.2824164,.2182704,.2179455,.257,.103,.127,.3568639,.1476837,.2396335,.0313109,.2238433,.0211604,.191,.139,.065,.02,.054,0,.52,.156,.411,.042,.391,.042,.964,0,.679,0,.673,0,.4314983,.1902981,.2804408,.0403458,.2716877,.0272663,.275,.234,.064,.034,.047,0,.2091802,.2083225,.202683,.051,.045,.054,.364,.369,.349,.964,.679,.673,.2412002,.240095,.2444215,.041,.029,.047
1970-07,4.270697,.2084955,.4516037,.1394715,.2013638,.0165504,.1030269,.282,.409,.177,.1,.008,.018,.137,.493,.103,.3,.025,.187,.006,.994,.006,.673,0,.673,.2038902,.3714857,.1419141,.2125204,.0097523,.1311493,.382,.133,.227,.045,.012,.025,-.2431082,-.0618923,-.0864765,-.127,.077,-.01,-.356,-.198,-.162,-.989,-.667,-.673,-.1675955,-.0706063,-.121397,.249,.182,-.014,.3911009,.2192047,.2635981,.0163833,.1853039,.0044842,.37,.337,.243,.026,.111,.009,.412,.103,.283,.007,.258,0,.715,0,.679,0,.679,0,.4486753,.1166892,.3113732,.0188031,.2105233,.0057761,.555,.13,.364,.038,.142,.015,.1718962,.2472148,.1808197,.032,.217,.103,.308,.277,.257,.715,.679,.679,.3319861,.2925701,.2047473,.425,.326,.127,.3736206,.1665687,.2711646,.0113622,.1888721,.0044842,.287,.303,.183,.023,.033,.009,.458,.033,.357,0,.342,0,.715,0,.679,0,.679,0,.4246005,.0511893,.3211196,.0146355,.2317182,.0057761,.412,.078,.263,.038,.054,.015,.2070519,.2598024,.1843879,-.016,.16,.024,.425,.357,.341,.715,.679,.679,.3734111,.3064841,.2259421,.334,.224,.039
1970-08,4.259502,.2144873,.392976,.1310727,.2610336,.0909754,.2025191,.261,.182,.129,.109,.1,.097,.17,.598,.133,.409,.082,.305,.006,.709,.006,.709,.006,.673,.2266307,.4613516,.1199784,.2915284,.095841,.2162144,.387,.189,.168,.066,.141,.045,-.1784888,-.1299609,-.1115438,.078,.02,.003,-.428,-.276,-.223,-.704,-.704,-.668,-.2347208,-.17155,-.1203734,.198,.102,.096,.3018434,.1424518,.2454092,.0676298,.2168158,.0164063,.293,.069,.205,.039,.179,.027,.31,.213,.285,.095,.253,.006,.679,0,.679,0,.679,0,.3264216,.1809978,.2767713,.0846943,.2674406,.0187645,.409,.111,.321,.06,.3,.039,.1593916,.1777795,.2004096,.224,.165,.153,.097,.19,.247,.679,.679,.679,.1454239,.192077,.2486762,.298,.261,.261,.3811714,.1006427,.2650477,.0219963,.2124702,.011305,.341,.075,.165,.045,.113,.023,.42,.126,.362,0,.309,0,.715,0,.715,0,.679,0,.435803,.1295373,.302048,.0283115,.2618474,.0145507,.508,.126,.254,.075,.188,.039,.2805287,.2430514,.2011652,.266,.12,.09,.294,.362,.309,.715,.715,.679,.3062657,.2737365,.2472967,.382,.179,.15
1970-09,4.290661,.3054217,.3204744,.1533097,.2216487,.1132305,.1737108,.462,.12,.182,.022,.101,.016,.153,.515,.125,.415,.125,.326,.006,.673,.006,.673,.006,.673,.1912832,.4106923,.1575106,.2835695,.1066508,.2219054,.322,.197,.281,.033,.146,.023,-.0150527,-.068339,-.0604803,.342,.16,.084,-.362,-.29,-.201,-.668,-.668,-.668,-.2194092,-.1260589,-.1152546,.125,.248,.123,.4537154,.1977663,.2714965,.0526446,.2112919,.0162535,.554,.111,.23,.033,.122,.027,.356,.282,.312,.072,.298,.006,.679,0,.679,0,.679,0,.3820383,.251978,.3095383,.065303,.2327905,.018492,.477,.18,.361,.048,.182,.038,.2559491,.218852,.1950385,.443,.197,.095,.074,.24,.292,.679,.679,.679,.1300603,.2442352,.2142986,.297,.313,.144,.5172681,.1705572,.3209492,.0591815,.2445095,.0156332,.594,.096,.255,.038,.129,.032,.443,.242,.384,.08,.356,0,.715,0,.715,0,.715,0,.4637882,.2193934,.3731509,.0761271,.2755195,.0201095,.543,.162,.404,.063,.194,.053,.3467109,.2617677,.2288764,.497,.218,.098,.201,.304,.356,.715,.715,.715,.2443948,.2970238,.25541,.381,.341,.141
1970-10,4.439229,.3331979,.2996899,.1578092,.2460034,.1245926,.2095626,.391,.124,.189,.046,.165,.017,.278,.47,.128,.439,.086,.396,.041,.674,.005,.674,.005,.674,.3312305,.3598552,.1642898,.3154324,.1410159,.2684799,.479,.138,.296,.074,.255,.024,.033508,-.0881942,-.08497,.267,.143,.148,-.192,-.312,-.31,-.632,-.668,-.668,-.0286247,-.1511426,-.127464,.341,.223,.231,.4854766,.1924657,.3121894,.148006,.2561814,.0447784,.407,.101,.273,.036,.204,.019,.561,.281,.35,.256,.306,.07,.715,0,.679,0,.679,0,.5436948,.2232341,.3632021,.1882734,.2910383,.0552689,.551,.105,.437,.055,.322,.025,.2930108,.1641834,.2114031,.306,.236,.185,.28,.095,.237,.715,.679,.679,.3204607,.1749288,.2357694,.446,.382,.296,.4964284,.0765126,.3544642,.0638766,.2885742,.0394891,.425,.037,.271,.017,.229,.015,.565,.115,.435,.109,.346,.064,.715,0,.715,0,.715,0,.5578058,.0961571,.4176715,.0823023,.3522993,.05088,.581,.056,.435,.029,.364,.024,.4199158,.2905877,.2490851,.388,.254,.214,.45,.326,.283,.715,.715,.715,.4616486,.3353693,.3014192,.525,.406,.339
1970-11,4.40189,.325039,.3498933,.2566446,.1956571,.1438901,.1788202,.321,.31,.275,.046,.187,.012,.329,.388,.239,.339,.102,.339,.326,.674,.041,.674,.005,.674,.3366565,.2868356,.2486608,.2502028,.1464627,.2285405,.404,.085,.327,.073,.294,.015,-.0248543,.0609875,-.0349301,.011,.229,.176,-.059,-.1,-.237,-.347,-.633,-.668,.0498208,-.001542,-.0820778,.32,.253,.279,.4554598,.224903,.3776172,.0611318,.2623714,.0500277,.396,.352,.327,.026,.239,.003,.513,.103,.427,.095,.285,.095,.964,0,.679,0,.679,0,.5044552,.1099765,.4043033,.0786518,.3185023,.0643653,.531,.114,.414,.043,.381,.005,.2305569,.3164853,.2123436,.043,.301,.236,.41,.332,.19,.964,.679,.679,.3944787,.3256515,.254137,.417,.371,.376,.5539779,.209977,.3926358,.0500277,.3011021,.0500277,.367,.33,.281,.003,.194,.003,.734,.095,.5,.095,.404,.095,.964,0,.679,0,.679,0,.6186512,.0907729,.4236262,.0643653,.3487307,.0643653,.448,.076,.338,.005,.305,.005,.3440009,.3426081,.2510744,.037,.278,.191,.639,.404,.309,.964,.679,.679,.5278783,.3592609,.2843654,.372,.333,.3
1970-12,4.387442,.3489146,.1531073,.2588678,.0947364,.2056845,.0833543,.418,.093,.318,.027,.293,.017,.283,.21,.203,.159,.124,.145,.321,0,.321,0,.036,0,.3644428,.1797538,.2715804,.1207157,.2029532,.1075594,.512,.11,.404,.042,.36,.03,.1958073,.1641315,.1223302,.325,.291,.275,.074,.044,-.022,.321,.321,.036,.184689,.1508647,.0953937,.401,.362,.331,.4811266,.0832263,.3650533,.0582964,.2960846,.0198794,.415,.12,.356,.08,.301,.008,.543,.048,.373,.038,.292,.031,.964,0,.964,0,.679,0,.5479956,.0890102,.4086009,.0574108,.3196045,.0256522,.542,.155,.469,.088,.374,.014,.3979003,.3067569,.2762052,.295,.276,.292,.495,.335,.261,.964,.964,.679,.4589854,.3511901,.2939523,.387,.381,.36,.4902438,.0737146,.4213026,.0503565,.2917224,.0157929,.373,.1,.291,.071,.256,0,.601,.048,.544,.031,.325,.031,.959,0,.959,0,.674,0,.5597603,.0767364,.4811844,.0471652,.3139756,.020379,.469,.122,.357,.073,.298,0,.4165292,.3709461,.2759295,.272,.22,.256,.553,.514,.295,.959,.959,.674,.483024,.4340191,.2935966,.347,.284,.298
1971-01,4.249642,.3330834,.1099236,.1571511,.0562463,.1342051,.0217996,.382,.054,.279,.028,.247,.008,.286,.163,.041,.083,.027,.035,.71,.005,0,0,0,0,.3655587,.1226538,.138871,.0726591,.1218969,.0281608,.478,.092,.302,.048,.283,.014,.2231598,.1009047,.1124055,.328,.25,.239,.123,-.041,-.008,.704,0,0,.2429048,.0662118,.0937361,.386,.254,.269,.4116266,.1265685,.3446728,.0680686,.2553245,.0535135,.355,.126,.273,.09,.265,.07,.465,.127,.413,.047,.246,.038,.674,0,.674,0,.674,0,.4690899,.1277018,.3825988,.0714772,.2671783,.0526749,.467,.171,.326,.109,.313,.075,.2850581,.2766042,.201811,.229,.183,.195,.338,.366,.208,.674,.674,.674,.3413881,.3111216,.2145035,.296,.217,.239,.4104322,.0942071,.3616844,.0589161,.3519609,.0455734,.383,.117,.301,.07,.287,.061,.436,.072,.42,.048,.414,.031,.674,.005,.674,0,.674,0,.467547,.105243,.4045743,.0596539,.3920135,.0424178,.515,.155,.374,.075,.351,.06,.3162251,.3027683,.3063875,.266,.231,.226,.364,.372,.383,.669,.674,.674,.362304,.3449204,.3495957,.36,.299,.291
1971-02,4.148601,.2148254,.2037894,.1015723,.0570436,.0723465,.0125387,.206,.149,.15,.017,.104,.008,.223,.257,.054,.096,.042,.017,.035,0,.035,0,.035,0,.2554071,.2330536,.1271995,.0542806,.0902816,.0160945,.291,.223,.242,.029,.166,.014,.011036,.0445287,.0598078,.057,.133,.095,-.034,-.041,.025,.035,.035,.035,.0223534,.072919,.0741871,.068,.213,.152,.3022825,.1915776,.2435868,.0732871,.2299892,.0330548,.174,.177,.139,.079,.113,.076,.427,.206,.346,.068,.344,-.008,.674,0,.674,0,.674,0,.3727843,.2016638,.3014733,.0594157,.2840196,.0267141,.28,.228,.231,.09,.188,.085,.1107048,.1702997,.1969344,-.003,.06,.038,.221,.278,.352,.674,.674,.674,.1711206,.2420576,.2573055,.052,.141,.104,.3651458,.153444,.3087751,.0420913,.2951775,.033114,.291,.148,.246,.067,.22,.067,.438,.159,.37,.018,.368,0,.674,0,.674,0,.674,0,.4534753,.171656,.3851486,.0383132,.3676948,.02679,.474,.18,.409,.07,.367,.07,.2117018,.2666838,.2620635,.143,.178,.153,.279,.353,.368,.674,.674,.674,.2818193,.3468353,.3409047,.294,.339,.296
1971-03,4.228257,.2274006,.3372431,.0319999,.1083427,.0160272,.0303602,.298,.278,.026,.043,.015,.017,.16,.395,.038,.171,.017,.043,.285,.674,0,0,0,0,.119156,.3577321,.0378549,.119507,.0199681,.0195304,.07,.316,.034,.072,.023,.029,-.1098425,-.0763428,-.014333,.02,-.018,-.003,-.235,-.133,-.026,-.389,0,0,-.2385761,-.081652,.0004378,-.246,-.038,-.006,.3416691,.2529684,.1466009,.1075906,.1330303,.0369247,.316,.32,.044,.088,.033,.044,.366,.188,.246,.126,.229,.03,.959,0,.674,0,.674,0,.2662319,.2246521,.1738599,.0935061,.1590527,.0123655,.103,.32,.066,.08,.055,.033,.0887007,.0390104,.0961056,-.004,-.044,-.011,.178,.119,.2,.959,.674,.674,.0415798,.0803538,.1466872,-.218,-.014,.023,.3739603,.1618053,.1844161,.0762,.1680961,.0159536,.317,.192,.048,.058,.036,.032,.429,.133,.316,.094,.295,0,.959,0,.674,0,.674,0,.3076306,.140128,.2223405,.0726549,.2040083,.0048722,.103,.142,.073,.03,.06,.013,.212155,.1082161,.1521425,.125,-.01,.004,.297,.222,.295,.959,.674,.674,.1675026,.1496856,.1991361,-.038,.043,.047
1971-04,4.118769,.254651,.3329927,.2082698,.2173138,.0207111,.0211085,.32,.247,.283,.178,.015,.008,.192,.415,.137,.255,.026,.033,.285,.715,.285,.674,0,0,.15787,.3843898,.0985175,.2363594,.0259161,.0270119,.116,.3,.055,.185,.024,.014,-.0783417,-.009044,-.0003974,.072,.105,.007,-.223,-.118,-.008,-.43,-.389,0,-.2265198,-.1378419,-.0010958,-.184,-.13,.01,.4036451,.212566,.3190147,.125607,.1388724,.0306672,.345,.236,.298,.207,.031,.031,.46,.19,.339,.047,.243,.03,.96,.035,.96,0,.674,0,.3459135,.2208664,.2382019,.1095879,.1636341,.0298264,.151,.256,.075,.209,.044,.027,.1910791,.1934076,.1082053,.109,.091,0,.27,.292,.212,.924,.96,.674,.1250471,.128614,.1338078,-.105,-.134,.017,.4346026,.1769766,.3392361,.0888387,.1415278,.0294091,.367,.156,.303,.132,.039,.031,.5,.197,.374,.048,.24,.028,.96,.035,.96,0,.674,0,.3536797,.1753237,.2640786,.0625367,.1670322,.0282165,.154,.124,.083,.083,.057,.027,.2576261,.2503973,.1121188,.21,.171,.007,.303,.327,.213,.924,.96,.674,.1783559,.2015419,.1388157,.03,-.001,.03
1971-05,4.213757,.2220457,.1370625,.0584457,.0866922,.0341469,.0618867,.245,.135,.039,.112,.033,.091,.2,.139,.077,.062,.035,.034,0,.005,0,.005,0,0,.2668824,.1338977,.0742544,.0693983,.0431397,.0376347,.36,.113,.064,.076,.053,.041,.0849832,-.0282465,-.0277398,.11,-.072,-.058,.06,.014,.001,-.005,-.005,0,.1329848,.0048561,.0055049,.247,-.012,.012,.4939246,.0964212,.3041208,.0701842,.2589425,.0582439,.484,.128,.291,.112,.292,.107,.503,.066,.317,.03,.227,.011,.68,0,.674,0,.674,0,.4521558,.0818564,.2298446,.0482598,.1719934,.0329701,.378,.103,.062,.076,.063,.067,.3975033,.2339366,.2006986,.356,.179,.185,.438,.287,.216,.68,.674,.674,.3702994,.1815848,.1390233,.276,-.014,-.005,.5119773,.0953744,.3533674,.0766509,.2959366,.067128,.577,.113,.303,.111,.293,.111,.449,.078,.402,.043,.299,.025,.965,0,.96,0,.96,0,.4752724,.0799303,.2735234,.0565404,.2193645,.0443462,.533,.076,.081,.075,.065,.074,.4166029,.2767165,.2288086,.464,.191,.182,.371,.359,.274,.965,.96,.96,.3953421,.216983,.1750183,.457,.007,-.009
1971-06,4.389156,.2394615,.1580808,.1102174,.0918736,.0134084,.0556158,.295,.135,.113,.093,.006,.079,.187,.18,.108,.091,.02,.034,.035,0,0,0,0,0,.2826598,.1614427,.1254656,.0767726,.0171476,.0304037,.427,.116,.146,.046,.011,.022,.0813807,.0183438,-.0422074,.16,.02,-.072,.007,.017,-.014,.035,0,0,.1212171,.048693,-.0132562,.311,.101,-.012,.5425562,.0864507,.3932565,.0231214,.2554367,.0102498,.509,.081,.387,.017,.255,.008,.575,.092,.399,.029,.256,.012,.715,0,.68,0,.675,0,.500815,.0950711,.3273467,.0295692,.1705115,.0131082,.382,.093,.227,.028,.009,.014,.4561056,.3701351,.2451869,.427,.37,.247,.483,.37,.244,.715,.68,.675,.4057439,.2977775,.1574033,.289,.2,-.005,.547548,.0919228,.4191936,.0192582,.3203778,.0102498,.467,.063,.419,.009,.266,.008,.625,.12,.42,.029,.372,.012,1,0,.965,0,.96,0,.5071989,.1020693,.3605167,.0246287,.2341445,.0131082,.313,.063,.28,.015,.027,.014,.4556251,.3999354,.310128,.404,.41,.258,.505,.391,.36,1,.965,.96,.4051296,.3358881,.2210363,.25,.265,.013
1971-07,4.327644,.3351878,.3037336,.1234958,.0917201,.0803623,.0596258,.465,.187,.114,.088,.073,.067,.21,.416,.132,.096,.087,.053,.035,.68,.035,0,0,0,.2378775,.3454287,.142404,.0758248,.0872853,.0348126,.318,.196,.148,.036,.08,.001,.0314541,.0317757,.0207365,.278,.027,.006,-.207,.037,.035,-.645,.035,0,-.1075512,.0665792,.0524727,.121,.112,.079,.2390019,.1759679,.1719867,.0703377,.0749677,.0218997,.283,.224,.212,.073,.108,.016,.197,.13,.134,.067,.043,.027,.04,0,.04,0,.005,0,.2507569,.2081359,.1909123,.0744753,.0957985,.0279848,.403,.325,.324,.081,.179,.027,.063034,.1016489,.053068,.059,.138,.092,.067,.066,.015,.04,.04,.005,.042621,.116437,.0678137,.078,.244,.152,.3418841,.1365213,.279053,.0621709,.2304764,.0190117,.223,.171,.161,.055,.133,.009,.456,.103,.393,.069,.324,.029,.715,0,.715,0,.68,0,.393486,.1577286,.3277284,.0640392,.2752959,.0242943,.305,.238,.241,.051,.22,.015,.2053628,.2168822,.2114647,.052,.106,.124,.353,.324,.296,.715,.715,.68,.2357574,.2636892,.2510016,.066,.19,.205
1971-08,4.353695,.3515148,.2759984,.2578164,.0679472,.0972869,.0405648,.431,.144,.361,.049,.073,.01,.276,.401,.16,.085,.12,.07,.035,.965,.035,.005,.035,0,.2618636,.3283827,.1545157,.0866752,.1241018,.0517456,.269,.204,.184,.082,.121,.016,.0755164,.1898692,.0567221,.287,.311,.063,-.125,.075,.051,-.93,.03,.035,-.0665191,.0678405,.0723562,.065,.103,.104,.1870705,.1925421,.109465,.086265,.073891,.0444325,.147,.156,.087,.136,.052,.062,.225,.227,.131,.039,.095,.027,.035,.285,.035,0,.035,0,.1952661,.2301555,.099001,.0945858,.065068,.0412231,.209,.217,.117,.183,.061,.062,-.0054716,.0231999,.0294585,-.009,-.049,-.011,-.002,.092,.067,-.25,.035,.035,-.0348895,.0044153,.0238449,-.008,-.067,-.002,.3278756,.1349629,.2520086,.0724701,.2083445,.0372767,.177,.122,.087,.108,.052,.048,.471,.147,.409,.039,.357,.027,.71,0,.71,0,.71,0,.3856569,.156706,.2916096,.0769886,.2365804,.032095,.258,.161,.117,.137,.061,.039,.1929127,.1795384,.1710678,.055,-.021,.004,.324,.37,.33,.71,.71,.71,.2289509,.2146209,.2044854,.097,-.021,.022
1971-09,4.067976,.2524811,.3464144,.1665106,.2167904,.1449151,.039365,.432,.255,.302,.074,.287,.033,.083,.433,.038,.352,.011,.045,.035,.96,.035,.96,.035,0,.118056,.4167693,.0576225,.2522279,.0328624,.0501291,.169,.384,.086,.088,.069,.054,-.0939332,-.0502798,.1055502,.177,.228,.254,-.35,-.313,-.035,-.926,-.926,.035,-.2987133,-.1946054,-.0172667,-.215,-.001,.015,.2468819,.1633102,.0611449,.0818864,.0198591,.027687,.212,.169,.075,.056,.013,.056,.28,.158,.048,.107,.026,0,.71,0,.035,0,.035,0,.2515307,.1793168,.0751241,.0889241,.0252895,.0199042,.212,.202,.117,.051,.022,.052,.0835717,-.0207415,-.0078279,.043,.02,-.043,.122,-.059,.026,.71,.035,.035,.0722138,-.0138,.0053852,.01,.066,-.031,.3261169,.1525955,.1933606,.0719703,.1600928,.0243845,.251,.169,.108,.049,.06,.049,.397,.137,.274,.094,.255,.001,.995,0,.71,0,.71,0,.3517418,.1656722,.2428034,.0762965,.2031792,.0156986,.274,.202,.169,.04,.097,.041,.1735214,.1213904,.1357084,.082,.059,.011,.26,.18,.254,.995,.71,.71,.1860696,.1665068,.1874805,.072,.13,.057
1971-10,3.739666,.2182373,.5329166,.2109708,.2777101,.1383003,.2076076,.377,.284,.368,.147,.256,.056,.066,.771,.06,.403,.026,.353,.04,.96,.035,.96,.035,.96,.0863569,.637335,.077113,.3422287,.0265328,.2530492,.114,.438,.1,.24,.026,.091,-.3146793,-.0667392,-.0693073,.093,.221,.2,-.705,-.343,-.328,-.921,-.926,-.926,-.5509781,-.2651157,-.2265164,-.324,-.141,-.065,.156888,.449542,.0912891,.0789889,.035195,.0711277,.156,.409,.123,.033,.025,.033,.158,.488,.061,.123,.045,.107,.324,0,.035,0,.035,0,.1577159,.3929231,.0742654,.1004842,.0447727,.0904838,.145,.249,.092,.055,.041,.055,-.292654,.0123002,-.0359327,-.253,.09,-.008,-.33,-.062,-.062,.324,.035,.035,-.2352072,-.0262188,-.0457111,-.105,.037,-.013,.1381432,.4041043,.1299231,.2029063,.0302595,.1786075,.145,.38,.129,.273,.025,.266,.132,.427,.13,.135,.035,.095,.29,0,.284,0,0,0,.1338701,.3358127,.123413,.1087201,.0384941,.0778089,.127,.203,.102,.055,.041,.043,-.2659611,-.0729833,-.148348,-.235,-.144,-.241,-.296,-.005,-.059,.29,.284,0,-.2019426,.0146929,-.0393148,-.077,.047,-.002
1971-11,3.559265,.2162808,.4684203,.1587929,.4048668,.1587929,.2175227,.397,.272,.279,.191,.279,.132,.045,.655,.045,.608,.045,.298,.035,.961,.035,.961,.035,.961,.1115571,.5860891,.0524995,.5149372,.0524995,.2766602,.218,.42,.061,.312,.061,.217,-.2521394,-.2460738,-.0587298,.125,.088,.147,-.61,-.563,-.253,-.926,-.926,-.926,-.474532,-.4624376,-.2241606,-.202,-.251,-.155,.1112444,.2744825,.033122,.2218449,.033122,.0597705,.125,.165,.007,.087,.007,.024,.098,.378,.058,.35,.058,.094,.035,0,.035,0,.035,0,.1274288,.3394258,.0421268,.2821575,.0421268,.0760202,.168,.245,.012,.142,.012,.039,-.1632381,-.1887229,-.0266485,-.04,-.079,-.016,-.28,-.292,-.037,.035,.035,.035,-.211997,-.2400306,-.0338934,-.077,-.13,-.027,.0968851,.2888447,.0280441,.1948416,.0280441,.0728335,.128,.195,.007,.089,.007,.024,.067,.378,.048,.295,.048,.12,0,0,0,0,0,0,.1091655,.3576926,.0356683,.2478128,.0356683,.0926346,.173,.294,.012,.146,.012,.039,-.1919596,-.1667975,-.0447895,-.067,-.082,-.016,-.311,-.248,-.072,0,0,0,-.2485271,-.2121445,-.0569663,-.121,-.134,-.027
1971-12,3.511873,.219512,.3811496,.1392002,.3228216,.1351194,.2904403,.324,.215,.266,.153,.257,.119,.12,.539,.019,.484,.019,.454,0,.966,0,.961,0,.961,.1103008,.4768668,.0283039,.4027567,.023119,.3690264,.112,.332,.042,.231,.028,.194,-.1616375,-.1836214,-.1553209,.109,.113,.139,-.419,-.465,-.435,-.966,-.961,-.961,-.366566,-.3744527,-.3459074,-.22,-.189,-.166,.3866702,.2321164,.0830915,.1460926,.0092504,.1092837,.419,.237,.114,.088,0,.016,.356,.227,.054,.201,.018,.198,.677,0,0,0,0,0,.3101115,.2431213,.0929977,.1753945,.0117534,.1388532,.234,.252,.153,.117,0,.026,.1545538,-.0630011,-.1000333,.181,.026,-.016,.129,-.147,-.18,.677,0,0,.0669902,-.0823969,-.1270998,-.018,.036,-.026,.3624865,.2208477,.0632535,.1430216,.0005035,.0974117,.415,.206,.114,.057,0,.016,.312,.235,.015,.225,.001,.175,.677,.005,0,0,0,0,.2793843,.2316182,.067792,.1743072,.0006397,.1237689,.228,.208,.153,.073,0,.026,.1416387,-.0797681,-.0969082,.209,.057,-.016,.077,-.21,-.174,.672,0,0,.047766,-.1065152,-.1231292,.02,.08,-.026
1972-01,3.702117,.2976259,.2677976,.2004687,.1916827,.1350643,.1862396,.402,.128,.297,.052,.259,.043,.2,.4,.11,.323,.019,.321,0,.995,0,.961,0,.961,.2054451,.3195567,.085484,.2362315,.0230224,.2293229,.227,.155,.064,.067,.029,.052,.0298283,.008786,-.0511752,.274,.244,.216,-.2,-.213,-.302,-.995,-.961,-.961,-.1141117,-.1507475,-.2063005,.072,-.003,-.023,.4678943,.1875039,.3440183,.101255,.0616415,.019421,.421,.214,.355,.162,.089,.011,.512,.162,.333,.044,.036,.027,.966,.034,.677,0,0,0,.4244146,.1706579,.2676819,.0811524,.0782374,.0175913,.267,.223,.16,.139,.146,0,.2803904,.2427633,.0422205,.207,.193,.078,.349,.289,.009,.931,.677,0,.2537567,.1865295,.0606461,.044,.021,.146,.4516226,.1524412,.3406179,.0941631,.051885,.0415203,.402,.179,.368,.138,.089,.031,.499,.127,.314,.053,.017,.052,.961,.034,.677,0,0,0,.4009027,.1461197,.263366,.0721512,.0658541,.0456405,.227,.167,.182,.1,.146,.031,.2991813,.2464548,.0103646,.223,.23,.058,.371,.262,-.035,.926,.677,0,.254783,.1912148,.0202136,.06,.082,.115
1972-02,3.801308,.2618945,.2498725,.1708305,.1551845,.146639,.1187059,.408,.268,.26,.099,.251,.037,.125,.233,.087,.207,.049,.196,0,.712,0,.712,0,.678,.1760928,.2468609,.0624791,.1832011,.0319326,.1498893,.25,.252,.015,.127,0,.059,.012022,.015646,.0279331,.14,.161,.214,-.108,-.12,-.147,-.712,-.712,-.678,-.0707682,-.1207221,-.1179567,-.001,-.113,-.059,.4468439,.2076727,.3266985,.1402357,.2504863,.0850585,.448,.311,.263,.195,.251,.152,.446,.111,.386,.089,.25,.022,.966,.034,.966,.034,.678,0,.4082276,.1867432,.2592929,.1289698,.1630601,.0599692,.312,.303,.02,.188,0,.12,.2391712,.1864628,.1654279,.137,.068,.099,.335,.297,.228,.932,.932,.678,.2214844,.1303231,.1030909,.009,-.168,-.12,.4209628,.2267938,.3163212,.1446773,.2504863,.0823134,.424,.331,.26,.174,.251,.12,.418,.129,.369,.117,.25,.047,.966,.034,.961,.034,.678,0,.359249,.2115588,.2461894,.1352496,.1630601,.056503,.28,.337,.015,.156,0,.068,.194169,.1716439,.1681729,.093,.086,.131,.289,.252,.203,.932,.927,.678,.1476902,.1109398,.1065571,-.057,-.142,-.068
1972-03,3.620788,.148935,.2539326,.0653907,.0985696,.0185422,.0313614,.132,.195,.103,.153,.008,.046,.165,.309,.03,.048,.028,.018,.283,.039,0,.034,0,.034,.1888369,.2653138,.0829098,.06884,.0235099,.0397636,.216,.168,.168,.1,.013,.074,-.1049976,-.0331789,-.0128192,-.063,-.05,-.038,-.144,-.017,.01,.244,-.034,-.034,-.0764769,.0140698,-.0162537,.048,.068,-.061,.2270634,.2170384,.2030958,.1181414,.143951,.0894412,.136,.246,.126,.169,.008,.122,.313,.19,.275,.071,.271,.059,.961,.034,.961,.034,.961,.034,.2850793,.2090605,.2546904,.0855656,.1825176,.065137,.214,.225,.199,.105,.013,.072,.010025,.0849544,.0545099,-.11,-.043,-.114,.122,.204,.213,.927,.927,.927,.0760188,.1691248,.1173806,-.011,.094,-.058,.2433126,.3206165,.2126562,.1608659,.143951,.1132593,.153,.27,.115,.219,.008,.134,.328,.368,.304,.106,.271,.094,.961,0,.961,0,.961,0,.2896659,.3403887,.2507962,.1404014,.1825176,.0960013,.25,.266,.188,.189,.013,.092,-.0773039,.0517904,.0306917,-.117,-.104,-.126,-.04,.198,.177,.961,.961,.961,-.0507228,.1103948,.0865164,-.015,-.001,-.079
1972-04,3.388469,.1605191,.4143393,.0830139,.150894,.02159,.0730604,.144,.467,.031,.143,.021,.116,.176,.365,.132,.158,.022,.032,.283,.039,.283,.039,0,.034,.1687404,.3204845,.1053249,.1349666,.0273926,.0367256,.194,.218,.051,.083,.035,.041,-.2538202,-.0678802,-.0514704,-.323,-.112,-.095,-.189,-.027,-.011,.244,.244,-.034,-.1517442,-.0296416,-.009333,-.024,-.033,-.006,.2464762,.4240525,.0824119,.1574678,.0635889,.0957236,.213,.502,.046,.147,.042,.13,.278,.351,.117,.167,.084,.064,.283,.039,.283,.034,.283,.034,.2902011,.3223762,.1016415,.1412664,.0777595,.0648211,.339,.248,.067,.085,.061,.061,-.1775763,-.0750559,-.0321348,-.289,-.101,-.087,-.072,-.05,.02,.244,.249,.249,-.0321751,-.0396249,.0129385,.092,-.018,0,.1652643,.4243861,.0850641,.1869518,.0767351,.1111724,.183,.508,.038,.173,.038,.141,.149,.345,.13,.2,.114,.083,.283,.005,.283,0,.283,0,.1871624,.3227996,.0883271,.1786745,.0777595,.0850806,.29,.258,.061,.127,.061,.082,-.2591219,-.1018877,-.0344373,-.326,-.135,-.103,-.196,-.07,.031,.278,.283,.283,-.1356371,-.0903474,-.0073211,.032,-.065,-.02
1972-05,3.201773,.2103341,.3706243,.0969848,.1349322,.0638118,.0483283,.164,.293,.093,.051,.025,.012,.254,.444,.1,.214,.1,.083,.283,.683,.283,.005,.283,.005,.259394,.449192,.1230701,.1609312,.0809749,.0613268,.247,.45,.152,.056,.041,.019,-.1602903,-.0379474,.0154835,-.129,.043,.013,-.19,-.114,.017,-.4,.278,.278,-.1897979,-.0378611,.0196481,-.203,.097,.022,.2026959,.2538519,.1580432,.1590704,.0709051,.0569843,.121,.275,.102,.1,.041,.05,.28,.234,.21,.215,.099,.063,.283,.005,.283,.005,.283,0,.2497015,.2828563,.2005511,.1853969,.089976,.0558533,.178,.374,.167,.12,.067,.038,-.051156,-.0010272,.0139208,-.154,.002,-.009,.046,-.004,.036,.278,.278,.283,-.0331548,.0151542,.0341227,-.196,.048,.028,.1661478,.3873024,.0846519,.306847,.0694979,.0998191,.088,.498,.068,.369,.037,.082,.24,.283,.1,.248,.1,.116,.283,.005,.283,.005,.283,0,.2033232,.2942924,.1074201,.2150123,.0881903,.1102092,.124,.319,.111,.14,.06,.091,-.2211546,-.2221952,-.0303213,-.41,-.301,-.046,-.043,-.148,-.016,.278,.278,.283,-.0909692,-.1075921,-.0220189,-.195,-.029,-.031
1972-06,2.919158,.2089063,.2211113,.032565,.1661904,.032565,.0352326,.336,.265,.062,.251,.062,.012,.088,.179,.004,.086,.004,.058,.034,0,0,0,0,0,.1154183,.2555488,.0413371,.1886488,.0413371,.0447234,.153,.394,.101,.378,.101,.019,-.012205,-.1336254,-.0026677,.071,-.189,.051,-.091,-.081,-.054,.034,0,0,-.1401305,-.1473117,-.0033863,-.241,-.276,.083,.1889514,.2112784,.0522401,.1422499,.0329159,.0598249,.073,.239,.063,.171,.063,.038,.299,.185,.042,.115,.004,.08,.712,0,0,0,0,0,.2384265,.2263819,.0663122,.1415741,.0417826,.0592549,.115,.307,.103,.204,.103,.019,-.022327,-.0900098,-.026909,-.166,-.108,.025,.114,-.073,-.076,.712,0,0,.0120446,-.0752619,-.0174723,-.192,-.101,.084,.1727897,.2273043,.0201844,.1534562,.0185577,.0914822,.068,.213,.034,.154,.034,.055,.273,.241,.007,.153,.004,.126,.712,0,0,0,0,0,.2179112,.2393191,.0256215,.1455783,.0235566,.089219,.107,.245,.056,.149,.055,.019,-.0545146,-.1332719,-.0729245,-.145,-.119,-.021,.032,-.147,-.122,.712,0,0,-.0214079,-.1199568,-.0656624,-.139,-.093,.036
1972-07,2.974431,.3499132,.3208765,.175147,.1614664,.0284038,.1243742,.374,.368,.319,.232,.056,.222,.328,.276,.039,.095,.003,.032,.717,.283,.034,0,0,0,.2857825,.3669932,.0745556,.2046468,.0359997,.1576351,.191,.494,.129,.377,.091,.361,.0290366,.0136806,-.0959704,.005,.087,-.166,.052,-.056,-.03,.434,.034,0,-.0812107,-.1300912,-.1216354,-.303,-.248,-.27,.2649355,.2735702,.1310746,.081238,.0210021,.0478631,.202,.196,.041,.106,.041,.096,.324,.347,.217,.058,.003,.002,.717,.283,.712,0,0,0,.3357863,.3460927,.1661275,.1029633,.0266187,.060663,.329,.317,.066,.173,.066,.157,-.0086346,.0498366,-.0268609,.007,-.066,-.056,-.023,.159,.001,.434,.712,0,-.0103064,.0631642,-.0340443,.012,-.107,-.091,.382797,.2342865,.1358673,.1086833,.00919,.0801115,.428,.168,.041,.091,.016,.091,.34,.297,.225,.126,.003,.07,.717,0,.712,0,0,0,.334921,.2963036,.1722018,.1377481,.0116476,.1015354,.3,.271,.067,.147,.026,.147,.1485105,.0271839,-.0709215,.26,-.049,-.074,.043,.1,-.068,.717,.712,0,.0386174,.0344536,-.0898877,.028,-.08,-.121
1972-08,2.97516,.2771996,.2006123,.1703766,.1565699,.0223868,.0940957,.056,.249,.026,.163,.016,.122,.486,.155,.307,.15,.029,.068,.717,0,.717,0,.034,0,.3325787,.2515064,.2158331,.1971829,.0283596,.1192005,.072,.397,.043,.262,.025,.198,.0765873,.0138067,-.0717089,-.192,-.137,-.106,.332,.157,-.039,.717,.717,.034,.0810723,.0186503,-.0908409,-.325,-.22,-.173,.4060991,.1698155,.2179557,.1250627,.116954,.0616715,.468,.205,.119,.136,.016,.087,.347,.136,.312,.114,.213,.038,.717,0,.717,0,.712,0,.2991201,.2144806,.2761064,.1577878,.1481574,.0781255,.222,.331,.194,.219,.025,.141,.2362836,.092893,.0552825,.263,-.017,-.072,.211,.197,.175,.717,.717,.712,.0846395,.1183186,.0700319,-.109,-.026,-.116,.4413756,.1860263,.3347798,.142658,.1217428,.108409,.45,.196,.342,.124,.016,.091,.434,.177,.328,.16,.222,.125,1,0,.717,0,.712,0,.3552898,.2350165,.2776563,.1800776,.1542239,.1373325,.222,.316,.17,.2,.026,.147,.2553492,.1921217,.0133339,.254,.218,-.074,.257,.168,.097,1,.717,.712,.1202733,.0975787,.0168914,-.094,-.031,-.121
1972-09,3.264565,.368663,.1569026,.1980099,.098205,.1213291,.0805812,.214,.174,.034,.077,.011,.041,.515,.14,.354,.118,.226,.118,1,0,.717,0,.717,0,.4089692,.1948458,.2320299,.1232395,.1537507,.1009063,.223,.273,.034,.122,.018,.063,.2117604,.0998049,.0407479,.04,-.043,-.03,.375,.235,.108,1,.717,.717,.2141233,.1087903,.0528445,-.049,-.088,-.045,.4918817,.1453664,.3330405,.0452279,.153511,.0235607,.48,.164,.438,.061,.097,.016,.503,.128,.233,.03,.207,.03,1,0,.717,0,.717,0,.4061682,.170033,.2063748,.0566624,.1945324,.0292053,.237,.228,.172,.097,.158,.025,.3465154,.2878126,.1299503,.317,.377,.081,.375,.203,.176,1,.717,.717,.2361351,.1497124,.1653271,.008,.075,.133,.4811982,.1730786,.3755299,.0716894,.2682373,.0486942,.456,.153,.438,.058,.329,.011,.505,.192,.316,.085,.211,.085,1,0,1,0,.717,0,.4038633,.2079272,.2714518,.090195,.1936967,.061055,.226,.218,.202,.093,.149,.016,.3081195,.3038405,.2195431,.303,.38,.318,.313,.231,.126,1,1,.717,.1959362,.1812568,.1326417,.008,.11,.133
1972-10,3.223706,.2037053,.161375,.0824126,.0657165,.0071485,.0510764,.28,.14,.08,.103,0,.075,.132,.182,.085,.03,.014,.029,.039,0,.039,0,.039,0,.1960799,.1813187,.0647332,.0793677,.0090678,.0635981,.319,.217,.025,.157,0,.119,.0423303,.0166961,-.0439279,.14,-.023,-.075,-.05,.055,-.015,.039,.039,.039,.0147612,-.0146345,-.0545302,.102,-.132,-.119,.3431715,.1684083,.2164712,.05982,.1649583,.0243067,.513,.153,.341,.088,.308,.036,.181,.183,.098,.033,.029,.013,.039,0,.039,0,.039,0,.2360244,.1799498,.0753063,.0615974,.0114874,.0301735,.339,.211,.059,.105,.009,.058,.1747631,.1566512,.1406516,.361,.254,.272,-.002,.064,.016,.039,.039,.039,.0560746,.0137089,-.0186861,.128,-.046,-.048,.1669963,.1758564,.094829,.0819338,.0552716,.0525128,.187,.144,.087,.077,.079,.039,.148,.206,.102,.087,.033,.065,.034,0,.034,0,.034,0,.1598054,.2115897,.0682619,.0924497,.0196085,.0659527,.196,.204,.033,.095,.024,.062,-.0088601,.0128952,.0027588,.043,.01,.04,-.058,.015,-.032,.034,.034,.034,-.0517843,-.0241879,-.0463442,-.009,-.062,-.039
1972-11,3.311535,.197896,.2601898,.1031961,.1169405,.0432421,.0427414,.278,.152,.186,.07,.073,.07,.121,.364,.024,.163,.015,.017,.039,.678,.039,0,.039,0,.1989063,.2737074,.089786,.1279514,.0152243,.0535941,.344,.151,.194,.111,.015,.111,-.0622938,-.0137444,.0005007,.126,.116,.003,-.243,-.139,-.002,-.639,.039,.039,-.0748011,-.0381654,-.0383698,.193,.083,-.096,.1655465,.1858121,.1212162,.1004651,.0434924,.038048,.237,.227,.17,.085,.075,.078,.097,.147,.075,.115,.013,0,.039,0,.039,0,.039,0,.1689254,.1887514,.1126584,.1164889,.0140061,.0372649,.277,.245,.168,.11,.015,.097,-.0202656,.0207512,.0054444,.01,.084,-.002,-.05,-.04,.013,.039,.039,.039,-.019826,-.0038304,-.0232588,.032,.058,-.082,.1161366,.2062085,.0756029,.1147265,.0589954,.0404784,.127,.272,.099,.1,.075,.068,.106,.143,.053,.128,.044,.014,.034,.005,.034,0,.034,0,.0863899,.2118138,.0547629,.1345904,.0336835,.0403497,.098,.311,.053,.134,.014,.082,-.0900719,-.0391236,.0185171,-.146,-.002,.006,-.037,-.075,.03,.03,.034,.034,-.1254239,-.0798275,-.0066661,-.213,-.081,-.068
1972-12,3.240869,.4169262,.1746016,.1515021,.1025534,.0888761,.0731125,.62,.13,.218,.108,.181,.047,.223,.218,.088,.098,.001,.098,.283,0,0,0,0,0,.3297854,.1969844,.1388458,.1055572,.0710764,.0927779,.514,.146,.244,.11,.184,.077,.2423246,.0489487,.0157636,.49,.11,.134,.005,-.01,-.097,.283,0,0,.132801,.0332886,-.0217015,.368,.134,.107,.4299039,.1690685,.0742531,.1110611,.0375064,.0710362,.498,.149,.122,.125,.063,.043,.365,.188,.029,.098,.013,.098,.961,0,0,0,0,0,.3777398,.2062348,.0926638,.132625,.046033,.0901431,.42,.219,.194,.181,.099,.07,.2608354,-.036808,-.0335298,.349,-.003,.02,.177,-.069,-.085,.961,0,0,.171505,-.0399613,-.04411,.2,.013,.029,.4657798,.1954123,.0944305,.11746,.0641413,.070499,.536,.134,.109,.113,.095,.027,.399,.254,.081,.122,.034,.112,.961,.005,0,.005,0,0,.3837038,.2368838,.0583479,.1379644,.0396886,.0894614,.378,.189,.067,.154,.045,.044,.2703675,-.0230295,-.0063577,.401,-.004,.068,.145,-.041,-.078,.957,-.005,0,.1468199,-.0796165,-.0497728,.189,-.087,.002
1973-01,3.134363,.4153108,.248979,.2629721,.1475949,.0881044,.0894404,.437,.15,.415,.096,.17,.082,.395,.343,.118,.196,.01,.097,.961,0,.283,0,0,0,.2963789,.3044022,.1343209,.1785185,.057967,.1047394,.187,.213,.183,.133,.166,.109,.1663318,.1153772,-.001336,.287,.319,.089,.052,-.079,-.087,.961,.283,0,-.0080233,-.0441976,-.0467724,-.026,.05,.057,.3733563,.2955383,.2865259,.1463928,.0320278,.0982978,.364,.218,.303,.119,.063,.1,.382,.369,.271,.173,.003,.097,.961,.034,.961,0,0,0,.2573686,.3662109,.2164288,.1769935,.0390496,.1159765,.106,.33,.106,.169,.097,.139,.0778179,.1401331,-.0662699,.146,.184,-.037,.013,.098,-.094,.927,.961,0,-.1088423,.0394353,-.0769268,-.224,-.063,-.041,.4122802,.2694936,.3341582,.1683451,.0536973,.1024944,.444,.12,.369,.119,.087,.1,.382,.412,.301,.216,.022,.105,.961,.034,.961,0,0,0,.2671326,.3325531,.2169969,.2048438,.0066793,.1213007,.132,.169,.108,.169,.032,.139,.1427866,.1658132,-.0487972,.324,.25,-.012,-.03,.085,-.084,.927,.961,0,-.0654206,.0121531,-.1146214,-.038,-.062,-.107
1973-02,3.260122,.364204,.1611937,.3202624,.0430058,.2029674,.0341041,.374,.169,.329,.029,.326,.024,.354,.154,.312,.057,.083,.044,.967,0,.962,0,.284,0,.258387,.2040509,.2186001,.0544399,.0701194,.0431715,.079,.272,.047,.047,.043,.038,.2030102,.2772566,.1688633,.205,.3,.303,.201,.255,.039,.967,.962,.284,.0543361,.1641602,.0269479,-.193,0,.005,.2291141,.1974718,.1540704,.083033,.1203386,.0562322,.374,.241,.265,.065,.239,.065,.089,.155,.047,.101,.005,.048,.005,0,0,0,0,0,.0846328,.2499744,.0325418,.1051093,.0056792,.0711829,.072,.388,.006,.104,.006,.104,.0316423,.0710374,.0641064,.133,.2,.175,-.067,-.054,-.043,.005,0,0,-.1653416,-.0725675,-.0655037,-.316,-.098,-.098,.3682531,.1800639,.3022777,.0861733,.2609217,.058367,.384,.206,.293,.071,.252,.071,.353,.155,.312,.101,.27,.046,.967,0,.962,0,.962,0,.2607654,.2272732,.2201536,.1090845,.1836396,.0738853,.087,.329,.051,.115,.026,.115,.1881891,.2161044,.2025546,.178,.222,.18,.198,.211,.224,.967,.962,.962,.0334922,.1110691,.1097543,-.243,-.063,-.088
1973-03,3.806228,.4921167,.1354142,.2888073,.0639223,.2627162,.0212848,.433,.118,.33,.035,.319,.013,.55,.152,.249,.092,.208,.03,.678,0,.678,0,.678,0,.4324003,.1307653,.1784094,.0809094,.1453846,.0269412,.207,.161,.049,.057,.031,.02,.3567026,.224885,.2414314,.315,.295,.306,.397,.157,.178,.678,.678,.678,.3016351,.0974999,.1184434,.046,-.007,.011,.4402772,.2677767,.1929196,.0790809,.1282465,.046487,.536,.116,.328,.067,.238,.021,.347,.416,.061,.091,.021,.071,0,.963,0,0,0,0,.3667847,.2882341,.0542717,.1000964,.0161031,.0588408,.371,.131,.038,.108,.006,.034,.1725006,.1138387,.0817595,.42,.26,.217,-.069,-.029,-.05,-.963,0,0,.0785506,-.0458247,-.0427377,.24,-.07,-.028,.561579,.1128845,.3268588,.0745907,.2635747,.052675,.531,.113,.337,.066,.25,.034,.592,.113,.317,.083,.277,.071,.963,0,.963,0,.963,0,.520322,.1117086,.2238049,.094413,.1873943,.0666732,.364,.126,.054,.106,.026,.054,.4486945,.2522681,.2108998,.418,.271,.216,.478,.234,.206,.963,.963,.963,.4086135,.1293919,.1207211,.237,-.052,-.028
1973-04,4.370226,.5830464,.1245332,.5003998,.0682234,.282607,.0312963,.574,.113,.478,.046,.329,.003,.592,.136,.523,.09,.237,.059,.678,.033,.678,0,.678,0,.5479146,.112815,.4441201,.0668305,.1721033,.039558,.434,.117,.282,.074,.052,.004,.4585133,.4321765,.2513107,.46,.431,.326,.457,.433,.178,.646,.678,.678,.4350996,.3772896,.1325454,.318,.208,.048,.5592362,.1911726,.4102816,.164861,.1847565,.0359832,.704,.083,.502,.055,.323,.017,.418,.297,.32,.272,.05,.055,0,.711,0,.678,0,0,.5178188,.1859734,.3302123,.1680204,.0456961,.0454821,.643,.041,.322,.035,.035,.026,.3680635,.2454206,.1487733,.621,.447,.306,.121,.048,-.005,-.711,-.678,0,.3318454,.1621919,.000214,.602,.287,.009,.6570231,.1046256,.5089102,.053746,.3139142,.0346226,.654,.105,.468,.039,.323,0,.66,.105,.549,.069,.306,.069,.963,.033,.963,0,.963,0,.622017,.0959821,.454877,.0469756,.2089489,.0437624,.562,.075,.267,.008,.035,0,.5523974,.4551642,.2792915,.549,.429,.323,.556,.481,.237,.93,.963,.963,.5260348,.4079013,.1651865,.488,.258,.035
1973-05,4.627631,.4618423,.1050289,.2828158,.0823917,.2486553,.0427281,.37,.099,.183,.076,.124,.043,.551,.111,.38,.088,.37,.042,.963,.032,.679,.032,.679,0,.5315385,.1038422,.3130987,.0751882,.2705358,.0347792,.459,.135,.178,.098,.085,.07,.3568133,.200424,.2059272,.271,.106,.081,.441,.292,.328,.931,.646,.679,.4276963,.2379105,.2357566,.324,.081,.016,.4202977,.0692004,.2983883,.0535059,.237174,.0404235,.541,.076,.448,.056,.353,.039,.303,.063,.153,.051,.125,.042,.289,.032,0,.032,0,0,.3232256,.0474294,.1868747,.0275634,.1100673,.0110039,.357,.069,.23,.036,.077,.008,.3510972,.2448824,.1967505,.465,.392,.314,.241,.102,.083,.257,-.032,0,.2757961,.1593113,.0990635,.289,.193,.069,.5052058,.0772655,.423501,.0508315,.3639355,.0319599,.524,.076,.427,.056,.335,.039,.487,.078,.42,.046,.392,.025,.968,.032,.963,.032,.963,0,.4307013,.0769437,.3452408,.0434838,.2705207,.0195964,.331,.069,.195,.036,.048,.008,.4279403,.3726695,.3319756,.448,.371,.296,.408,.374,.367,.935,.931,.963,.3537576,.301757,.2509243,.262,.159,.04
1973-06,5.026159,.2015932,.0638192,.152204,.0212529,.0886189,.0128722,.165,.087,.145,.021,.108,.016,.237,.042,.159,.021,.07,.01,0,.037,0,.032,0,.032,.2045288,.0709856,.141941,.0170439,.0702206,.0064237,.135,.115,.102,.009,.065,0,.137774,.1309511,.0757467,.078,.124,.092,.195,.138,.06,-.037,-.032,-.032,.1335432,.124897,.0637969,.02,.094,.065,.3021979,.2111692,.2533458,.0212529,.1817032,.0154923,.445,.279,.428,.021,.337,.021,.164,.146,.084,.021,.031,.01,0,.032,0,.032,0,.032,.1740668,.257713,.1138115,.0170439,.0424164,.0097439,.205,.425,.182,.009,.058,.009,.0910287,.2320929,.166211,.166,.407,.316,.018,.063,.021,-.032,-.032,-.032,-.0836462,.0967676,.0326724,-.22,.173,.05,.2920645,.0836259,.2658104,.0431628,.2089484,.0350127,.454,.098,.437,.035,.388,.035,.136,.07,.101,.051,.036,.035,0,.032,0,.032,0,.032,.1612256,.0960854,.1296072,.044809,.0769424,.0344809,.219,.132,.195,.031,.14,.031,.2084386,.2226476,.1739357,.356,.402,.353,.065,.049,.001,-.032,-.032,-.032,.0651401,.0847981,.0424615,.087,.165,.109
1973-07,5.030298,.1497635,.2565847,.0829198,.0417755,.0422363,.0134419,.108,.17,.047,.024,.042,.005,.19,.339,.117,.058,.043,.021,0,1,0,.036,0,.032,.1780079,.3077523,.1046052,.0529998,.0529908,.0170535,.144,.23,.075,.039,.066,.009,-.1068213,.0411442,.0287943,-.062,.023,.036,-.149,.059,.022,-1,-.036,-.032,-.1297444,.0516054,.0359373,-.086,.036,.057,.1679821,.2728918,.08646,.0985031,.0690136,.0134419,.182,.176,.126,.048,.123,.005,.155,.365,.049,.147,.018,.021,0,.716,0,.032,0,.032,.1494531,.3284408,.0574281,.124969,.0369681,.0170535,.156,.24,.095,.078,.095,.009,-.1049097,-.0120431,.0555716,.005,.077,.118,-.21,-.097,-.004,-.716,-.032,-.032,-.1789876,-.0675409,.0199146,-.084,.016,.086,.184352,.1429566,.0983172,.052093,.0808707,.0325252,.185,.158,.125,.033,.122,.014,.184,.129,.073,.07,.042,.05,0,.036,0,.032,0,.032,.1702212,.1635945,.0724711,.0660894,.0520111,.0412642,.161,.21,.094,.053,.094,.022,.0413953,.0462242,.0483455,.027,.092,.108,.055,.003,-.009,-.036,-.032,-.032,.0066267,.0063817,.0107469,-.048,.04,.071
1973-08,5.840638,.1458477,.1969803,.0725345,.0947478,.0614753,.0238067,.077,.271,.046,.16,.032,.019,.212,.126,.098,.031,.09,.029,0,.032,0,.032,0,.032,.1853469,.2122459,.0918891,.1025977,.0777911,.0303481,.125,.395,.074,.216,.052,.031,-.0511327,-.0222132,.0376687,-.193,-.114,.014,.087,.067,.061,-.032,-.032,-.032,-.026899,-.0107086,.047443,-.27,-.141,.021,.2074155,.2414068,.0529099,.0763642,.0256202,.0182501,.136,.334,.03,.135,.007,.019,.277,.151,.075,.02,.044,.018,.284,0,0,0,0,0,.2528369,.2480028,.0575635,.0791627,.0227753,.0232648,.219,.393,.049,.174,.011,.031,-.0339912,-.0234543,.0073701,-.199,-.105,-.012,.125,.056,.026,.284,0,0,.0048341,-.0215992,-.0004895,-.174,-.125,-.02,.3243835,.1706483,.0761522,.1181669,.0430414,.0383232,.174,.199,.065,.148,.038,.032,.47,.143,.087,.089,.048,.044,.964,0,0,0,0,0,.4019448,.1986777,.0855058,.1324518,.0432969,.0488534,.281,.277,.102,.196,.057,.053,.1537352,-.0420147,.0047182,-.025,-.084,.005,.327,-.002,.004,.964,0,0,.203267,-.046946,-.0055565,.004,-.094,.004
1973-09,5.791252,.201543,.1156985,.1362763,.0535305,.069241,.0224072,.089,.166,.053,.073,.043,.036,.309,.068,.216,.035,.094,.01,.004,.031,0,.031,0,.031,.2456595,.1056986,.1729337,.0674903,.0875683,.0285342,.145,.163,.085,.119,.069,.059,.0858445,.0827458,.0468338,-.077,-.02,.008,.241,.181,.084,-.027,-.031,-.031,.1399609,.1054434,.059034,-.018,-.033,.011,.2735088,.1175116,.0488379,.0537332,.0332282,.0149979,.07,.186,.028,.094,.007,.027,.467,.052,.068,.016,.058,.003,.686,0,0,0,0,0,.3172243,.1052046,.0518046,.0649457,.0319266,.0162961,.114,.188,.047,.145,.011,.038,.1559972,-.0048954,.0182303,-.116,-.065,-.021,.414,.053,.055,.686,0,0,.2120196,-.0131411,.0156305,-.074,-.098,-.027,.3388518,.1227234,.2212219,.0676693,.0532199,.0344494,.166,.183,.057,.105,.042,.054,.503,.065,.378,.032,.064,.016,.686,0,.681,0,0,0,.4004346,.1118416,.2713253,.0826924,.0573849,.0410664,.271,.184,.093,.163,.069,.081,.2161284,.1535525,.0187705,-.018,-.048,-.011,.439,.345,.048,.686,.681,0,.288593,.1886328,.0163185,.087,-.07,-.011
1973-10,6.216735,.2774519,.4685705,.1547778,.0369412,.0585197,.0282199,.216,.503,.044,.049,.024,.031,.337,.435,.261,.025,.092,.025,.004,.964,.004,0,0,0,.3155842,.4442831,.1856615,.0470031,.0738413,.0359062,.282,.423,.07,.08,.037,.051,-.1911186,.1178366,.0302998,-.287,-.005,-.007,-.099,.236,.067,-.96,.004,0,-.1286989,.1386584,.037935,-.141,-.01,-.014,.3357139,.2902332,.153081,.0404419,.0373634,.0235848,.275,.416,.047,.053,.016,.036,.394,.169,.255,.029,.058,.012,.004,.282,.004,0,0,0,.3805593,.2173711,.1630419,.0514573,.036884,.0300087,.408,.281,.075,.086,.027,.058,.0454807,.112639,.0137786,-.141,-.006,-.019,.225,.227,.046,-.278,.004,0,.1631882,.1115846,.0068753,.127,-.011,-.032,.4199501,.1242226,.3069545,.0591317,.2028574,.0488826,.289,.175,.123,.076,.029,.073,.546,.076,.484,.043,.37,.026,.686,0,.686,0,.682,0,.4764347,.1563627,.3588268,.0752377,.2474545,.062197,.401,.28,.198,.125,.047,.119,.2957275,.2478228,.1539748,.114,.046,-.044,.47,.442,.345,.686,.686,.682,.320072,.2835891,.1852575,.121,.074,-.072
1973-11,6.702726,.2478359,.2861813,.1513345,.2505497,.0808293,.0214038,.287,.19,.147,.162,.03,.017,.211,.378,.155,.334,.129,.026,.004,.683,.004,.683,.004,0,.2270881,.3534303,.1562728,.3176417,.0932933,.0272819,.263,.283,.172,.263,.05,.028,-.0383453,-.0992152,.0594255,.097,-.015,.014,-.167,-.179,.103,-.678,-.678,.004,-.1263422,-.1613689,.0660113,-.02,-.091,.023,.2665225,.2158569,.1389232,.0895822,.0859124,.0190126,.304,.135,.143,.111,.042,.01,.231,.293,.135,.069,.127,.028,.004,.683,.004,0,.004,0,.2386119,.2637929,.1309568,.1124678,.0782473,.024234,.314,.192,.194,.179,.068,.016,.0506656,.049341,.0668999,.17,.031,.033,-.062,.066,.099,-.678,.004,.004,-.025181,.0184889,.0540133,.122,.015,.052,.6108944,.1401258,.326874,.0902561,.264713,.0375552,.635,.135,.224,.111,.118,.033,.588,.145,.424,.07,.404,.042,.969,0,.687,0,.687,0,.5362628,.1672637,.3800207,.1133267,.3270366,.0478689,.428,.192,.298,.179,.193,.054,.4707687,.236618,.2271578,.5,.113,.085,.443,.354,.362,.969,.687,.687,.3689991,.2666939,.2791677,.236,.119,.139
1973-12,7.167382,.4236486,.178119,.1684256,.0659942,.0871077,.0484456,.572,.181,.19,.1,.082,.085,.282,.175,.148,.033,.092,.013,.281,0,0,0,0,0,.2990168,.213566,.1446665,.0730512,.095763,.0602112,.358,.263,.127,.137,.095,.137,.2455295,.1024314,.0386621,.391,.089,-.003,.107,.115,.078,.281,0,0,.0854508,.0716153,.0355518,.095,-.01,-.042,.4737022,.231904,.2230146,.0964237,.0994173,.0636917,.632,.169,.242,.116,.075,.101,.323,.291,.205,.077,.122,.028,.281,0,0,0,0,0,.3487818,.2851302,.191287,.1119485,.0911507,.0797,.42,.251,.206,.163,.084,.163,.2417982,.1265909,.0357255,.462,.126,-.026,.031,.128,.094,.281,0,0,.0636516,.0793385,.0114507,.169,.043,-.079,.5898263,.1705273,.5048467,.1162919,.2263993,.0755029,.659,.177,.577,.124,.18,.108,.524,.165,.436,.109,.271,.044,.965,0,.965,0,.684,0,.500033,.2066737,.4117525,.1373456,.262411,.094798,.472,.263,.336,.175,.226,.175,.419299,.3885548,.1508964,.482,.453,.071,.359,.327,.227,.965,.965,.684,.2933593,.2744069,.167613,.209,.161,.051
1974-01,7.771118,.3236925,.1147477,.1965027,.1088785,.1388038,.0276015,.375,.033,.263,.013,.203,.013,.275,.192,.134,.2,.077,.041,.031,0,0,0,0,0,.34,.1450498,.1773124,.1375426,.1234664,.0335817,.481,.051,.294,.018,.195,.018,.2089448,.0876241,.1112023,.341,.249,.19,.083,-.066,.036,.031,0,0,.1949502,.0397698,.0898848,.429,.276,.177,.4450428,.1129886,.39703,.0451325,.1894232,.0216228,.625,.022,.587,.003,.233,.003,.274,.2,.217,.085,.149,.039,.031,0,0,0,0,0,.3111327,.144523,.2497198,.0577287,.1700854,.0276576,.406,.036,.341,.005,.195,.005,.3320541,.3518975,.1678004,.604,.584,.229,.074,.132,.109,.031,0,0,.1666097,.1919912,.1424277,.369,.336,.19,.4261566,.1364344,.3909213,.0639525,.318088,.0252481,.577,.076,.563,.047,.484,.011,.283,.194,.228,.08,.161,.039,.031,0,0,0,0,0,.289904,.1745123,.2448346,.0818012,.1834567,.0322947,.332,.126,.309,.079,.209,.018,.2897222,.3269688,.2928399,.501,.516,.473,.089,.148,.121,.031,0,0,.1153916,.1630334,.151162,.206,.23,.192
1974-02,8.353994,.4176679,.2712606,.295729,.075502,.2241319,.075502,.538,.023,.392,.003,.278,.003,.303,.508,.204,.144,.173,.144,.035,.965,.031,0,0,0,.4244232,.3475217,.2879051,.0967283,.1961795,.0967283,.684,.038,.465,.005,.276,.005,.1464073,.220227,.1486299,.515,.389,.275,-.205,.06,.028,-.929,.031,0,.0769016,.1911768,.0994512,.646,.46,.27,.5291843,.2708932,.3991881,.0842886,.3143817,.0269984,.732,.028,.578,.003,.539,.003,.336,.502,.229,.162,.1,.05,.031,.965,.031,0,0,0,.4117586,.3470509,.2649179,.1079851,.1562695,.0345886,.592,.047,.361,.005,.296,.005,.2582911,.3148996,.2873833,.704,.575,.536,-.166,.067,.05,-.934,.031,0,.0647077,.1569329,.1216809,.545,.356,.291,.519317,.140031,.3840366,.0970851,.3488983,.0387967,.69,.058,.525,.033,.511,.033,.356,.219,.25,.158,.194,.044,.031,0,.031,0,0,0,.3991172,.1793987,.2455068,.1243792,.2004899,.0497039,.522,.096,.272,.055,.249,.055,.3792861,.2869515,.3101016,.633,.492,.478,.138,.092,.15,.031,.031,0,.2197186,.1211276,.150786,.426,.217,.194
1974-03,8.760853,.5818641,.2501591,.3757314,.2159261,.2532535,.0618364,.819,.051,.502,.016,.353,.003,.356,.44,.256,.407,.159,.118,.004,.965,.004,.965,0,0,.5074359,.3112197,.4003469,.27775,.2640391,.0795414,.762,.058,.651,.026,.43,.005,.3317051,.1598053,.191417,.768,.486,.35,-.084,-.151,.041,-.96,-.96,0,.1962162,.1225969,.1844977,.704,.624,.425,.5893073,.1945632,.4845168,.1508469,.3648814,.0081289,.838,.056,.714,.012,.577,0,.352,.326,.266,.283,.163,.016,0,.965,0,.965,0,0,.5177621,.2349965,.382968,.1940373,.2385851,.0104563,.796,.054,.586,.021,.354,0,.3947442,.3336698,.3567525,.782,.702,.577,.026,-.017,.147,-.965,-.965,0,.2827655,.1889306,.2281287,.742,.565,.354,.6213079,.0629132,.5015466,.0265301,.3751368,.0138939,.827,.055,.674,.015,.525,0,.425,.071,.337,.038,.232,.027,0,0,0,0,0,0,.5379605,.0656526,.3839092,.0341261,.2308122,.017872,.776,.051,.516,.025,.264,0,.5583947,.4750166,.3612429,.773,.659,.525,.354,.299,.205,0,0,0,.4723078,.3497831,.2129402,.725,.491,.264
1974-04,8.728292,.3332417,.1658453,.2731684,.1458598,.2230431,.1432316,.459,.038,.386,.02,.333,.014,.213,.288,.165,.266,.118,.266,0,.996,0,.965,0,.965,.4017793,.2019811,.324466,.1877192,.2599554,.1843369,.702,.034,.579,.034,.489,.024,.1673963,.1273087,.0798115,.421,.366,.318,-.075,-.101,-.149,-.996,-.965,-.965,.1997981,.1367468,.0756186,.669,.545,.465,.4177913,.0520102,.304888,.0214444,.2192091,.015152,.528,.043,.473,.027,.353,.014,.313,.061,.144,.016,.091,.016,0,0,0,0,0,0,.5010773,.0315393,.3557725,.0228827,.245505,.0195004,.818,.034,.726,.034,.523,.024,.3657811,.2834436,.2040571,.485,.446,.339,.252,.128,.075,0,0,0,.469538,.3328898,.2260047,.785,.692,.499,.4289606,.0545518,.3246584,.0370812,.2275306,.016278,.548,.04,.467,.025,.322,.017,.315,.068,.188,.049,.137,.016,0,0,0,0,0,0,.514661,.0587481,.3804257,.0460139,.2554237,.0209495,.851,.037,.714,.037,.469,.028,.3744088,.2875772,.2112526,.508,.442,.305,.247,.14,.121,0,0,0,.4559129,.3344118,.2344742,.813,.676,.44
1974-05,9.174088,.2763152,.3547398,.2505882,.1464926,.2087216,.1376004,.375,.352,.331,.023,.273,.005,.183,.357,.174,.264,.147,.264,0,.969,0,.965,0,.965,.3283182,.2389278,.295915,.1773347,.2419586,.1773347,.559,.009,.487,.009,.389,.009,-.0784247,.1040957,.0711212,.022,.307,.268,-.174,-.089,-.116,-.969,-.965,-.965,.0893905,.1185803,.0646239,.55,.478,.38,.3979076,.2332605,.348912,.038014,.2362953,.0136013,.468,.354,.411,.028,.349,.013,.331,.118,.29,.047,.129,.014,.031,.005,0,0,0,0,.4648037,.060669,.4123642,.0127915,.2672275,.0127915,.689,.012,.622,.009,.517,.009,.164647,.310898,.222694,.114,.383,.336,.213,.242,.115,.026,0,0,.4041347,.3995727,.254436,.677,.613,.508,.3595839,.0558566,.3307247,.0199627,.2845672,.0123881,.505,.026,.473,.026,.395,.01,.221,.084,.195,.014,.18,.014,.031,.005,0,0,0,0,.4154135,.0605261,.3889249,.0142673,.3294389,.0142673,.752,.013,.728,.013,.595,.013,.3037274,.3107619,.2721792,.479,.448,.384,.137,.18,.165,.026,0,0,.3548874,.3746576,.3151715,.739,.715,.582
1974-06,9.424869,.3421636,.2181159,.1991509,.1872466,.170801,.0087323,.457,.374,.309,.343,.26,.018,.232,.07,.094,.039,.085,0,0,0,0,0,0,0,.4143764,.0454472,.2299593,.025609,.1934016,0,.701,.025,.451,0,.368,0,.1240476,.0119043,.1620687,.084,-.033,.243,.163,.055,.085,0,0,0,.3689291,.2043504,.1934016,.676,.451,.368,.3995236,.2023935,.2372154,.1942867,.1822197,.0356317,.469,.364,.383,.347,.303,.023,.334,.048,.098,.048,.067,.048,0,0,0,0,0,0,.4883431,.0190596,.279044,.0094459,.2196802,.0094459,.72,.026,.575,0,.472,0,.1971302,.0429287,.1465879,.105,.035,.281,.286,.05,.019,0,0,0,.4692835,.2695981,.2102343,.694,.575,.472,.46256,.0490397,.3076127,.0350268,.2949593,.0160575,.537,.034,.443,.018,.434,.018,.391,.063,.178,.051,.162,.014,0,0,0,0,0,0,.5688649,.0489742,.3690578,.0339072,.3535056,.0094459,.834,.02,.675,0,.663,0,.4135203,.2725859,.2789018,.503,.425,.417,.328,.127,.147,0,0,0,.5198907,.3351506,.3440597,.815,.675,.663
1974-07,9.761981,.4339975,.2223444,.2224619,.1956126,.1312335,.1782253,.42,.374,.37,.347,.236,.328,.447,.079,.083,.053,.032,.037,.69,0,0,0,0,0,.5307944,.0705753,.260448,.0368033,.1425653,.024361,.633,.049,.556,.005,.328,0,.2116531,.0268493,-.0469918,.046,.023,-.092,.368,.03,-.004,.69,0,0,.4602191,.2236447,.1182043,.585,.551,.328,.5369767,.2250092,.322745,.1843189,.2042675,.1843189,.409,.362,.387,.328,.318,.328,.658,.096,.262,.049,.097,.049,.965,0,0,0,0,0,.6668547,.0620429,.3900309,.009464,.2369378,.009464,.623,.057,.585,0,.468,0,.3119675,.1384261,.0199487,.048,.059,-.01,.562,.214,.048,.965,0,0,.6048118,.3805669,.2274738,.566,.585,.468,.5979906,.2330812,.3804822,.0261769,.2429343,.0261769,.483,.35,.462,0,.369,0,.707,.122,.303,.051,.124,.051,.965,0,0,0,0,0,.7440786,.0724731,.4638671,.033825,.2861318,.033825,.744,.038,.711,0,.552,0,.3649095,.3543053,.2167574,.133,.462,.369,.584,.252,.073,.965,0,0,.6716055,.4300421,.2523068,.706,.711,.552
1974-08,9.664968,.3688217,.1617231,.2664633,.0735232,.159756,.0676721,.361,.167,.316,.1,.266,.098,.376,.157,.219,.049,.058,.038,0,0,0,0,0,0,.4022305,.1463434,.3143919,.0321996,.1793364,.0254277,.502,.114,.456,0,.38,0,.2070987,.1929401,.0920839,.194,.216,.168,.22,.171,.02,0,0,0,.2558871,.2821923,.1539087,.388,.456,.38,.4824687,.0913099,.3822319,.0470079,.1701329,.0399329,.361,.126,.217,.086,.197,.082,.598,.058,.539,.01,.144,0,.965,0,.965,0,0,0,.5827066,.0664895,.4789841,.0091561,.2044964,0,.532,.076,.328,.006,.294,0,.3911588,.335224,.1302001,.235,.132,.116,.54,.529,.144,.965,.965,0,.5162171,.469828,.2044964,.456,.321,.294,.5294413,.0814756,.4677024,.0593295,.2597327,.0187825,.447,.104,.381,.082,.361,0,.608,.06,.55,.038,.163,.037,.965,0,.965,0,0,0,.6317655,.0537626,.5770647,.0251021,.3079208,.0243073,.647,.037,.573,0,.539,0,.4479657,.408373,.2409502,.344,.299,.361,.547,.513,.127,.965,.965,0,.578003,.5519626,.2836135,.61,.573,.539
1974-09,10.23904,.4292845,.1057918,.1801787,.0796779,.1342317,.0403312,.38,.124,.11,.092,.086,.079,.477,.088,.248,.068,.181,.003,.279,.03,0,0,0,0,.3661011,.0856987,.2007033,.0527572,.173538,.0018888,.2,.073,.16,.022,.145,0,.3234927,.1005007,.0939005,.256,.018,.007,.389,.18,.178,.248,0,0,.2804025,.1479461,.1716492,.127,.138,.145,.5117525,.1093663,.2726506,.045197,.2306081,.045197,.452,.11,.136,.082,.084,.082,.569,.109,.405,.01,.372,.01,.97,.03,.965,0,.965,0,.4727177,.0819901,.3428015,.0089391,.2981357,.0089391,.322,.028,.204,.006,.142,.006,.4023863,.2274536,.185411,.342,.054,.003,.46,.395,.362,.939,.965,.965,.3907277,.3338623,.2891966,.295,.198,.136,.5537918,.0909356,.3020259,.0448399,.2614087,.0388828,.487,.095,.177,.078,.128,.078,.618,.087,.423,.013,.391,.001,.97,.03,.965,0,.965,0,.5270673,.0581624,.3807784,.0084774,.3379555,.0007758,.382,.003,.273,0,.216,0,.4628563,.2571859,.222526,.392,.099,.05,.531,.41,.39,.939,.965,.965,.4689049,.372301,.3371797,.378,.273,.216
1974-10,10.37341,.3834527,.181081,.2013855,.0320724,.1088404,.012349,.209,.253,.079,.042,.076,.014,.548,.113,.318,.023,.14,.011,.97,0,.278,0,0,0,.4873907,.2041932,.2513362,.0408156,.1313494,.0152437,.332,.35,.108,.069,.104,.022,.2023718,.1693131,.0964914,-.044,.037,.062,.435,.295,.129,.97,.278,0,.2831975,.2105207,.1161057,-.018,.039,.082,.3154004,.2237432,.2673269,.0834859,.2159594,.0393892,.205,.333,.106,.112,.056,.08,.42,.121,.42,.056,.367,.001,.97,0,.97,0,.965,0,.3991592,.1906504,.3368309,.0478557,.2702317,.0007752,.324,.329,.155,.028,.07,0,.0916572,.1838409,.1765702,-.128,-.006,-.023,.3,.364,.366,.97,.97,.965,.2085088,.2889751,.2694565,-.005,.127,.07,.3612112,.1346849,.3152559,.0621993,.2517792,.0393892,.272,.22,.177,.096,.128,.08,.446,.054,.446,.03,.369,.001,.97,0,.97,0,.965,0,.458554,.0979745,.3989719,.0202571,.3166729,.0007752,.439,.169,.277,0,.193,0,.2265263,.2530566,.21239,.052,.082,.048,.392,.415,.368,.97,.97,.965,.3605795,.3787148,.3158977,.27,.277,.193
1974-11,10.31164,.2950444,.219757,.2442871,.127527,.1327208,.0228777,.157,.25,.089,.174,.079,.034,.423,.192,.388,.084,.183,.012,.965,0,.965,0,.273,0,.3739424,.2556523,.3079354,.1365515,.1628497,.0289255,.245,.349,.128,.22,.11,.057,.0752874,.1167601,.1098431,-.093,-.085,.045,.232,.304,.171,.965,.965,.273,.1182901,.1713838,.1339242,-.104,-.092,.053,.2462543,.2407738,.1890825,.1570871,.1822896,.0841173,.111,.304,.056,.239,.042,.115,.372,.182,.313,.081,.313,.055,.965,0,.965,0,.965,0,.3202399,.2340449,.2458912,.1260542,.2370574,.0476642,.193,.307,.097,.198,.073,.028,.0054805,.0319954,.0981723,-.192,-.183,-.073,.19,.232,.257,.965,.965,.965,.086195,.1198369,.1893932,-.114,-.101,.044,.4015399,.1098243,.2830369,.0714811,.2737836,.0543748,.272,.139,.122,.125,.103,.098,.522,.083,.433,.022,.433,.013,.965,0,.965,0,.965,0,.4979847,.0637524,.3680736,.0147285,.3560402,.0089857,.438,.022,.211,0,.178,0,.2917156,.2115557,.2194089,.134,-.003,.004,.439,.411,.42,.965,.965,.965,.4342323,.3533451,.3470545,.416,.211,.178
1974-12,10.28455,.4760349,.1594501,.2348257,.1021726,.2094781,.0528265,.449,.203,.087,.11,.041,.085,.501,.119,.37,.095,.364,.023,.966,.03,.966,.03,.966,.03,.364354,.1950651,.2953472,.1328177,.262397,.068671,.135,.321,.125,.192,.043,.149,.3165848,.1326531,.1566515,.245,-.023,-.044,.382,.275,.341,.936,.936,.936,.1692889,.1625295,.1937259,-.186,-.067,-.106,.4121886,.2250378,.1910559,.127881,.1564403,.0719243,.366,.285,.081,.138,.025,.104,.455,.171,.292,.119,.277,.042,.966,.03,.966,0,.966,0,.3408958,.2645531,.2483601,.1558204,.2033621,.083911,.186,.419,.141,.212,.043,.155,.1871508,.063175,.084516,.081,-.057,-.079,.284,.173,.234,.936,.966,.966,.0763426,.0925398,.119451,-.233,-.071,-.112,.5186573,.0877946,.306043,.0461448,.244466,.0138519,.468,.053,.158,.017,.09,.015,.565,.12,.442,.073,.386,.012,.966,0,.966,0,.966,0,.4792983,.0983557,.3877075,.0495687,.3177898,.0084207,.365,.048,.276,0,.157,0,.4308627,.2598982,.2306141,.415,.141,.074,.446,.369,.374,.966,.966,.966,.3809426,.3381388,.309369,.317,.276,.157
1975-01,9.983928,.4557047,.1911255,.3541304,.1148024,.1595167,.086977,.463,.241,.316,.129,.039,.087,.449,.147,.388,.102,.268,.087,.971,.029,.966,.029,.966,.029,.3314204,.2468111,.2685887,.1492003,.2073123,.1130376,.138,.418,.078,.227,.068,.153,.2645791,.239328,.0725397,.223,.187,-.049,.302,.286,.181,.941,.936,.936,.0846093,.1193884,.0942746,-.279,-.149,-.086,.2957171,.1911723,.1814366,.1086141,.1226926,.0631575,.197,.276,.056,.171,.039,.086,.384,.115,.294,.053,.198,.043,.971,.029,.693,.029,.693,0,.2700372,.2332218,.2004751,.1259269,.1594547,.0713957,.121,.44,.098,.256,.069,.12,.1045447,.0728225,.0595352,-.079,-.115,-.047,.269,.241,.155,.941,.663,.693,.0368154,.0745482,.088059,-.32,-.158,-.052,.3493114,.1580434,.257138,.0552942,.2244104,.0456407,.246,.187,.101,.036,.079,.016,.442,.132,.397,.072,.355,.072,.971,0,.966,0,.966,0,.3494727,.1910341,.2988587,.0574985,.2808632,.0494979,.234,.288,.178,.023,.139,0,.191268,.2018438,.1787698,.058,.065,.063,.31,.324,.282,.971,.966,.966,.1584386,.2413603,.2313653,-.054,.155,.139
1975-02,9.427571,.2558185,.2112326,.1990566,.1040957,.1202201,.0416471,.14,.207,.056,.166,.038,.063,.361,.215,.329,.048,.195,.022,.971,.029,.971,.029,.693,.029,.3082482,.2719294,.2482955,.1332271,.1462317,.0539175,.178,.355,.071,.283,.04,.11,.0445858,.0949609,.078573,-.067,-.11,-.025,.146,.28,.173,.941,.941,.663,.0363188,.1150685,.0923143,-.177,-.212,-.07,.2624236,.3292809,.1783422,.0901003,.1226935,.0428433,.15,.478,.06,.157,.041,.074,.364,.194,.286,.03,.197,.014,.971,.029,.971,.029,.693,.029,.3173249,.2642606,.2211703,.1113753,.1588422,.0501952,.198,.373,.077,.257,.071,.114,-.0668573,.0882419,.0798502,-.328,-.097,-.033,.17,.256,.182,.941,.941,.663,.0530643,.1097949,.108647,-.175,-.18,-.043,.2957794,.260473,.2518732,.0834869,.2180213,.0229335,.162,.431,.11,.12,.088,.008,.417,.106,.381,.05,.336,.036,.971,.029,.971,0,.966,0,.3611875,.1760136,.3163721,.1036469,.2725465,.0252529,.248,.294,.191,.196,.152,.002,.0353064,.1683863,.1950878,-.269,-.01,.08,.311,.33,.3,.941,.971,.966,.1851739,.2127252,.2472936,-.046,-.005,.151
1975-03,8.686417,.1433805,.2957738,.0418417,.1173909,.0167223,.0459402,.173,.357,.046,.062,.034,.051,.116,.24,.038,.168,.001,.041,0,.029,0,.029,0,.029,.1715652,.1850999,.043233,.1501223,.0215982,.0578381,.29,.13,.079,.102,.059,.083,-.1523933,-.0755492,-.0292179,-.184,-.016,-.017,-.124,-.13,-.041,-.029,-.029,-.029,-.0135347,-.1068893,-.0362399,.16,-.023,-.025,.1367937,.3537183,.0182677,.2610748,.005845,.053844,.167,.468,.025,.397,.012,.082,.109,.25,.012,.138,0,.028,0,.029,0,.029,0,.029,.1674153,.2606277,.0235942,.1815517,.0075493,.0687344,.261,.323,.042,.247,.021,.138,-.2169246,-.242807,-.047999,-.301,-.372,-.07,-.14,-.125,-.028,-.029,-.029,-.029,-.0932125,-.1579575,-.0611852,-.062,-.205,-.117,.2215727,.2805806,.093164,.1955104,.0798437,.0268285,.177,.425,.015,.35,.015,.047,.262,.149,.164,.055,.138,.009,.274,.029,.274,.029,.274,0,.2661052,.1655211,.1095198,.0976796,.0923156,.0346511,.278,.247,.027,.168,.027,.08,-.0590079,-.1023464,.0530152,-.249,-.334,-.031,.113,.108,.13,.245,.245,.274,.1005841,.0118402,.0576645,.03,-.142,-.054
1975-04,8.350975,.0937859,.5224229,.0408298,.2203477,.0296848,.045307,.111,.433,.043,.344,.019,.051,.078,.603,.039,.109,.039,.04,0,1,0,.029,0,.029,.1092829,.4656089,.0406514,.0869561,.0262073,.0587182,.193,.222,.074,.106,.033,.088,-.4286369,-.1795179,-.0156222,-.321,-.302,-.032,-.525,-.07,-.001,-1,-.029,-.029,-.356326,-.0463047,-.0325109,-.03,-.032,-.055,.063025,.3942406,.0384837,.2370481,.0126533,.1691593,.068,.485,.055,.373,.013,.316,.059,.313,.024,.114,.012,.037,0,.303,0,.029,0,.029,.0705155,.3242757,.0401974,.1325975,.0163987,.0616371,.086,.312,.068,.154,.022,.102,-.3312156,-.1985644,-.156506,-.417,-.318,-.303,-.254,-.091,-.025,-.303,-.029,-.029,-.2537602,-.0924001,-.0452384,-.227,-.086,-.08,.1135361,.2813779,.0785412,.2221629,.0556626,.1636787,.082,.447,.058,.361,.015,.314,.142,.132,.097,.097,.092,.028,.274,.033,.274,.029,.274,.029,.1359783,.1780047,.0921123,.1133061,.0721392,.0553283,.11,.247,.074,.133,.027,.102,-.1678418,-.1436216,-.108016,-.365,-.303,-.299,.01,0,.064,.24,.245,.245,-.0420265,-.0211938,.0168108,-.137,-.059,-.075
1975-05,7.816854,.0851851,.5419449,.0220535,.4504091,.012286,.2037782,.135,.53,.012,.382,.012,.318,.041,.553,.031,.511,.012,.102,0,.995,0,.995,0,.029,.0974887,.5062505,.0286204,.3874582,.0159444,.0673879,.197,.431,.021,.175,.021,.064,-.4567598,-.4283556,-.1914921,-.395,-.37,-.306,-.512,-.48,-.09,-.995,-.995,-.029,-.4087619,-.3588378,-.0514435,-.234,-.154,-.042,.1671804,.2871924,.0338562,.1947362,.0254484,.1073472,.068,.341,.03,.206,.027,.109,.255,.239,.038,.185,.024,.106,.693,.029,0,.029,0,.029,.2038997,.3437425,.0315759,.2237555,.022137,.1223372,.081,.51,.016,.274,.016,.14,-.120012,-.1608801,-.0818988,-.273,-.176,-.082,.016,-.147,-.082,.664,-.029,-.029,-.1398428,-.1921797,-.1002002,-.429,-.258,-.124,.2424643,.2114895,.0746247,.1356096,.0583971,.0947687,.061,.303,.03,.167,.027,.097,.403,.13,.115,.107,.086,.093,.967,.033,.274,.033,.274,.029,.3023013,.2454974,.084484,.1470227,.0648968,.1060132,.071,.443,.016,.208,.016,.119,.0309749,-.0609849,-.0363716,-.242,-.138,-.069,.273,.007,-.007,.933,.241,.245,.0568039,-.0625387,-.0411164,-.372,-.192,-.103
1975-06,7.611136,.1900589,.3503809,.0196322,.2901514,.0060004,.2335581,.178,.515,.041,.408,.013,.328,.201,.2,0,.182,0,.147,0,.033,0,.028,0,.028,.1736186,.2980267,.0147817,.2201463,.0077589,.1469677,.105,.452,.041,.269,.022,.132,-.160322,-.2705192,-.2275577,-.337,-.367,-.315,.001,-.182,-.147,-.033,-.028,-.028,-.1244081,-.2053646,-.1392088,-.347,-.228,-.11,.3993564,.2342618,.1363254,.1145233,.018322,.0478626,.391,.292,.038,.189,.027,.087,.407,.181,.226,.047,.011,.012,.967,.033,.693,.028,0,.028,.3012843,.3029149,.1656732,.1480857,.0130875,.0618893,.074,.501,.036,.323,.016,.148,.1650946,.0218021,-.0295406,.099,-.151,-.06,.226,.18,-.002,.934,.665,-.028,-.0016306,.0175875,-.0488018,-.427,-.288,-.132,.4501112,.2296207,.2109954,.1171476,.0582578,.0831033,.385,.262,.032,.167,.027,.096,.509,.2,.375,.072,.087,.072,.967,.033,.967,.033,.274,.033,.3669134,.29633,.2622261,.1514791,.0647269,.1074577,.064,.448,.026,.286,.016,.164,.2204906,.0938478,-.0248455,.123,-.134,-.069,.31,.303,.016,.934,.934,.241,.0705834,.110747,-.0427308,-.384,-.26,-.148
1975-07,7.720848,.3872837,.0701564,.1209659,.0494918,.0145718,.0286713,.212,.083,.141,.083,.031,.041,.547,.058,.102,.019,0,.017,.967,.033,0,.033,0,.028,.3983591,.0907027,.0957771,.0639861,.0077072,.0370681,.148,.143,.074,.143,.021,.071,.3171273,.0714741,-.0140995,.129,.058,-.011,.489,.084,-.017,.934,-.033,-.028,.3076564,.031791,-.0293608,.004,-.07,-.049,.4934382,.0700181,.3490485,.0541208,.116928,.0375856,.482,.112,.373,.103,.028,.069,.504,.032,.327,.009,.198,.009,.967,.028,.967,.028,.693,.028,.3820595,.0905239,.2371139,.0699708,.1400399,.048593,.183,.191,.044,.177,.016,.118,.4234201,.2949277,.0793425,.371,.27,-.041,.471,.318,.189,.939,.939,.665,.2915356,.1671431,.0914469,-.008,-.133,-.101,.5109046,.0784854,.3641589,.0664292,.1607623,.0638873,.504,.075,.372,.075,.027,.07,.517,.082,.357,.059,.283,.059,.967,.028,.967,.028,.967,.028,.404641,.101471,.2566496,.085884,.1967117,.0825976,.221,.129,.043,.128,.015,.119,.4324192,.2977297,.096875,.429,.298,-.043,.435,.298,.224,.939,.939,.939,.3031701,.1707656,.1141141,.092,-.086,-.104
1975-08,7.159217,.3508933,.0637389,.1111552,.0269189,.035939,.0154878,.488,.038,.122,.022,.064,.022,.224,.087,.101,.032,.01,.01,0,0,0,0,0,0,.2688749,.0707633,.1142965,.0348788,.0343866,.0200675,.325,.065,.128,.037,.076,.037,.2871544,.0842363,.0204513,.45,.101,.042,.137,.069,0,0,0,0,.1981116,.0794176,.0143191,.26,.09,.039,.2019785,.0980334,.0800624,.0370835,.0142048,.0280951,.223,.077,.112,.059,.028,.059,.183,.118,.05,.017,.001,0,.005,0,0,0,0,0,.2001702,.1151986,.0422035,.0480491,.0084362,.0364029,.28,.132,.09,.101,.021,.101,.1039451,.0429789,-.0138903,.146,.054,-.03,.065,.033,.001,.005,0,0,.0849715,-.0058455,-.0279666,.148,-.01,-.079,.2676716,.0974063,.1482714,.0638687,.0669809,.0568471,.18,.091,.069,.072,.044,.071,.348,.103,.221,.057,.088,.043,.279,0,.274,0,.274,0,.3124068,.1262093,.1577,.0827547,.0768182,.0736568,.282,.157,.092,.123,.048,.123,.1702653,.0844027,.0101338,.089,-.002,-.027,.245,.164,.045,.279,.274,.274,.1861975,.0749453,.0031614,.125,-.031,-.074
1975-09,6.657109,.3110516,.2328059,.1732935,.0177829,.0767433,.0004059,.293,.111,.128,.016,.075,0,.328,.345,.215,.02,.079,.001,0,.968,0,0,0,0,.3609241,.2376164,.1943489,.0112754,.0697828,.0005264,.386,.046,.136,.027,.046,0,.0782457,.1555105,.0763374,.182,.113,.075,-.017,.195,.078,-.968,0,0,.1233077,.1830735,.0692565,.34,.11,.046,.2586522,.2825166,.1269468,.0482331,.0447907,.0269858,.224,.409,.082,.056,.052,.056,.291,.166,.169,.041,.038,0,0,0,0,0,0,0,.29303,.15892,.1222513,.0625425,.0157217,.0349917,.336,.13,.092,.097,.041,.097,-.0238644,.0787138,.0178049,-.185,.026,-.004,.125,.128,.038,0,0,0,.13411,.0597088,-.01927,.206,-.005,-.055,.2947224,.2538726,.1631412,.0568113,.0774119,.0568113,.19,.349,.066,.071,.023,.071,.391,.166,.253,.044,.127,.044,0,0,0,0,0,0,.328018,.1716804,.1868423,.0736656,.0756794,.0736656,.278,.165,.114,.122,.04,.122,.0408498,.10633,.0206006,-.159,-.005,-.048,.225,.209,.084,0,0,0,.1563377,.1131767,.0020138,.113,-.008,-.082
1975-10,6.530955,.3884772,.1626481,.2301017,.085156,.1356694,.0152707,.318,.256,.188,.104,.073,.01,.453,.077,.269,.068,.193,.02,0,0,0,0,0,0,.4669179,.136644,.2865806,.0467217,.1644553,.0074984,.512,.267,.29,.037,.095,.018,.225829,.1449458,.1203987,.063,.084,.063,.377,.202,.173,0,0,0,.3302739,.2398589,.1569569,.245,.253,.077,.473472,.1197616,.2008231,.0528323,.1053422,.0151807,.313,.177,.213,.047,.083,.032,.622,.066,.189,.058,.126,0,.968,0,0,0,0,0,.5941066,.1420569,.2421086,.0657951,.1186274,.0196325,.483,.267,.315,.073,.094,.054,.3537104,.1479908,.0901615,.135,.166,.052,.556,.131,.126,.968,0,0,.4520497,.1763135,.0989949,.216,.242,.04,.4701483,.0841681,.1983468,.0637914,.1479501,.0202128,.366,.103,.176,.068,.088,.039,.566,.067,.219,.06,.203,.003,.968,0,0,0,0,0,.5411825,.0960254,.2389062,.0799681,.1737303,.0261403,.44,.14,.252,.11,.102,.067,.3859801,.1345555,.1277373,.263,.108,.049,.499,.159,.201,.968,0,0,.445157,.1589381,.14759,.301,.142,.035
1975-11,6.431113,.5613006,.1232384,.244815,.1018114,.1285474,.0564536,.45,.188,.167,.17,.072,.084,.662,.065,.315,.04,.179,.031,.973,0,0,0,0,0,.5732172,.0966761,.3160233,.0703819,.1659374,.0212566,.348,.147,.286,.12,.124,0,.4380622,.1430036,.0720938,.263,-.003,-.012,.597,.275,.148,.973,0,0,.476541,.2456413,.1446808,.201,.166,.124,.4017028,.0910465,.3565628,.0712567,.1129204,.0105415,.136,.126,.099,.124,.036,.005,.642,.059,.589,.024,.182,.015,.973,0,.968,0,0,0,.5185443,.1042435,.4602746,.0800629,.145765,.0111132,.233,.179,.17,.179,.062,.002,.3106564,.285306,.1023788,.01,-.025,.031,.583,.566,.167,.973,.968,0,.4143008,.3802117,.1346518,.054,-.009,.06,.3721709,.0866915,.3188714,.0631095,.1261267,.0127463,.124,.115,.073,.107,.032,.009,.596,.061,.541,.024,.211,.016,.973,0,.968,0,0,0,.4804226,.0986218,.4116201,.069546,.1628126,.0139593,.213,.159,.125,.149,.054,.009,.2854795,.2557619,.1133803,.01,-.034,.022,.535,.518,.196,.973,.968,0,.3818008,.3420741,.1488532,.053,-.025,.045
1975-12,6.208017,.3332552,.164669,.2849154,.076111,.1062665,.0547893,.128,.205,.059,.123,.047,.105,.521,.128,.491,.034,.161,.009,.968,0,.968,0,0,0,.4179853,.0995244,.3660786,.0358506,.1365384,.0098011,.217,.104,.1,.037,.079,.01,.1685862,.2088044,.0514772,-.077,-.064,-.058,.393,.458,.152,.968,.968,0,.3184609,.330228,.1267373,.113,.063,.069,.3350753,.2730419,.2687231,.0247007,.2403496,.0151493,.114,.446,.031,.025,.018,.023,.537,.115,.486,.025,.444,.008,.973,0,.973,0,.968,0,.4203239,.1300815,.3452736,.0186682,.3088175,.007742,.193,.145,.053,.006,.03,.006,.0620334,.2440224,.2252003,-.332,.007,-.005,.422,.461,.435,.973,.973,.968,.2902424,.3266054,.3010755,.048,.047,.024,.3496771,.2681319,.2541185,.026782,.2166138,.0236094,.145,.432,.058,.024,.026,.024,.536,.118,.434,.029,.39,.023,.968,0,.968,0,.968,0,.4390853,.12429,.3265087,.0226885,.2783201,.0186121,.246,.124,.097,.008,.045,.008,.0815453,.2273365,.1930044,-.287,.034,.002,.418,.404,.367,.968,.968,.968,.3147953,.3038202,.259708,.122,.089,.036
1976-01,5.98309,.1954521,.3145465,.0893442,.0658188,.053901,.0102275,.233,.409,.08,.037,.018,.021,.161,.228,.098,.092,.087,0,.027,0,0,0,0,0,.2303334,.2038151,.1147492,.0495284,.0692277,.011802,.335,.204,.135,.032,.03,.032,-.1190944,.0235253,.0436735,-.176,.043,-.003,-.067,.006,.087,.027,0,0,.0265183,.0652208,.0574257,.13,.102,-.002,.2409991,.3665923,.2117049,.2043371,.1641753,.0010384,.132,.483,.077,.343,.015,.002,.34,.26,.335,.077,.301,0,1,0,.973,0,.973,0,.3095272,.2315741,.2719032,.0651655,.2108586,0,.223,.222,.129,.037,.025,0,-.1255931,.0073677,.1631369,-.351,-.266,.013,.08,.258,.301,1,.973,.973,.0779531,.2067376,.2108586,0,.092,.025,.3283122,.3561679,.2903418,.2180553,.226542,.0083924,.169,.428,.1,.346,.013,.001,.474,.291,.464,.101,.422,.015,.968,0,.968,0,.968,0,.4216678,.2189948,.3729005,.0827844,.2909592,.0107788,.284,.131,.169,.041,.022,.002,-.0278556,.0722865,.2181496,-.259,-.245,.011,.184,.363,.407,.968,.968,.968,.2026731,.290116,.2801804,.152,.128,.019
1976-02,5.594481,.120618,.3689868,.069194,.1470815,.0429292,.0096202,.161,.315,.064,.286,.027,.02,.084,.419,.074,.02,.058,0,.005,.968,0,0,0,0,.1438514,.3004982,.0776072,.0272544,.0553012,0,.24,.086,.077,.039,.046,0,-.2483687,-.0778875,.033309,-.154,-.222,.007,-.335,.054,.058,-.964,0,0,-.1566467,.0503528,.0553012,.154,.038,.046,.2062317,.3623644,.1507504,.1992092,.1466317,.1653257,.123,.491,.031,.368,.011,.327,.283,.244,.261,.044,.271,.016,.973,0,.973,0,.973,0,.2656668,.2374956,.1941961,.0394843,.1888904,.0141962,.207,.202,.052,.027,.019,.009,-.1561327,-.0484588,-.018694,-.369,-.337,-.316,.04,.217,.255,.973,.973,.973,.0281713,.1547118,.1746942,.005,.025,.01,.2321469,.2771761,.1578524,.2203292,.1490451,.1819612,.163,.481,.033,.379,.014,.33,.296,.09,.273,.074,.273,.046,.973,.027,.968,0,.968,0,.2990507,.1285581,.2033449,.0674927,.1919993,.035626,.275,.187,.055,.049,.024,.013,-.0450292,-.0624767,-.0329161,-.318,-.347,-.315,.206,.199,.227,.946,.968,.968,.1704927,.1358522,.1563733,.088,.007,.012
1976-03,5.417429,.1229635,.3715977,.028934,.1942087,.0217009,.1423199,.117,.52,.02,.285,.02,.273,.129,.235,.037,.111,.023,.023,.005,.027,.005,0,0,0,.1343377,.2621277,.0370508,.0916582,.0277887,.0257633,.195,.287,.033,.049,.033,.029,-.2486343,-.1652747,-.120619,-.404,-.266,-.253,-.106,-.073,.001,-.022,.005,0,-.12779,-.0546074,.0020254,-.092,-.016,.004,.2225324,.3483368,.1568717,.2089375,.1443556,.1680183,.113,.554,.022,.369,.015,.33,.323,.159,.281,.062,.263,.019,.973,.027,.973,0,.969,0,.2849593,.2194494,.2008788,.0591969,.1848516,.0189023,.189,.308,.037,.048,.025,.016,-.1258044,-.0520658,-.0236627,-.441,-.347,-.315,.164,.218,.244,.946,.973,.969,.0655099,.141682,.1659494,-.119,-.011,.009,.2382885,.3393723,.168522,.2309435,.1474494,.1742267,.088,.556,.034,.436,.009,.334,.376,.141,.292,.043,.275,.027,.973,.027,.973,.027,.969,0,.3051355,.2079699,.2157974,.0881658,.1888134,.0276418,.148,.311,.057,.162,.014,.026,-.1010838,-.0624215,-.0267772,-.468,-.402,-.326,.235,.249,.247,.946,.946,.969,.0971655,.1276316,.1611715,-.164,-.105,-.011
1976-04,5.312142,.1109869,.3972924,.046754,.3199827,.0099885,.2072279,.134,.534,.074,.426,.011,.314,.09,.273,.021,.223,.009,.11,0,.027,0,.027,0,0,.1235625,.315373,.0598772,.2163633,.0127922,.1191158,.174,.363,.125,.183,.019,.125,-.2863054,-.2732287,-.1972393,-.399,-.352,-.303,-.183,-.202,-.101,-.027,-.027,0,-.1918105,-.1564861,-.1063236,-.189,-.058,-.106,.149758,.3130617,.0426575,.2367755,.0125592,.1621961,.119,.511,.066,.397,.003,.317,.178,.132,.021,.09,.021,.021,0,.027,0,.027,0,0,.1745578,.1965042,.054631,.1098008,.0160844,.0142878,.151,.326,.11,.135,.005,0,-.1633038,-.1941179,-.1496369,-.393,-.332,-.314,.046,-.069,0,-.027,-.027,0,-.0219464,-.0551698,.0017966,-.174,-.025,.005,.1325148,.3378994,.040765,.2551515,.0118892,.2103044,.101,.524,.048,.427,0,.401,.161,.169,.034,.098,.023,.036,0,.027,0,.027,0,.027,.1524747,.2045958,.0522072,.1333347,.0152263,.0758996,.122,.347,.081,.185,0,.142,-.2053846,-.2143865,-.1984152,-.423,-.379,-.401,-.007,-.064,-.014,-.027,-.027,-.027,-.0521211,-.0811275,-.0606733,-.225,-.104,-.141
1976-05,5.383163,.1399766,.3361684,.0556421,.18939,.0146896,.1629964,.088,.39,.088,.32,.031,.269,.187,.287,.026,.069,0,.065,0,.273,0,0,0,0,.1613574,.2846162,.0540049,.0967471,.0188019,.0629646,.099,.254,.1,.138,.051,.053,-.1961919,-.1337478,-.1483068,-.302,-.232,-.239,-.099,-.043,-.065,-.273,0,0,-.1232588,-.0427422,-.0441627,-.155,-.038,-.002,.2214028,.1962292,.1001836,.0698892,.0170593,.0279539,.097,.144,.075,.068,.023,.012,.336,.244,.123,.072,.012,.043,0,0,0,0,0,0,.230667,.2402261,.1110157,.0785172,.0218351,.0357796,.083,.241,.078,.113,.038,.02,.0251736,.0302944,-.0108946,-.048,.007,.011,.092,.051,-.031,0,0,0,-.009559,.0324985,-.0139445,-.158,-.034,.018,.1775331,.1242234,.1023952,.057023,.0189013,.0363383,.095,.102,.075,.061,.023,.029,.253,.144,.127,.053,.015,.043,0,0,0,0,0,0,.2100193,.1589997,.1138465,.0729865,.0241927,.0465112,.111,.171,.078,.102,.038,.049,.0533097,.0453722,-.017437,-.007,.014,-.007,.109,.074,-.027,0,0,0,.0510195,.0408599,-.0223185,-.059,-.023,-.011
1976-06,5.207151,.2866643,.279217,.0255367,.2249791,.0246272,.1693266,.185,.425,.023,.331,.023,.292,.378,.148,.028,.129,.026,.058,.7,0,0,0,0,0,.3094901,.201015,.0327622,.1417836,.0315955,.0703844,.182,.281,.038,.151,.039,.086,.0074473,-.1994424,-.1446994,-.24,-.308,-.269,.23,-.101,-.033,.7,0,0,.1084751,-.1090214,-.038789,-.099,-.113,-.047,.337734,.1885998,.0907428,.1012853,.0780609,.0377385,.234,.236,.066,.063,.047,.024,.432,.145,.113,.136,.106,.05,1,0,0,0,0,0,.3570576,.2316105,.0872752,.1299437,.0826985,.0484165,.182,.37,.031,.106,.031,.041,.1491342,-.0105424,.0403224,-.003,.003,.023,.286,-.023,.056,1,0,0,.1254471,-.0426685,.034282,-.187,-.075,-.01,.3714768,.1854975,.0859143,.086748,.0791333,.034548,.222,.205,.056,.057,.047,.03,.506,.168,.113,.113,.108,.039,1,0,0,0,0,0,.4008506,.2366283,.092774,.1112932,.0840744,.0443232,.196,.342,.046,.096,.031,.05,.1859794,-.0008337,.0445854,.017,-.001,.017,.338,0,.069,1,0,0,.1642224,-.0185191,.0397512,-.146,-.051,-.019
1976-07,4.87736,.2837099,.1707897,.1481592,.1019171,.013089,.0777302,.203,.149,.036,.13,.026,.088,.357,.19,.251,.077,.001,.068,.969,.027,.696,0,0,0,.352195,.1821185,.1900806,.1203726,.0167926,.0997238,.309,.214,.061,.189,.044,.148,.1129202,.0462422,-.0646412,.054,-.093,-.062,.167,.174,-.067,.943,.696,0,.1700765,.069708,-.0829313,.095,-.128,-.105,.2960764,.2646191,.2359745,.0843703,.0413303,.0541808,.238,.314,.158,.066,.08,.013,.349,.219,.307,.102,.006,.092,.969,0,.969,0,0,0,.3390089,.1655116,.2734011,.106903,.0236826,.0695112,.32,.116,.185,.106,.054,.021,.0314574,.1516042,-.0128506,-.076,.093,.067,.13,.206,-.086,.969,.969,0,.1734973,.1664982,-.0458286,.204,.079,.033,.2768024,.2678353,.2179745,.0840827,.0256888,.0431347,.217,.33,.121,.057,.047,.013,.331,.21,.307,.109,.006,.071,.969,0,.969,0,0,0,.3167392,.1696378,.2620981,.106534,.0154056,.0553396,.26,.143,.154,.092,.032,.021,.0089671,.1338918,-.0174459,-.113,.063,.035,.121,.199,-.065,.969,.969,0,.1471014,.1555641,-.0399341,.117,.062,.01
1976-08,4.98754,.4629495,.1562444,.2360824,.0920885,.1442245,.0512539,.501,.254,.12,.121,.028,.107,.429,.067,.342,.066,.25,.001,.969,.004,.969,0,.696,0,.4308451,.1410969,.3022131,.1065827,.1846242,.0566726,.393,.264,.2,.171,.046,.154,.3067051,.1439939,.0929705,.246,-.001,-.079,.362,.276,.25,.965,.969,.696,.2897481,.1956304,.1279516,.13,.029,-.108,.3371428,.2694257,.221412,.182178,.1811924,.031212,.268,.419,.086,.286,.059,.043,.4,.133,.345,.088,.292,.021,.969,.004,.969,0,.969,0,.4025166,.126877,.2543676,.0628027,.214525,.039955,.401,.168,.095,.075,.052,.071,.0677172,.039234,.1499804,-.151,-.2,.017,.267,.257,.271,.965,.969,.969,.2756396,.1915649,.17457,.233,.02,-.02,.3129846,.2211241,.1972538,.1697866,.1866622,.0390861,.26,.404,.077,.298,.057,.043,.362,.055,.307,.054,.305,.036,.969,.004,.969,0,.969,0,.3832344,.088727,.2350855,.070622,.221527,.0500348,.386,.143,.081,.095,.047,.071,.0918605,.0274672,.1475761,-.144,-.221,.014,.307,.253,.269,.965,.969,.969,.2945074,.1644635,.1714922,.243,-.014,-.024
1976-09,5.050435,.5135598,.1899537,.3787028,.0794322,.2100793,.0429644,.473,.205,.422,.109,.092,.032,.55,.176,.339,.053,.317,.052,.969,0,.969,0,.969,0,.4726124,.2311262,.3225566,.1010784,.2693726,.0550908,.315,.31,.259,.181,.155,.054,.323606,.2992706,.1671149,.268,.313,.06,.374,.286,.264,.969,.969,.969,.2414861,.2214782,.2142818,.006,.079,.1,.3852081,.3369474,.263163,.1974944,.1813249,.1556907,.221,.445,.183,.284,.026,.243,.534,.239,.335,.119,.322,.077,.996,0,.969,0,.969,0,.4710666,.2479451,.3249883,.0808003,.220052,.0279706,.342,.305,.307,.067,.044,0,.0482607,.0656685,.0256342,-.224,-.101,-.217,.294,.216,.244,.996,.969,.969,.2231215,.244188,.1920814,.037,.24,.044,.3993162,.3030177,.2361151,.1684111,.1584506,.1614524,.23,.419,.169,.269,.021,.255,.552,.198,.297,.077,.283,.077,.996,0,.969,0,.969,0,.4891566,.204439,.3027569,.0435083,.2031722,.0353586,.357,.262,.284,.043,.035,.02,.0962985,.067704,-.0030018,-.189,-.1,-.234,.354,.22,.206,.996,.969,.969,.2847177,.2592485,.1678136,.095,.241,.014
1976-10,4.996354,.4799379,.2191399,.3879541,.1396376,.3480669,.0448373,.579,.174,.399,.141,.371,.078,.39,.26,.378,.138,.328,.015,.97,0,.97,0,.97,0,.3932453,.2785912,.3226555,.1766717,.2845478,.0551407,.395,.285,.224,.23,.175,.124,.260798,.2483165,.3032296,.406,.258,.293,.13,.239,.312,.97,.97,.97,.1146541,.1459838,.2294071,.11,-.007,.052,.3295324,.3518579,.2529536,.2607673,.2200827,.1498896,.281,.424,.135,.372,.127,.27,.374,.287,.36,.161,.304,.042,1,0,.996,0,.97,0,.3751199,.3034694,.3242787,.1880124,.2821393,.0458707,.34,.304,.226,.22,.213,.049,-.0223255,-.0078137,.0701931,-.143,-.237,-.143,.087,.199,.262,1,.996,.97,.0716505,.1362663,.2362686,.036,.006,.164,.3479009,.3291834,.277203,.2258499,.2116479,.1449591,.285,.37,.152,.298,.122,.26,.404,.293,.39,.161,.293,.042,1,0,.996,0,.97,0,.3986678,.2566819,.3553658,.1432495,.2713261,.0395499,.348,.164,.255,.096,.204,.032,.0187175,.0513531,.0666888,-.085,-.146,-.138,.112,.229,.251,1,.996,.97,.1419859,.2121163,.2317762,.184,.159,.172
1976-11,4.818194,.2389359,.1674547,.1551092,.092825,.0757225,.0776243,.297,.111,.222,.031,.054,.011,.187,.218,.095,.149,.095,.138,.026,0,.026,0,.026,0,.2023435,.2062533,.1204861,.1192655,.0658174,.0997349,.314,.163,.193,.052,.042,.018,.0714813,.0622842,-.0019018,.185,.191,.044,-.031,-.054,-.043,.026,.026,.026,-.0039098,.0012207,-.0339175,.152,.141,.024,.2067542,.3189659,.1071378,.2550451,.0463968,.2027713,.276,.359,.157,.28,.032,.25,.145,.283,.062,.232,.059,.16,.03,0,.03,0,.026,0,.1807297,.2561792,.0903245,.1829505,.0596125,.1157869,.296,.18,.134,.072,.054,.021,-.1122117,-.1479073,-.1563745,-.083,-.123,-.217,-.138,-.17,-.101,.03,.03,.026,-.0754494,-.092626,-.0561744,.117,.062,.034,.3261932,.2839595,.2072096,.2278659,.1894536,.1918797,.22,.348,.079,.268,.044,.244,.422,.227,.323,.192,.321,.145,1,0,1,0,.996,0,.3932599,.2112015,.2662316,.1480296,.2434179,.101793,.365,.161,.133,.052,.073,.011,.0422338,-.0206563,-.0024261,-.128,-.189,-.201,.196,.131,.176,1,1,.996,.1820585,.1182021,.1416249,.205,.082,.062
1976-12,4.825737,.2174935,.2160552,.1062845,.0671015,.0682664,.02808,.222,.304,.098,.047,.059,.02,.213,.137,.114,.085,.076,.035,.004,0,0,0,0,0,.2210793,.1266887,.078189,.0774888,.0553641,.0360794,.321,.093,.113,.056,.05,.034,.0014383,.039183,.0401864,-.082,.05,.039,.076,.029,.041,.004,0,0,.0943906,.0007003,.0192847,.228,.057,.016,.1827067,.2391073,.0667609,.1884462,.0285695,.1681259,.225,.303,.073,.274,.023,.246,.145,.182,.062,.112,.033,.098,.004,0,.004,0,.004,0,.1635484,.1563079,.0482176,.0912144,.0367084,.0738339,.291,.091,.088,.042,.039,.02,-.0564006,-.1216853,-.1395564,-.078,-.201,-.223,-.037,-.051,-.065,.004,.004,.004,.0072405,-.0429968,-.0371255,.2,.046,.019,.3223615,.2213901,.2327959,.1861324,.1697803,.1496232,.219,.325,.113,.313,.022,.253,.415,.129,.34,.073,.302,.057,.974,0,.974,0,.974,0,.343455,.1335434,.2737968,.0882415,.2181474,.0500601,.281,.128,.19,.108,.037,.032,.1009714,.0466635,.0201571,-.106,-.199,-.231,.287,.267,.245,.974,.974,.974,.2099115,.1855553,.1680872,.153,.083,.005
1977-01,5.016574,.3890593,.1619827,.1415796,.0470862,.033119,.0212137,.236,.112,.146,.004,.04,.004,.527,.207,.137,.086,.027,.037,.974,0,.004,0,0,0,.4842631,.1581781,.1667643,.0604082,.0418094,.0272157,.392,.051,.242,.006,.064,.006,.2270766,.0944934,.0119053,.124,.143,.036,.32,.051,-.01,.974,.004,0,.326085,.1063561,.0145937,.34,.235,.057,.3829503,.2652638,.1087627,.1613636,.0209207,.1313062,.255,.352,.152,.236,.033,.236,.499,.187,.07,.094,.01,.037,.974,0,.004,0,.004,0,.4764256,.1492117,.1246626,.0655495,.0261599,.026988,.423,.064,.251,.006,.053,.006,.1176865,-.0526009,-.1103856,-.097,-.084,-.203,.312,-.024,-.026,.974,.004,.004,.3272139,.0591131,-.0008281,.359,.245,.046,.3454029,.2321143,.249521,.1494889,.1942449,.124115,.195,.271,.164,.236,.091,.232,.482,.197,.327,.071,.287,.026,.974,0,.974,0,.974,0,.4317506,.1540216,.3087411,.0503151,.2492023,.0177622,.293,.058,.242,.007,.152,0,.1132886,.1000321,.0701299,-.076,-.072,-.141,.284,.256,.261,.974,.974,.974,.277729,.258426,.2314401,.236,.235,.152
1977-02,5.632036,.4737619,.1580292,.2549803,.0724265,.0773549,.0175805,.488,.121,.133,.009,.078,0,.461,.191,.363,.129,.077,.033,1,0,.974,0,.004,0,.4574918,.1636343,.3284145,.0910008,.0996331,.0226436,.399,.167,.225,.008,.131,0,.3157327,.1825538,.0597744,.366,.125,.078,.271,.234,.044,1,.974,.004,.2938576,.2374137,.0769894,.232,.217,.131,.3558343,.1508711,.2458946,.065349,.0556526,.0256514,.215,.124,.157,.009,.097,0,.481,.175,.325,.116,.019,.048,1,0,.974,0,.004,0,.4497308,.1531584,.3167121,.081885,.0716805,.0330389,.34,.167,.265,.008,.164,0,.2049632,.1805456,.0300012,.092,.148,.097,.306,.209,-.03,1,.974,.004,.2965724,.2348271,.0386415,.173,.257,.164,.3795063,.1529814,.2184539,.05526,.1958643,0,.277,.14,.094,.009,.083,0,.471,.164,.33,.097,.296,0,1,0,.974,0,.974,0,.4327216,.1415482,.2813685,.0688903,.2522731,0,.311,.196,.158,.008,.14,0,.2265248,.1631939,.1958643,.136,.085,.083,.307,.233,.296,1,.974,.974,.2911734,.2124782,.2522731,.115,.15,.14
1977-03,5.961538,.2841435,.1862043,.1873104,.0391538,.1380594,.0299515,.142,.244,.028,.042,.015,.023,.412,.134,.33,.036,.249,.036,.702,0,.702,0,.702,0,.3174519,.1982659,.2397566,.0359728,.1767155,.0359728,.108,.333,.047,.031,.024,.031,.0979392,.1481567,.1081079,-.103,-.014,-.008,.278,.293,.212,.702,.702,.702,.119186,.2037838,.1407426,-.225,.016,-.007,.3280572,.1655444,.2096319,.0344564,.1216559,.0231458,.191,.216,.047,.033,.002,.009,.451,.12,.355,.036,.229,.036,.702,0,.702,0,.702,0,.3466865,.1705999,.2594608,.0287388,.1557191,.0272616,.115,.283,.054,.012,.004,.008,.1625128,.1751755,.0985101,-.025,.014,-.007,.331,.319,.193,.702,.702,.702,.1760866,.2307221,.1284575,-.167,.041,-.005,.3482679,.1487503,.2742834,.0491259,.1574044,.031795,.14,.193,.118,.046,0,.009,.535,.109,.415,.052,.298,.052,.974,0,.974,0,.974,0,.3906637,.163447,.2959639,.0475158,.201477,.0383326,.081,.247,.044,.034,0,.008,.1995176,.2251575,.1256094,-.053,.072,-.009,.426,.362,.246,.974,.974,.974,.2272168,.2484481,.1631445,-.166,.01,-.008
1977-04,6.292768,.2044747,.2432811,.0962846,.1284182,.0613641,.0198954,.032,.347,.015,.166,.003,.041,.36,.15,.17,.094,.114,.001,.004,.026,.004,0,.004,0,.2602344,.274179,.1225411,.136573,.078098,.0116239,.052,.505,.025,.232,.005,.031,-.0388063,-.0321336,.0414688,-.315,-.151,-.038,.21,.075,.113,-.022,.004,.004,-.0139446,-.0140319,.0664741,-.453,-.207,-.026,.3456715,.2384108,.2353365,.0816867,.1713793,.0042154,.086,.259,.065,.082,.023,.009,.58,.22,.389,.082,.305,0,.703,.297,.703,0,.703,0,.4219051,.2879673,.2814821,.088505,.2181139,.003075,.093,.415,.058,.124,.038,.008,.1072607,.1536498,.167164,-.173,-.016,.014,.359,.307,.305,.406,.703,.703,.1339378,.1929771,.2150389,-.322,-.066,.03,.3367684,.2229997,.2524119,.1053419,.2026214,.0400443,.06,.314,.032,.119,.02,.044,.586,.141,.451,.093,.367,.036,.974,0,.974,0,.974,0,.428604,.2701142,.3212439,.1203715,.2578757,.0372674,.099,.479,.053,.159,.033,.035,.1137686,.14707,.1625772,-.254,-.087,-.024,.445,.358,.331,.974,.974,.974,.1584899,.2008724,.2206083,-.38,-.106,-.002
1977-05,6.321129,.1592634,.3489846,.1161484,.1158894,.0246675,.0736354,.092,.191,.008,.148,.003,.089,.22,.491,.214,.087,.044,.06,.004,.971,.004,0,.004,0,.1848149,.4065849,.1481194,.133891,.0314575,.0800062,.102,.31,.013,.239,.005,.14,-.1897212,.000259,-.0489679,-.099,-.141,-.086,-.271,.127,-.016,-.967,.004,.004,-.2217701,.0142284,-.0485487,-.208,-.226,-.136,.0920773,.1785071,.049473,.1019758,.0367042,.0395874,.106,.162,.02,.091,.02,.021,.08,.193,.076,.111,.052,.056,.004,0,.004,0,.004,0,.10478,.1891817,.0630909,.1161476,.0468075,.0365861,.14,.263,.033,.145,.033,.028,-.0864297,-.0525028,-.0028831,-.057,-.071,-.001,-.113,-.036,-.005,.004,.004,.004,-.0844017,-.0530566,.0102214,-.122,-.112,.005,.1968616,.1882411,.1750347,.1124346,.1645782,.0465714,.056,.169,.023,.108,.02,.023,.323,.206,.312,.117,.295,.068,1,0,.974,0,.974,0,.2488832,.2131938,.2232148,.1410839,.2098801,.0570912,.087,.273,.038,.172,.033,.031,.0086205,.0626001,.1180068,-.112,-.085,-.002,.117,.195,.226,1,.974,.974,.0356894,.0821308,.1527889,-.185,-.134,.002
1977-06,6.435233,.0933633,.3102569,.0252763,.233339,.0220553,.0522128,.124,.148,.008,.119,.008,.077,.066,.456,.041,.335,.035,.03,.025,.971,0,.971,0,0,.1071035,.3752892,.0322597,.2870569,.0281488,.0558884,.173,.219,.013,.199,.013,.128,-.2168936,-.2080628,-.0301575,-.024,-.111,-.069,-.389,-.295,.005,-.945,-.971,0,-.2681857,-.2547972,-.0277396,-.046,-.186,-.115,.1387188,.2535209,.0377362,.1029395,.0253264,.0490777,.213,.103,.022,.072,0,.021,.072,.388,.052,.131,.048,.074,0,0,0,0,0,0,.1655667,.302878,.0366843,.1206302,.0323237,.0518872,.324,.144,.004,.12,0,.036,-.114802,-.0652033,-.0237513,.11,-.05,-.021,-.316,-.079,-.026,0,0,0,-.1373113,-.0839459,-.0195635,.18,-.115,-.036,.2748356,.1991269,.1668486,.091462,.1581505,.0641588,.175,.144,.016,.082,.003,.046,.364,.249,.302,.1,.297,.08,.971,0,.971,0,.971,0,.3507681,.2254442,.2129461,.1167315,.2018449,.0818848,.293,.16,.026,.137,.004,.077,.0757087,.0753865,.0939917,.032,-.066,-.044,.115,.202,.217,.971,.971,.971,.1253239,.0962146,.1199601,.132,-.111,-.073
1977-07,6.445009,.2136396,.4282628,.0875756,.2287788,.0235564,.1590125,.185,.275,.116,.093,.008,.064,.239,.565,.062,.349,.038,.243,.025,.704,.025,.7,0,.7,.2321446,.4599894,.0998812,.2698284,.0300933,.1909243,.265,.25,.16,.127,.013,.107,-.2146232,-.1412032,-.1354561,-.09,.022,-.056,-.325,-.287,-.206,-.678,-.675,-.7,-.2278448,-.1699472,-.160831,.015,.032,-.094,.2548281,.3398127,.1276388,.2040305,.0242568,.0724989,.293,.247,.214,.048,.022,.046,.221,.422,.051,.343,.027,.096,0,.004,0,0,0,0,.2865118,.3572167,.1516461,.2484347,.0195759,.0804034,.449,.233,.324,.08,.005,.076,-.0849846,-.0763918,-.0482421,.045,.165,-.024,-.201,-.291,-.07,-.004,0,0,-.0707049,-.0967886,-.0608275,.216,.244,-.071,.363809,.2469561,.2505926,.1320603,.1779575,.061194,.25,.231,.187,.055,.034,.053,.465,.262,.307,.2,.306,.069,.971,.004,.971,0,.971,0,.4249331,.2508065,.3201315,.1687067,.2273403,.0781752,.41,.205,.312,.092,.057,.088,.1168529,.1185323,.1167636,.019,.132,-.018,.203,.106,.237,.968,.971,.971,.1741266,.1514248,.1491652,.205,.22,-.03
1977-08,6.365847,.1862953,.2552615,.0778597,.1194565,.0321551,.0740861,.174,.317,.032,.06,.019,.04,.197,.201,.119,.172,.044,.104,.296,.004,.025,.004,.025,0,.2168968,.1773172,.0869388,.1425401,.0297373,.0846188,.23,.115,.019,.072,0,.039,-.0689662,-.0415968,-.0419311,-.143,-.028,-.021,-.003,-.054,-.06,.293,.021,.025,.0395796,-.0556013,-.0548815,.115,-.053,-.039,.2143308,.1610244,.1354489,.133516,.0476531,.1116993,.159,.07,.115,.045,.089,.025,.263,.242,.154,.212,.011,.189,.296,0,0,0,0,0,.2391547,.205569,.1469259,.1704509,.0608355,.1425989,.241,.116,.19,.074,.147,.041,.0533064,.0019329,-.0640461,.089,.07,.064,.021,-.058,-.177,.296,0,0,.0335857,-.023525,-.0817634,.125,.116,.106,.3079042,.2161739,.2688454,.1066879,.1795377,.0531448,.185,.174,.115,.132,.089,.024,.417,.253,.405,.084,.26,.079,.996,0,.971,0,.971,0,.3460922,.2111561,.304703,.0713827,.2292037,.0678464,.283,.11,.19,.039,.147,.039,.0917303,.1621576,.1263929,.011,-.017,.065,.164,.321,.181,.996,.971,.971,.134936,.2333203,.1613573,.173,.151,.108
1977-09,6.194545,.3278372,.2875933,.1395666,.1928129,.0517894,.0584388,.239,.409,.108,.272,0,.017,.406,.181,.167,.123,.098,.095,.971,0,.271,0,0,0,.3379877,.2283387,.1436119,.1091198,.0401545,.0744563,.245,.293,.155,.071,0,.029,.0402439,-.0532463,-.0066494,-.17,-.163,-.017,.226,.044,.003,.971,.271,0,.109649,.0344921,-.0343018,-.048,.084,-.029,.3279398,.2246573,.1137415,.1048856,.060836,.0814491,.258,.239,.089,.05,.075,.025,.39,.212,.136,.153,.049,.132,.975,0,.271,0,0,0,.3452546,.272356,.1365382,.1336337,.0775105,.1037735,.225,.356,.123,.083,.123,.04,.1032825,.008856,-.0206131,.019,.038,.05,.178,-.017,-.083,.975,.271,0,.0728985,.0029046,-.026263,-.131,.04,.082,.2529916,.2137021,.2127415,.1096301,.1949961,.0387536,.168,.22,.113,.056,.078,.025,.328,.208,.301,.157,.298,.051,.975,0,.971,0,.971,0,.3139554,.2695952,.2626732,.1396786,.2484427,.0493756,.254,.356,.163,.092,.129,.04,.0392895,.1031114,.1562425,-.052,.057,.053,.12,.144,.247,.975,.971,.971,.0443603,.1229946,.1990671,-.102,.071,.088
1977-10,6.139808,.1682392,.2931279,.1157813,.1093451,.0586492,.0714761,.241,.231,.182,.085,.093,.031,.104,.348,.057,.131,.028,.107,.004,0,0,0,0,0,.1665025,.34908,.1019682,.1391464,.0746337,.0909565,.265,.349,.175,.14,.154,.051,-.1248887,.0064362,-.0128269,.01,.097,.062,-.244,-.073,-.079,.004,0,0,-.1825776,-.0371783,-.0163228,-.084,.034,.103,.1425297,.3405554,.1001998,.1606164,.0415683,.0884968,.24,.499,.181,.144,.073,.026,.056,.201,.029,.175,.013,.144,.004,0,.004,0,0,0,.1337861,.274005,.0821399,.1933198,.0528975,.1126161,.265,.417,.173,.207,.121,.042,-.1980257,-.0604166,-.0469285,-.258,.036,.048,-.145,-.146,-.131,.004,.004,0,-.1402189,-.1111799,-.0597186,-.152,-.035,.079,.1841289,.3577213,.110642,.1405236,.0886528,.0976336,.238,.477,.124,.113,.095,.044,.136,.252,.099,.164,.083,.145,.275,0,.275,0,.271,0,.1867229,.2942913,.1407969,.1788225,.1128146,.1242431,.261,.411,.204,.187,.156,.072,-.1735924,-.0298816,-.0089808,-.239,.011,.051,-.116,-.066,-.062,.275,.275,.271,-.1075684,-.0380256,-.0114284,-.15,.017,.084
1977-11,6.250607,.2113298,.3441439,.0708911,.1975599,.0534747,.0799791,.324,.207,.089,.092,.085,.051,.112,.465,.055,.291,.026,.106,.025,.271,0,0,0,0,.0850584,.3941325,.0429387,.2516933,.0229853,.1018942,.026,.289,.015,.151,.015,.083,-.1328141,-.1266687,-.0265044,.117,-.003,.034,-.354,-.236,-.08,-.246,0,0,-.3090741,-.2087547,-.0789089,-.263,-.135,-.068,.1364636,.2304955,.0590252,.0976251,.0481201,.0578669,.166,.21,.088,.123,.083,.043,.111,.249,.033,.075,.017,.071,.025,.271,0,0,0,0,.1243938,.2748429,.0278214,.1243754,.0161636,.0737231,.136,.294,.015,.202,.013,.071,-.094032,-.0385998,-.0097468,-.044,-.035,.04,-.138,-.042,-.054,-.246,0,0,-.1504491,-.096554,-.0575595,-.157,-.187,-.058,.1948345,.2061209,.1122231,.1355218,.0524979,.0646505,.184,.193,.109,.12,.001,.056,.204,.218,.115,.149,.098,.072,.296,0,.271,0,.271,0,.1858742,.2182898,.0955961,.1471567,.0668829,.0823654,.17,.265,.048,.197,.002,.093,-.0112864,-.0232987,-.0121526,-.008,-.011,-.055,-.014,-.034,.026,.296,.271,.271,-.0324156,-.0515606,-.0154826,-.096,-.149,-.091
1977-12,6.181677,.1571331,.3015299,.033182,.2183321,.0261812,.1554978,.158,.218,.016,.092,.009,.029,.156,.376,.049,.332,.042,.269,0,.003,0,0,0,0,.1999552,.3398651,.0422248,.2345591,.0333161,.1978742,.261,.306,.027,.099,.015,.048,-.1443967,-.1851501,-.1293166,-.06,-.076,-.02,-.22,-.283,-.227,-.003,0,0,-.13991,-.1923343,-.1645581,-.045,-.072,-.033,.2015452,.2260896,.1038333,.0724388,.0443374,.0531047,.227,.141,.156,.063,.084,.051,.179,.303,.057,.081,.009,.055,0,0,0,0,0,0,.2102342,.2630047,.0858938,.0921798,.0112984,.0675768,.248,.23,.13,.104,.015,.084,-.0245444,.0313945,-.0087673,.087,.093,.033,-.124,-.024,-.046,0,0,0,-.0527705,-.006286,-.0562784,.018,.026,-.069,.2102627,.1961841,.1326814,.0927819,.0879356,.0678878,.211,.073,.147,.049,.075,.041,.21,.306,.12,.132,.1,.092,.271,0,.271,0,.271,0,.2213274,.223978,.1226037,.0939328,.066778,.0622546,.221,.117,.115,.08,0,.067,.0140785,.0398995,.0200477,.138,.098,.034,-.097,-.012,.007,.271,.271,.271,-.0026506,.0286709,.0045234,.105,.035,-.067
1978-01,6.190293,.1242036,.3835979,.0726581,.2029522,.0179503,.1450236,.197,.328,.08,.191,.016,.086,.059,.433,.066,.214,.02,.198,0,.705,0,.003,0,0,.1484295,.3622521,.0840351,.2139929,.022812,.1409796,.297,.298,.109,.259,.026,.089,-.2593942,-.130294,-.1270733,-.131,-.11,-.07,-.374,-.148,-.178,-.705,-.003,0,-.2138226,-.1299578,-.1181675,-.001,-.15,-.063,.163381,.3035963,.0789357,.1503992,.0285227,.0451916,.152,.173,.065,.081,.014,.037,.173,.42,.092,.212,.041,.052,.274,.701,0,0,0,0,.2065202,.3245032,.0992032,.1658643,.035136,.0574315,.246,.219,.103,.132,.02,.061,-.1402153,-.0714635,-.0166689,-.021,-.017,-.023,-.247,-.12,-.011,-.427,0,0,-.117983,-.0666611,-.0222955,.027,-.029,-.041,.1523124,.2104663,.0902933,.136874,.0596838,.0653416,.146,.149,.038,.037,.005,.023,.158,.265,.137,.226,.108,.103,.274,0,.271,0,.271,0,.1924536,.2182544,.1136369,.1486759,.074737,.0583742,.236,.213,.059,.059,.005,.038,-.0581539,-.0465807,-.0056578,-.003,.001,-.018,-.107,-.089,.005,.274,.271,.271,-.0258007,-.0350389,.0163628,.022,.001,-.033
1978-02,5.893615,.2284966,.4215591,.0276799,.2689332,.0253752,.1012542,.326,.419,.054,.314,.041,.174,.144,.424,.005,.23,.012,.038,.024,.972,0,.705,0,0,.1432703,.4603799,.0262066,.2661268,.0243963,.109567,.126,.482,.064,.307,.046,.235,-.1930626,-.2412534,-.075879,-.093,-.26,-.133,-.279,-.225,-.027,-.948,-.705,0,-.3171096,-.2399202,-.0851707,-.356,-.243,-.189,.244581,.3604701,.0267953,.1829677,.0208216,.0509016,.295,.39,.006,.134,.006,.068,.201,.335,.045,.225,.034,.036,.028,.705,.003,.705,0,0,.1637416,.4013603,.0329806,.220904,.0253775,.0642121,.074,.487,.007,.189,.007,.112,-.1158891,-.1561724,-.03008,-.095,-.128,-.062,-.134,-.181,-.003,-.677,-.702,0,-.2376188,-.1879234,-.0388346,-.413,-.182,-.105,.3869728,.2465577,.0749064,.0950307,.0536959,.0366262,.311,.385,.026,.134,.005,.02,.453,.128,.117,.062,.096,.051,1,0,.271,0,.267,0,.3337594,.2573673,.0942135,.1099709,.0672181,.0460432,.069,.48,.04,.192,.005,.032,.1404152,-.0201243,.0170698,-.074,-.108,-.015,.325,.056,.045,1,.271,.267,.0763921,-.0157574,.0211749,-.412,-.152,-.027
1978-03,6.030055,.29682,.3396129,.1563244,.2358414,.0308457,.1566564,.388,.194,.292,.081,.041,.051,.217,.466,.038,.37,.022,.249,.003,.972,0,.972,0,.706,.2149064,.421572,.0615556,.2893578,.0381974,.188469,.226,.289,.099,.103,.065,.053,-.042793,-.079517,-.1258107,.195,.211,-.009,-.249,-.332,-.227,-.969,-.972,-.706,-.2066655,-.2278021,-.1502716,-.063,-.004,.013,.2669432,.172559,.1604967,.0777881,.0267059,.0413362,.411,.101,.273,.067,.006,.045,.142,.235,.063,.087,.044,.038,.003,.267,.003,0,.003,0,.1581223,.2198556,.0668715,.099109,.0329229,.0526661,.212,.167,.067,.111,.007,.075,.0943842,.0827086,-.0146303,.31,.206,-.039,-.093,-.024,.006,-.264,.003,.003,-.0617333,-.0322375,-.0197432,.045,-.044,-.068,.3553376,.1259325,.2773046,.069056,.0377019,.0548869,.386,.117,.292,.086,.026,.067,.329,.134,.264,.054,.048,.045,.709,0,.709,0,.003,0,.2707447,.15984,.20441,.0873744,.0469327,.0693216,.17,.192,.067,.141,.039,.109,.2294051,.2082485,-.0171851,.269,.206,-.041,.195,.21,.003,.709,.709,.003,.1109047,.1170357,-.0223889,-.022,-.073,-.069
1978-04,6.195526,.3777453,.3284996,.2496287,.2391862,.135079,.1698083,.542,.149,.336,.125,.27,.022,.234,.486,.174,.339,.017,.299,.003,.997,.003,.973,0,.973,.3004468,.4174484,.1568007,.3039513,.034992,.2157877,.428,.245,.143,.205,.064,.036,.0492457,.0104425,-.0347293,.394,.212,.248,-.252,-.166,-.282,-.994,-.969,-.973,-.1170016,-.1471505,-.1807957,.184,-.062,.029,.4234883,.1448769,.1930075,.0707463,.1197865,.0130021,.525,.061,.331,.061,.251,.028,.334,.218,.073,.079,.005,0,.71,0,.003,0,.003,0,.3653368,.1841056,.0848481,.0899025,.0155588,.0165228,.42,.101,.133,.101,.034,.046,.2786115,.1222612,.1067844,.464,.27,.224,.116,-.007,.005,.71,.003,.003,.1812312,-.0050543,-.000964,.319,.033,-.012,.4040066,.1172857,.2975372,.0957844,.2489078,.0418637,.454,.097,.314,.082,.271,.049,.361,.135,.283,.108,.23,.036,.71,0,.71,0,.71,0,.3421517,.1490435,.2176816,.1217202,.1683024,.0531992,.305,.159,.106,.135,.034,.081,.2867208,.2017528,.2070442,.357,.232,.222,.225,.175,.194,.71,.71,.71,.1931082,.0959614,.1151031,.146,-.029,-.046
1978-05,6.389028,.3292227,.0795879,.2602416,.0164505,.19768,.0076119,.437,.07,.398,0,.29,0,.235,.088,.14,.031,.117,.014,.003,0,.003,0,.003,0,.2499731,.0885964,.1951532,.020824,.1159593,.0096355,.321,.08,.278,0,.102,0,.2496348,.243791,.1900681,.367,.398,.29,.147,.109,.103,.003,.003,.003,.1613766,.1743292,.1063237,.241,.278,.102,.5184142,.0951046,.341695,.0336365,.1531094,.0189162,.476,.105,.429,.038,.303,.038,.556,.086,.265,.03,.022,.002,1,0,.71,0,.003,0,.489462,.1022343,.2982614,.042579,.0595393,.0239452,.385,.122,.329,.062,.123,.062,.4233096,.3080584,.1341932,.371,.391,.265,.47,.235,.02,1,.71,.003,.3872277,.2556824,.0355941,.263,.267,.062,.4829787,.1229618,.3091255,.0471015,.2541157,.0411704,.399,.148,.365,.045,.287,.045,.557,.101,.26,.049,.225,.038,1,0,.71,0,.71,0,.4446058,.1365612,.2570331,.0596236,.1873987,.0521157,.259,.188,.224,.074,.098,.074,.3600169,.262024,.2129453,.251,.319,.242,.456,.212,.187,1,.71,.71,.3080447,.1974095,.1352829,.07,.15,.025
1978-06,6.474843,.4113674,.1329758,.2081915,.0241947,.1858291,.0071836,.543,.121,.284,.021,.266,0,.295,.144,.141,.027,.115,.014,.267,0,.003,0,.003,0,.3432949,.1115394,.129263,.0184326,.1009276,.0091023,.396,.077,.094,0,.065,0,.2783917,.1839969,.1786455,.422,.263,.266,.152,.114,.101,.267,.003,.003,.2317556,.1108304,.0918253,.319,.094,.065,.44634,.1030982,.3091084,.0121427,.1768204,.0054569,.573,.11,.332,0,.319,0,.334,.097,.289,.023,.051,.01,.267,0,.267,0,.003,0,.3876085,.0918253,.2571341,.0153859,.0895127,.0069144,.445,.109,.172,0,.152,0,.3432418,.2969657,.1713634,.463,.332,.319,.238,.266,.04,.267,.267,.003,.2957832,.2417482,.0825983,.336,.172,.152,.4399822,.0811926,.2886745,.0218093,.1643994,.0089237,.545,.081,.274,.012,.274,.007,.347,.082,.301,.031,.067,.01,.267,0,.267,0,.003,0,.3795525,.065029,.2312423,.0276345,.0737742,.0113072,.4,.064,.078,.019,.078,.012,.3587896,.2668651,.1554756,.464,.263,.267,.266,.271,.057,.267,.267,.003,.3145235,.2036079,.062467,.336,.059,.066
1978-07,6.501405,.303543,.2407569,.2292225,.0572953,.0876174,.0100195,.299,.141,.235,.054,.03,.002,.308,.329,.224,.061,.138,.017,0,.734,0,0,0,0,.341486,.2556565,.2474556,.0559482,.1108537,.0117192,.369,.198,.265,.076,.049,0,.0627861,.1719272,.0775979,.158,.182,.029,-.021,.163,.121,-.734,0,0,.0858296,.1915074,.0991345,.171,.189,.049,.2456965,.2599269,.1589032,.040836,.0785896,.0021005,.261,.18,.143,.05,.021,0,.232,.33,.173,.033,.13,.004,.003,.734,.003,0,.003,0,.2501069,.2799103,.1584874,.0351239,.0994318,.0026576,.257,.262,.115,.07,.034,0,-.0142304,.1180671,.0764891,.081,.093,.021,-.098,.14,.126,-.731,.003,.003,-.0298034,.1233635,.0967741,-.005,.046,.034,.32338,.1277002,.2091373,.0364077,.1061653,.0076545,.326,.161,.191,.029,.021,.005,.321,.098,.225,.043,.181,.01,.266,.024,.266,0,.266,0,.3483922,.1135743,.2220437,.0304786,.1343205,.0096845,.363,.233,.194,.039,.034,.007,.1956798,.1727296,.0985108,.165,.162,.016,.223,.182,.171,.242,.266,.266,.2348179,.1915651,.124636,.129,.155,.026
1978-08,6.5393,.3290876,.3292936,.2299247,.1642869,.1850373,.0112292,.271,.337,.214,.063,.185,.013,.38,.323,.244,.253,.185,.01,0,.713,0,.71,0,0,.3612022,.2519471,.2472516,.1768321,.1904881,.0142002,.29,.16,.228,.083,.181,.021,-.0002061,.0656378,.1738081,-.066,.15,.172,.057,-.009,.176,-.713,-.71,0,.109255,.0704195,.176288,.13,.145,.16,.2727067,.4481401,.1605793,.2148541,.114101,.0116497,.212,.402,.139,.118,.107,.014,.326,.489,.179,.3,.12,.01,.003,.997,.003,.734,.003,0,.2899044,.4017057,.1595592,.2402463,.1007838,.0142002,.194,.265,.107,.171,.054,.021,-.1754334,-.0542748,.1024513,-.19,.021,.093,-.163,-.12,.111,-.994,-.732,.003,-.1118013,-.0806872,.0865837,-.071,-.064,.033,.410583,.2634014,.231278,.0846802,.1714518,.0130311,.228,.386,.191,.102,.143,.001,.57,.156,.267,.07,.197,.024,.976,.024,.266,.024,.266,0,.4642594,.1680897,.248963,.0756317,.1733082,.0159471,.22,.238,.191,.145,.113,0,.1471817,.1465978,.1584207,-.157,.089,.142,.414,.197,.173,.952,.241,.266,.2961696,.1733313,.1573611,-.018,.046,.113
1978-09,6.716145,.1730573,.2453803,.1357652,.1906467,.1145938,.0376522,.298,.387,.232,.304,.2,.039,.063,.121,.051,.091,.04,.037,.024,0,0,0,0,0,.1612869,.1524079,.1167332,.0832715,.1014406,.0227338,.326,.262,.226,.129,.205,.062,-.072323,-.0548815,.0769416,-.089,-.072,.161,-.058,-.04,.003,.024,0,0,.008879,.0334617,.0787068,.063,.098,.143,.1888567,.2420298,.081203,.198799,.0490216,.0368837,.32,.423,.142,.353,.098,.078,.074,.083,.028,.063,.006,.001,.003,0,.003,0,.003,0,.1679302,.1724705,.0478133,.1178637,.0186134,.0460578,.358,.32,.079,.207,.041,.125,-.0531731,-.117596,.0121379,-.103,-.212,.02,-.009,-.035,.005,.003,.003,.003,-.0045403,-.0700504,-.0274444,.038,-.128,-.085,.3365041,.2453527,.230715,.1995088,.0808865,.0368837,.315,.439,.174,.353,.149,.078,.356,.076,.28,.064,.021,.001,.976,0,.976,0,.003,0,.3666735,.1766677,.2366685,.1187603,.0588633,.0460578,.35,.346,.132,.207,.123,.125,.0911514,.0312062,.0440028,-.124,-.179,.071,.28,.216,.02,.976,.976,.003,.1900058,.1179082,.0128056,.004,-.075,-.002
1978-10,7.023604,.3569604,.1487018,.1402888,.1009264,.11664,.0801091,.334,.19,.232,.163,.2,.131,.377,.113,.061,.047,.044,.036,.976,0,0,0,0,0,.3711902,.1883018,.1318991,.1278035,.104602,.1014425,.321,.311,.253,.267,.207,.215,.2082586,.0393625,.0365309,.144,.069,.069,.264,.014,.009,.976,0,0,.1828884,.0040956,.0031595,.01,-.014,-.008,.4300758,.1033216,.1308042,.0717905,.0564651,.0570941,.373,.117,.239,.08,.113,.061,.48,.092,.037,.064,.008,.053,.976,0,.003,0,.003,0,.4263221,.1308366,.1065273,.0909086,.0284022,.0722986,.386,.191,.261,.131,.064,.101,.3267542,.0590138,-.0006291,.256,.158,.051,.388,-.027,-.046,.976,.003,.003,.2954854,.0156187,-.0438963,.194,.129,-.036,.4009131,.1179333,.2831037,.0777903,.2019635,.0474712,.318,.139,.243,.095,.121,.041,.473,.1,.318,.063,.272,.053,.976,0,.976,0,.976,0,.422529,.1493395,.3143151,.0985062,.2126477,.060113,.354,.227,.274,.156,.078,.068,.2829798,.2053134,.1544923,.18,.147,.08,.373,.256,.219,.976,.976,.976,.2731895,.2158089,.1525347,.127,.118,.011
1978-11,7.017174,.4584763,.1689578,.2684165,.1127899,.0885391,.0821966,.346,.18,.241,.151,.187,.136,.557,.16,.293,.08,.003,.036,.976,0,.976,0,0,0,.5200422,.2019749,.2798744,.1425262,.0681999,.1038672,.398,.261,.227,.245,.184,.221,.2895184,.1556266,.0063425,.166,.09,.052,.397,.213,-.033,.976,.976,0,.3180673,.1373482,-.0356673,.138,-.018,-.037,.4815838,.1306886,.3019349,.080309,.104148,.0656879,.397,.118,.319,.087,.215,.069,.555,.142,.287,.075,.008,.062,.976,0,.976,0,.003,0,.5287125,.1536162,.3017003,.1014819,.0852966,.083006,.425,.16,.297,.141,.222,.113,.3508952,.221626,.0384601,.279,.232,.146,.414,.213,-.055,.976,.976,.003,.3750963,.2002184,.0022905,.264,.156,.109,.4587742,.1388151,.2938063,.0927793,.2496908,.0722867,.33,.124,.284,.099,.219,.086,.571,.152,.303,.088,.277,.061,.976,0,.976,0,.976,0,.5204187,.1754128,.3119581,.1172399,.2718381,.0913446,.372,.201,.297,.16,.235,.14,.319959,.201027,.1774041,.206,.185,.133,.419,.215,.216,.976,.976,.976,.3450059,.1947182,.1804935,.171,.137,.096
1978-12,6.99955,.2317899,.3270259,.1834951,.0975776,.1326319,.0767403,.293,.459,.262,.111,.19,.104,.178,.211,.115,.086,.083,.052,.285,0,.262,0,.262,0,.2396855,.2372678,.1785525,.1235169,.1141682,.0971404,.33,.33,.279,.182,.161,.17,-.095236,.0859175,.0558916,-.166,.15,.085,-.033,.029,.03,.285,.262,.262,.0024177,.0550357,.0170278,0,.097,-.009,.2171358,.3064554,.1782635,.0710305,.1511471,.0548359,.326,.411,.281,.039,.237,.035,.122,.215,.088,.099,.076,.072,.262,0,.262,0,.262,0,.221136,.2539938,.1719302,.0899128,.1376054,.0694131,.384,.3,.31,.063,.238,.057,-.0893195,.107233,.0963112,-.085,.242,.201,-.093,-.011,.004,.262,.262,.262,-.0328578,.0820174,.0681923,.083,.247,.18,.2306991,.2873977,.185965,.0877823,.157564,.0668161,.333,.408,.27,.061,.237,.044,.141,.182,.112,.111,.088,.086,.262,0,.262,0,.262,0,.2266298,.2051941,.1843695,.1111177,.1484186,.084578,.364,.296,.3,.1,.246,.072,-.0566987,.0981827,.090748,-.074,.209,.193,-.041,.001,.001,.262,.262,.262,.0214358,.0732518,.0638406,.068,.2,.174
1979-01,7.152424,.153447,.1096896,.0574445,.0653241,.0372858,.0335397,.126,.147,.069,.068,.037,0,.178,.076,.047,.063,.037,.063,0,0,0,0,0,0,.1662252,.1121841,.0727969,.0646049,.0472506,.0425035,.163,.167,.113,.061,.061,0,.0437574,-.0078796,.003746,-.022,.001,.037,.102,-.016,-.026,0,0,0,.0540411,.008192,.0047472,-.004,.052,.061,.1779245,.1685313,.0772444,.0943547,.0424511,.048763,.188,.18,.115,.071,.069,.032,.169,.158,.044,.115,.019,.064,.003,.024,.003,0,.003,0,.1972444,.1867517,.0951965,.1195716,.0511044,.0617953,.264,.22,.18,.116,.105,.052,.0093932,-.0171103,-.006312,.008,.044,.037,.011,-.071,-.045,-.021,.003,.003,.0104927,-.0243751,-.0106908,.044,.064,.053,.2018686,.1020646,.0950082,.059516,.0507182,.0413392,.205,.115,.145,.055,.082,.017,.199,.09,.051,.064,.023,.063,.003,.024,.003,0,.003,0,.2275878,.1206987,.1060651,.075422,.064273,.0523873,.292,.164,.198,.089,.134,.027,.099804,.0354923,.0093791,.09,.091,.065,.109,-.013,-.04,-.021,.003,.003,.1068891,.0306432,.0118857,.128,.108,.106
1979-02,7.215182,.406128,.1910185,.0913543,.0697266,.0358953,.0504724,.402,.2,.093,.053,.046,.028,.41,.183,.09,.085,.027,.07,0,.284,0,0,0,0,.3254665,.1981875,.087499,.0887099,.0456679,.0642137,.238,.205,.11,.087,.075,.045,.2151095,.0216277,-.0145771,.202,.04,.018,.227,.005,-.043,-.284,0,0,.127279,-.0012109,-.0185458,.033,.023,.03,.3650951,.1430368,.079785,.0400067,.0388086,.028872,.373,.137,.071,.019,.049,.005,.358,.148,.088,.059,.03,.05,.003,.258,.003,0,.003,0,.3018281,.1371426,.0755261,.0508986,.0493743,.0367325,.199,.101,.081,.031,.081,.008,.2220583,.0397784,.0099366,.236,.052,.044,.21,.029,-.02,-.255,.003,.003,.1646856,.0246275,.0126419,.098,.05,.073,.3825635,.1325584,.0960926,.0405345,.0516012,.0267268,.383,.114,.077,.019,.069,0,.382,.148,.112,.06,.036,.05,.003,.258,.003,0,.003,0,.3112649,.1238114,.1093057,.0515701,.053798,.0340032,.215,.064,.092,.031,.081,0,.2500051,.0555582,.0248745,.269,.059,.069,.234,.053,-.014,-.255,.003,.003,.1874535,.0577356,.0197948,.151,.061,.081
1979-03,7.338425,.269232,.33848,.2104372,.1009157,.0550513,.0453789,.148,.225,.101,.074,.063,.041,.376,.438,.306,.124,.048,.049,0,1,0,.284,0,0,.2895355,.4322566,.252977,.1288746,.0545411,.0579512,.166,.372,.123,.123,.061,.069,-.0692479,.1095215,.0096724,-.077,.027,.022,-.063,.182,-.001,-1,-.284,0,-.1427211,.1241024,-.0034101,-.206,0,-.008,.2122213,.3037638,.1235139,.0716705,.0306993,.004631,.116,.197,.044,.026,.026,0,.297,.397,.193,.112,.035,.009,0,.974,0,.258,0,0,.219493,.3879222,.1447345,.091527,.0262054,.005914,.121,.327,.036,.043,.007,0,-.0915424,.0518434,.0260683,-.082,.018,.026,-.1,.081,.026,-.974,-.258,0,-.1684292,.0532075,.0202914,-.206,-.006,.007,.2185034,.2899644,.1501765,.0612589,.0647942,.0236359,.102,.125,.031,.003,.029,0,.32,.434,.255,.112,.096,.044,0,.974,0,.258,0,0,.2275154,.3555302,.152757,.0782308,.0697464,.0301842,.099,.207,.014,.006,.012,0,-.071461,.0889176,.0411583,-.023,.027,.029,-.114,.143,.052,-.974,-.258,0,-.1280148,.0745262,.0395622,-.109,.009,.012
1979-04,7.599942,.2156157,.4521048,.1065402,.2235736,.0533086,.0736727,.241,.426,.089,.095,.052,.023,.194,.475,.122,.336,.054,.118,0,.977,0,.977,0,.26,.1789697,.4091015,.087134,.2842641,.0559392,.0936716,.203,.275,.082,.158,.053,.038,-.2364891,-.1170334,-.0203641,-.185,-.007,.029,-.282,-.214,-.064,-.977,-.977,-.26,-.2301318,-.1971301,-.0377324,-.073,-.076,.016,.1627799,.4756142,.0790685,.2309856,.0219119,.0597344,.194,.444,.056,.1,.008,0,.135,.504,.099,.346,.034,.112,0,1,0,.974,0,.257,.1486766,.4389925,.0890904,.293688,.02786,.0759497,.158,.305,.061,.166,.013,0,-.3128343,-.151917,-.0378225,-.25,-.044,.008,-.368,-.246,-.078,-1,-.974,-.257,-.2903159,-.2045976,-.0480897,-.146,-.105,.013,.2251326,.4220084,.1025962,.2092356,.0454395,.0597344,.224,.358,.056,.018,.008,0,.226,.478,.144,.377,.079,.112,0,.977,0,.974,0,.257,.2279553,.3708351,.1190048,.2543962,.0577744,.0759497,.208,.163,.061,.03,.013,0,-.1968758,-.1066395,-.0142949,-.134,.038,.008,-.252,-.234,-.034,-.977,-.974,-.257,-.1428798,-.1353915,-.0181753,.044,.031,.013
1979-05,7.893298,.274888,.1557407,.1668428,.1149698,.091216,.0220332,.257,.133,.163,.069,.057,.007,.29,.176,.17,.154,.121,.035,.023,0,0,0,0,0,.2470717,.1839495,.1162173,.1331797,.0678513,.0280394,.209,.217,.072,.115,.031,.012,.1191473,.051873,.0691827,.124,.094,.049,.115,.016,.086,.023,0,0,.0631222,-.0169624,.039812,-.008,-.043,.018,.1700824,.2026367,.1224468,.1501123,.0577342,.0480062,.212,.149,.163,.111,.055,.03,.134,.249,.087,.183,.06,.064,0,0,0,0,0,0,.1511165,.243629,.0971389,.1779019,.0626623,.0610923,.168,.243,.105,.185,.061,.049,-.0325543,-.0276655,.009728,.064,.052,.026,-.116,-.096,-.004,0,0,0,-.0925124,-.080763,.00157,-.075,-.079,.012,.2563123,.1747631,.158981,.1375289,.0688278,.0583413,.278,.138,.152,.082,.038,.01,.237,.206,.165,.186,.095,.1,.023,0,0,0,0,0,.2608519,.2081573,.1436321,.1618882,.07678,.0611147,.278,.227,.086,.135,.033,.016,.0815491,.0214521,.0104865,.14,.07,.028,.031,-.02,-.005,.023,0,0,.0526947,-.0182561,.0156654,.051,-.049,.016
1979-06,8.051259,.3537824,.1252848,.180884,.0414588,.1297273,.0216705,.184,.222,.152,.055,.111,.028,.501,.042,.206,.03,.146,.016,.977,0,0,0,0,0,.359741,.1572611,.1395068,.0516988,.080823,.0276034,.12,.363,.066,.088,.017,.046,.2284976,.1394252,.1080568,-.037,.097,.084,.459,.176,.129,.977,0,0,.2024799,.087808,.0532195,-.243,-.022,-.03,.331464,.2064062,.1389306,.1080761,.1013151,.101684,.201,.23,.169,.073,.113,.06,.444,.186,.113,.138,.091,.138,.977,0,0,0,0,0,.3195256,.2605917,.1105077,.1365544,.0690723,.1295228,.115,.377,.094,.119,.019,.099,.1250578,.0308545,-.0003689,-.029,.096,.053,.258,-.025,-.047,.977,0,0,.058934,-.0260468,-.0604505,-.262,-.025,-.08,.3275924,.173935,.1470067,.1080761,.1077681,.101684,.211,.206,.172,.073,.126,.06,.428,.147,.125,.138,.092,.138,.977,0,0,0,0,0,.3145941,.2192307,.1207948,.1365544,.0772921,.1295228,.132,.336,.1,.119,.041,.099,.1536573,.0389306,.0060842,.006,.099,.066,.282,-.013,-.046,.977,0,0,.0953635,-.0157596,-.0522308,-.205,-.019,-.058
1979-07,8.248123,.4425545,.2726237,.3134555,.0318311,.1522779,.012226,.239,.434,.145,.051,.138,.008,.618,.133,.459,.016,.165,.016,.977,.023,.977,0,0,0,.4715125,.1960233,.319606,.0384637,.1130362,.0145597,.24,.299,.081,.079,.068,.011,.1699308,.2816243,.1400519,-.195,.095,.129,.486,.443,.149,.955,.977,0,.2754892,.2811423,.0984765,-.059,.002,.057,.2945586,.2534438,.159914,.0814523,.1027088,.0512858,.292,.436,.154,.107,.142,.051,.297,.095,.165,.059,.068,.051,.258,0,.258,0,0,0,.3058694,.1837102,.1468554,.1020595,.0735395,.0646199,.329,.338,.095,.175,.076,.084,.0411148,.0784617,.0514229,-.145,.047,.091,.202,.106,.017,.258,.258,0,.1221592,.0447959,.0089196,-.009,-.08,-.008,.2535593,.2425068,.1404409,.0681467,.0824658,.0414195,.217,.396,.133,.078,.125,.048,.285,.11,.147,.059,.046,.036,.258,0,.258,0,0,0,.2533235,.169693,.1218981,.0850068,.0475956,.0519749,.202,.268,.059,.126,.046,.078,.0110525,.0722942,.0410463,-.178,.054,.077,.175,.088,.01,.258,.258,0,.0836305,.0368914,-.0043793,-.066,-.067,-.033
1979-08,8.483485,.4528947,.2341933,.3827244,.1874712,.2869003,.0168253,.286,.403,.186,.351,.142,.019,.598,.087,.553,.045,.412,.015,.978,0,.978,0,.978,0,.4789472,.1523605,.3923694,.092752,.2829824,.0203647,.302,.263,.143,.176,.07,.029,.2187014,.1952531,.2700751,-.117,-.165,.123,.511,.508,.398,.978,.978,.978,.3265867,.2996174,.2626177,.04,-.032,.041,.2936904,.1909079,.1614847,.1668424,.0769226,.0218772,.287,.363,.219,.331,.13,.019,.299,.042,.112,.024,.031,.024,.025,0,.003,0,.003,0,.2990511,.0971366,.1333278,.0785382,.0383091,.02681,.304,.195,.198,.176,.049,.029,.1027825,-.0053577,.0550454,-.076,-.112,.111,.258,.087,.007,.025,.003,.003,.2019145,.0547896,.0114991,.11,.022,.02,.3831789,.2407469,.1973936,.1916178,.1043902,.0401885,.247,.381,.197,.311,.133,.019,.502,.119,.198,.088,.079,.058,1,0,.258,0,.258,0,.4132216,.1607218,.1791407,.110147,.0733525,.0501718,.237,.225,.161,.141,.054,.029,.142432,.0057758,.0642017,-.134,-.114,.114,.383,.11,.021,1,.258,.258,.2524998,.0689937,.0231807,.011,.02,.025
1979-09,8.768703,.4053921,.2199332,.336029,.0741836,.307907,.0558483,.278,.187,.177,.097,.117,.085,.518,.249,.476,.054,.476,.03,1,0,.978,0,.978,0,.4064219,.2816072,.3306748,.0949863,.2946669,.0715094,.255,.315,.123,.163,.022,.144,.1854588,.2618453,.2520587,.09,.08,.032,.269,.421,.446,1,.978,.978,.1248147,.2356884,.2231575,-.06,-.04,-.122,.4046158,.2103942,.1702134,.0460178,.101486,.0360956,.32,.179,.19,.087,.154,.076,.479,.238,.153,.01,.055,.001,.978,0,.003,0,.003,0,.4186129,.2693932,.1555942,.0589221,.0675942,.0462175,.327,.301,.145,.147,.085,.127,.1942217,.1241956,.0653905,.141,.103,.079,.241,.143,.054,.978,.003,.003,.1492197,.0966721,.0213767,.026,-.002,-.043,.3976845,.2507613,.3123172,.0814021,.1478764,.0644372,.298,.186,.178,.09,.151,.081,.485,.308,.43,.073,.145,.05,.978,0,.978,0,.257,0,.3965531,.3210801,.3243621,.104229,.1138086,.0825068,.29,.313,.125,.152,.079,.136,.1469232,.2309151,.0834392,.112,.088,.07,.178,.357,.095,.978,.978,.257,.075473,.2201331,.0313018,-.024,-.028,-.057
1979-10,8.786137,.426809,.1410934,.2802588,.0627314,.2477734,.0546042,.442,.142,.134,.103,.075,.097,.413,.14,.41,.027,.401,.017,1,0,1,0,.978,0,.3805054,.1811188,.3389806,.080527,.2986004,.0700943,.315,.24,.204,.174,.108,.164,.2857156,.2175274,.1931692,.301,.03,-.022,.273,.383,.384,1,1,.978,.1993867,.2584536,.2285061,.075,.029,-.056,.4296139,.1396141,.2622431,.0685163,.0813457,.0463106,.458,.136,.124,.091,.042,.087,.404,.143,.385,.049,.116,.01,.978,0,.978,0,.002,0,.3982753,.1792198,.3300234,.087953,.097809,.0594479,.345,.231,.191,.153,.053,.148,.2899998,.1937268,.0350351,.322,.033,-.045,.262,.336,.106,.978,.978,.002,.2190555,.2420704,.038361,.115,.038,-.095,.4555444,.1572437,.2792845,.0962235,.2400423,.0613108,.464,.131,.146,.087,.063,.087,.448,.18,.397,.104,.396,.038,.978,0,.978,0,.978,0,.4187133,.2018506,.3390505,.1235202,.2886761,.0787035,.355,.222,.228,.148,.089,.148,.2983008,.1830609,.1787314,.332,.058,-.024,.268,.293,.358,.978,.978,.978,.2168627,.2155303,.2099726,.132,.08,-.059
1979-11,8.901271,.2365605,.1757522,.1335641,.0652832,.0948166,.0200609,.29,.206,.117,.05,.066,.025,.19,.149,.148,.078,.119,.016,.002,0,.002,0,.002,0,.2840808,.1122615,.1517744,.083861,.1140902,.0257697,.437,.099,.143,.085,.091,.042,.0608083,.0682809,.0747557,.084,.067,.042,.041,.07,.103,.002,.002,.002,.1718193,.0679134,.0883205,.338,.057,.049,.3754511,.1948811,.2672891,.0547191,.1120333,.0199531,.574,.229,.401,.045,.09,.015,.203,.165,.151,.063,.131,.024,.002,0,.002,0,.002,0,.3298773,.1354872,.1909352,.0702907,.1375531,.0256312,.543,.134,.248,.076,.134,.026,.18057,.2125699,.0920802,.345,.356,.074,.038,.088,.107,.002,.002,.002,.19439,.1206445,.1119219,.409,.171,.108,.3089904,.1120528,.2000687,.0539114,.1341404,.0269438,.388,.109,.211,.045,.127,.015,.241,.114,.191,.062,.14,.037,.002,0,.002,0,.002,0,.3652312,.0884802,.2253133,.0692531,.1527134,.0346113,.608,.1,.306,.076,.199,.026,.1969376,.1461573,.1071966,.278,.166,.112,.126,.129,.103,.002,.002,.002,.276751,.1560602,.1181021,.508,.23,.173
1979-12,9.238139,.2518407,.2097795,.1368816,.0371471,.1237013,.0085244,.269,.085,.13,.055,.098,.001,.237,.318,.143,.021,.146,.015,0,.998,0,0,0,0,.3113802,.2367916,.1636208,.0180003,.1466799,.0109566,.423,.052,.186,.009,.132,.001,.0420612,.0997345,.1151769,.183,.074,.097,-.081,.122,.131,-.998,0,0,.0745886,.1456204,.1357233,.371,.176,.131,.3846571,.217418,.2851489,.0559258,.2318443,.0276084,.491,.109,.389,.085,.333,.026,.292,.311,.195,.031,.144,.029,.002,.998,.002,0,.002,0,.3588757,.2497065,.2309756,.042137,.1624621,.0354857,.45,.101,.276,.059,.181,.045,.1672391,.2292231,.2042359,.382,.304,.307,-.019,.164,.115,-.995,.002,.002,.1091692,.1888386,.1269764,.349,.216,.136,.3415266,.1784136,.202649,.0541499,.1633163,.0241726,.31,.109,.2,.089,.163,.026,.369,.239,.205,.024,.163,.022,.002,.744,.002,0,.002,0,.4255945,.1995733,.247092,.0398545,.1965369,.0310695,.528,.101,.34,.068,.278,.045,.163113,.148499,.1391438,.201,.11,.137,.131,.182,.141,-.742,.002,.002,.2260212,.2072376,.1654674,.427,.273,.234
1980-01,9.500592,.5391277,.201501,.1753303,.1662453,.0925086,.0171804,.59,.068,.194,.037,.077,.037,.495,.317,.159,.278,.106,0,0,1,0,.998,0,0,.4866371,.2405711,.225522,.1952228,.118991,.0034854,.454,.062,.332,.009,.132,.009,.3376268,.0090851,.0753282,.522,.157,.04,.178,-.119,.106,-1,-.998,0,.246066,.0302992,.1155056,.391,.323,.123,.4411336,.0916204,.22104,.0578135,.1447479,.0205527,.35,.11,.22,.037,.129,.032,.52,.076,.222,.076,.158,.011,.002,.253,.002,.253,.002,0,.5048568,.0857824,.2843169,.0557504,.1861848,.007823,.42,.096,.377,.009,.222,.001,.3495132,.1632265,.1241953,.24,.183,.097,.444,.146,.148,-.25,-.25,.002,.4190744,.2285665,.1783618,.324,.367,.22,.4701742,.0589934,.2422876,.0257812,.147364,.022748,.351,.108,.219,.037,.13,.037,.573,.016,.262,.016,.162,.011,.255,.022,.002,.022,.002,0,.5422108,.0438152,.3116471,.0145482,.1895497,.0106468,.423,.093,.376,.009,.224,.009,.4111808,.2165065,.124616,.243,.183,.094,.557,.246,.151,.233,-.02,.002,.4983955,.2970989,.178903,.329,.366,.214
1980-02,9.993072,.3251002,.1941168,.2168234,.1511049,.1177843,.1345056,.275,.031,.121,.001,.093,.001,.369,.337,.301,.283,.14,.252,0,.976,0,.976,0,.976,.4097017,.2367796,.2785107,.1940949,.1512945,.172773,.446,.017,.206,.001,.158,.001,.1309835,.0657185,-.0167213,.244,.12,.092,.032,.018,-.112,-.976,-.976,-.976,.1729221,.0844158,-.0214786,.429,.205,.157,.4803847,.156484,.2725155,.0109132,.1239358,.000357,.39,.277,.235,.023,.12,.001,.56,.051,.305,0,.128,0,.747,0,.002,0,.002,0,.5485151,.0422639,.2893972,.0004586,.1591961,.0004586,.47,.054,.229,.001,.204,.001,.3239007,.2616023,.1235788,.113,.212,.119,.509,.305,.128,.747,.002,.002,.5062512,.2889386,.1587375,.416,.227,.203,.479445,.1612651,.2709789,.0101385,.160633,.000357,.294,.251,.128,.022,.113,.001,.643,.082,.397,0,.203,0,.978,0,.255,0,.002,0,.6079583,.0494005,.3480737,.0004586,.2063338,.0004586,.478,.014,.217,.001,.192,.001,.3181798,.2608404,.1602759,.042,.106,.112,.561,.397,.203,.978,.255,.002,.5585579,.3476151,.2058752,.464,.216,.191
1980-03,10.3904,.2396736,.068525,.1532191,.02801,.1013035,.0003709,.285,.071,.132,.022,.094,.001,.2,.067,.172,.034,.108,0,0,0,0,0,0,0,.3085717,.0744316,.1967737,.0236299,.1309998,.0004796,.488,.081,.224,.001,.162,.001,.1711486,.1252092,.1009326,.215,.111,.093,.133,.138,.108,0,0,0,.2341401,.1731438,.1305202,.407,.223,.161,.40049,.0527432,.3167981,.0190344,.1481286,.001132,.361,.046,.266,.002,.197,.002,.435,.059,.361,.034,.105,0,.978,0,.726,0,.002,0,.4531794,.0672203,.3449537,.0236299,.1282006,.0004796,.438,.077,.274,.001,.159,.001,.3477468,.2977636,.1469966,.315,.264,.195,.376,.327,.105,.978,.726,.002,.3859591,.3213238,.127721,.361,.273,.158,.3815432,.0370502,.3098943,.0003709,.1495204,.0003709,.295,.037,.177,.001,.112,.001,.457,.037,.426,0,.182,0,.978,0,.978,0,.255,0,.4920294,.0479112,.3993771,.0004796,.1933512,.0004796,.504,.064,.302,.001,.193,.001,.344493,.3095235,.1491496,.258,.177,.111,.42,.426,.182,.978,.978,.255,.4441181,.3988975,.1928716,.441,.301,.192
1980-04,9.925364,.1594653,.1114614,.1138135,.000576,.0812486,.0003606,.153,.09,.12,.016,.072,.001,.165,.13,.108,-.012,.089,0,0,.024,0,0,0,0,.1910039,.1253187,.146967,-.0002228,.1045144,.0004701,.221,.1,.208,.024,.123,.001,.0480039,.1132375,.080888,.064,.105,.071,.035,.121,.089,-.024,0,0,.0656852,.1471898,.1040443,.121,.183,.122,.2266758,.1118126,.1088224,-.0014372,.0871553,.0003606,.222,.089,.105,.011,.058,.001,.231,.132,.112,-.012,.112,0,0,.022,0,0,0,0,.2505961,.1257765,.1404604,-.0018735,.1122146,.0004701,.302,.098,.181,.02,.098,.001,.1148632,.1102595,.0867947,.133,.094,.057,.099,.124,.112,-.022,0,0,.1248196,.1423339,.1117445,.204,.161,.097,.2213603,.0683362,.1483051,.0170055,.1138469,.0003606,.242,.105,.169,.037,.095,.001,.204,.036,.13,0,.13,0,0,.022,0,0,0,0,.2572599,.0690996,.1933345,.0221688,.1484139,.0004701,.378,.127,.298,.065,.167,.001,.1530241,.1312996,.1134863,.137,.132,.094,.167,.13,.13,-.022,0,0,.1881604,.1711657,.1479438,.25,.233,.165
1980-05,9.695442,.2241817,.2174806,.1016793,.0717397,.05756,.0059042,.244,.3,.107,.026,.056,.013,.207,.147,.097,.11,.059,0,0,0,0,0,0,0,.2404827,.2005016,.1275622,.0924178,.0734638,.0067188,.362,.328,.177,.043,.095,.02,.0067011,.0299397,.0516558,-.056,.081,.043,.06,-.014,.059,0,0,0,.0399811,.0351444,.066745,.034,.133,.075,.2644792,.2073824,.1564527,.0606923,.0559584,-.0013615,.199,.292,.141,.026,.044,.011,.32,.136,.169,.09,.066,-.012,0,0,0,0,0,0,.2807557,.2010022,.1737522,.0780372,.0728419,-.0017722,.287,.313,.203,.043,.078,.02,.0570969,.0957604,.0573199,-.092,.115,.033,.184,.079,.078,0,0,0,.0797534,.095715,.0746141,-.026,.16,.058,.243005,.0934663,.1392398,.0395077,.0880866,.02523,.244,.108,.16,.026,.109,.011,.242,.081,.121,.051,.07,.037,0,0,0,0,0,0,.2657285,.1206997,.1642722,.0504609,.1146636,.0328423,.405,.189,.275,.043,.193,.02,.1495386,.0997321,.0628565,.136,.134,.098,.161,.07,.033,0,0,0,.1450288,.1138112,.0818213,.216,.232,.173
1980-06,9.520981,.3311717,.1376754,.086913,.0275087,.0301639,.010466,.138,.102,.099,.062,.04,.013,.493,.168,.076,-.002,.022,.008,1,0,0,0,0,0,.3613204,.1789871,.0631229,.0357632,.035835,.0136065,.119,.181,.108,.111,.061,.023,.1934963,.0594043,.0196979,.036,.037,.027,.325,.078,.013,1,0,0,.1823334,.0273597,.0222286,-.062,-.002,.038,.3565681,.1332879,.099626,.0510412,.0536875,.0106213,.111,.161,.07,.077,.032,.023,.562,.11,.125,.029,.072,0,1,0,0,0,0,0,.4191783,.1712543,.0851366,.0663569,.0525569,.0138084,.188,.281,.114,.136,.047,.041,.2232802,.0485848,.0430662,-.05,-.007,.009,.452,.095,.072,1,0,0,.247924,.0187797,.0387486,-.093,-.022,.006,.3727085,.0741454,.1021029,.0207173,.0631665,.0106213,.157,.091,.068,.045,.055,.023,.554,.06,.131,.001,.07,0,1,0,0,0,0,0,.4338363,.0819271,.0820311,.0269338,.0648802,.0138084,.249,.119,.092,.079,.087,.041,.2985632,.0813856,.0525452,.066,.023,.031,.494,.13,.07,1,0,0,.3519092,.0550973,.0510719,.131,.012,.046
1980-07,9.534669,.2154914,.1635834,.0543515,.068205,.0330163,-.0018187,.249,.114,.055,.026,.048,0,.187,.205,.054,.104,.02,-.004,.002,0,.002,0,0,0,.1696165,.2111012,.0515221,.0886144,.0238026,-.0023629,.156,.197,.039,.045,.028,0,.051908,-.0138535,.034835,.135,.029,.048,-.017,-.049,.024,.002,.002,0,-.0414848,-.0370924,.0261654,-.041,-.006,.028,.1180244,.1891464,.0418402,.0526667,.0280845,.0262315,.06,.188,.017,.05,.011,.032,.166,.19,.062,.055,.042,.021,.002,0,.002,0,0,0,.1255254,.2136591,.0387999,.0684265,.020928,.034081,.069,.236,.031,.087,.02,.057,-.071122,-.0108264,.001853,-.129,-.032,-.021,-.023,.007,.021,.002,.002,0,-.0881337,-.0296266,-.013153,-.167,-.057,-.037,.1295129,.1702646,.0532176,.0225994,.0418007,.0109771,.067,.212,.026,.042,.02,.024,.182,.136,.076,.007,.06,0,.002,0,.002,0,0,0,.1398364,.13859,.0535818,.029362,.0387485,.0142619,.079,.127,.046,.073,.035,.043,-.0407517,.0306182,.0308236,-.145,-.015,-.004,.046,.069,.06,.002,.002,0,.0012465,.0242198,.0244866,-.047,-.027,-.007
1980-08,9.59569,.3401432,.2016128,.0879238,.118758,.0221833,.0581999,.482,.09,.044,.058,.024,.019,.221,.295,.125,.169,.02,.091,0,.255,0,0,0,0,.2750728,.2273201,.089621,.1522782,.0160551,.0753374,.352,.142,.005,.097,.005,.032,.1385304,-.0308343,-.0360166,.392,-.014,.006,-.074,-.045,-.071,-.255,0,0,.0477527,-.0626572,-.0592823,.209,-.092,-.027,.3384815,.248452,.0921474,.0728958,.0333081,.0167909,.403,.256,.007,.057,.003,.012,.284,.242,.163,.087,.059,.021,.002,.274,.002,0,.002,0,.2826406,.2269977,.104224,.0943607,.0289591,.0217351,.286,.252,.01,.099,.005,.02,.0900296,.0192515,.0165173,.147,-.049,-.009,.042,.077,.038,-.272,.002,.002,.0556429,.0098632,.007224,.034,-.088,-.015,.3656445,.1775011,.1045309,.0986599,.0470041,.0089452,.449,.231,.018,.14,.017,.012,.295,.132,.177,.064,.072,.007,.002,0,.002,0,.002,0,.3051418,.167365,.1202539,.0653083,.046688,.0115792,.328,.219,.029,.059,.029,.02,.1881434,.0058709,.0380589,.218,-.121,.005,.163,.113,.066,.002,.002,.002,.1377768,.0549457,.0351088,.109,-.03,.009
1980-09,9.633639,.4794367,.0981688,.2368506,.0589088,.0703473,.0497665,.433,.081,.3,.059,.022,.041,.518,.113,.184,.059,.111,.057,.745,0,0,0,0,0,.4679078,.109486,.1535526,.0729243,.0797915,.0644899,.303,.131,.071,.094,.005,.071,.3812679,.1779419,.0205808,.352,.241,-.019,.405,.125,.053,.745,0,0,.3584219,.0806283,.0153016,.172,-.023,-.066,.5256546,.0933882,.2540852,.0708734,.0652576,.0003663,.43,.165,.298,.116,.006,.001,.606,.033,.217,.033,.115,0,.726,0,.002,0,.002,0,.5391672,.0449366,.1872541,.0267916,.0845641,.0004746,.33,.064,.101,.01,.01,.001,.4322664,.1832118,.0648914,.264,.182,.005,.573,.184,.115,.726,.002,.002,.4942307,.1604625,.0840895,.266,.091,.009,.538201,.078028,.2550468,.0629059,.0713525,.0479312,.443,.168,.331,.137,.011,.105,.618,.002,.191,.001,.122,0,1,0,.002,0,.002,0,.5554255,.0284447,.1885002,.0198796,.0924622,.0004746,.353,.079,.159,.056,.02,.001,.460173,.192141,.0234213,.274,.195,-.094,.616,.19,.122,1,.002,.002,.5269808,.1686206,.0919876,.274,.103,.018
1980-10,9.619564,.3973371,.2580197,.2379906,.0813197,.0937048,.0698682,.203,.366,.089,.046,.017,.043,.558,.169,.361,.111,.157,.092,1,0,.744,0,0,0,.5122221,.2118119,.3064546,.0768553,.1201355,.0620677,.352,.36,.152,.08,.027,.075,.1393174,.1566708,.0238366,-.163,.043,-.026,.389,.251,.065,1,.744,0,.3004102,.2295993,.0580678,-.008,.072,-.047,.4044156,.1633865,.2417407,.0314212,.0976184,.0201943,.235,.253,.078,.031,.016,.007,.544,.09,.377,.031,.165,.031,1,0,.726,0,.002,0,.5222301,.1511722,.3121647,.0264421,.1260566,.0226932,.41,.304,.136,.013,.027,.001,.2410291,.2103195,.0774241,-.018,.046,.009,.455,.346,.134,1,.726,.002,.3710579,.2857226,.1033635,.107,.123,.026,.4876843,.1298085,.3711971,.0224286,.2010595,.0122963,.48,.227,.332,.048,.3,.027,.494,.049,.404,.001,.12,0,1,0,1,0,.002,0,.4953173,.1217006,.344895,.0182139,.1251928,.0158785,.436,.259,.178,.052,.121,.047,.3578758,.3487686,.1887632,.253,.284,.272,.445,.403,.12,1,1,.002,.3736167,.3266811,.1093144,.176,.125,.074
1980-11,9.727694,.3154429,.1472709,.3009263,.0434326,.2049273,.0232096,.043,.15,.03,.027,.03,.003,.541,.145,.526,.057,.35,.04,.98,0,.98,0,.724,0,.406256,.1296132,.3875602,.0559364,.263924,.0298914,.075,.082,.052,.046,.052,.006,.1681719,.2574937,.1817177,-.107,.003,.026,.397,.469,.311,.98,.98,.724,.2766429,.3316239,.2340326,-.007,.005,.046,.2269251,.1176517,.2024508,.0439757,.0978035,.0045925,.14,.116,.12,.043,.03,.01,.299,.119,.271,.045,.154,0,.256,0,.256,0,.002,0,.2922548,.1201398,.2607346,.0252533,.1259602,.0025189,.242,.154,.208,.026,.052,.007,.1092734,.1584751,.093211,.024,.078,.02,.18,.225,.154,.256,.256,.002,.1721149,.2354813,.1234412,.088,.181,.044,.3365265,.0795265,.3065121,.0264879,.2342665,.0009422,.384,.086,.356,.039,.271,.001,.297,.074,.266,.016,.204,.001,.256,0,.256,0,.256,0,.3009045,.0864147,.2622492,.0181068,.1692048,.0012134,.271,.101,.222,.02,.077,.001,.2570001,.2800242,.2333243,.298,.317,.27,.223,.25,.202,.256,.256,.256,.2144898,.2441424,.1679914,.17,.202,.075
1980-12,9.556633,.3676481,.1897029,.2277751,.1018587,.2276831,.0294299,.138,.222,.016,.118,.016,.013,.557,.163,.402,.089,.402,.043,.978,0,.978,0,.978,0,.4207523,.1844668,.2931286,.0722552,.2930102,.037874,.166,.205,.028,.029,.028,.022,.1779452,.1259164,.1982532,-.083,-.101,.003,.393,.313,.359,.978,.978,.978,.2362855,.2208733,.2551363,-.04,0,.006,.2303687,.1396266,.0932678,.0444758,.0793124,.0175415,.154,.184,.054,.043,.04,.013,.294,.103,.125,.046,.112,.021,.002,0,.002,0,.002,0,.2567861,.1200226,.1200283,.0572368,.1020687,.0225745,.23,.14,.094,.074,.069,.023,.0907421,.048792,.0617709,-.03,.012,.027,.19,.079,.091,.002,.002,.002,.1367635,.0627915,.0794943,.09,.02,.046,.2894316,.0725629,.1193837,.0327406,.1116451,.0135898,.136,.06,.053,.024,.038,.013,.416,.083,.174,.04,.172,.014,.256,0,.256,0,.256,0,.3341959,.0925458,.1536374,.0421345,.1436785,.017489,.203,.102,.091,.041,.065,.023,.2168687,.0866432,.0980554,.075,.029,.025,.334,.134,.159,.256,.256,.256,.2416501,.1115029,.1261895,.101,.05,.043
1981-01,9.477945,.2346982,.1906315,.1400108,.0278283,.035034,.0042496,.161,.331,.104,.011,.005,.009,.295,.076,.169,.042,.06,0,.02,.002,0,0,0,0,.2739237,.0945344,.1553516,.0350368,.0451501,.0054766,.194,.122,.105,.016,.009,.016,.0440667,.1121826,.0307845,-.17,.093,-.004,.219,.128,.06,.018,0,0,.1793892,.1203148,.0396734,.072,.089,-.008,.3035231,.2312236,.1887916,.0040109,.0818561,.0033693,.159,.376,.081,.009,.043,.007,.422,.113,.277,0,.114,0,.02,.254,0,0,0,0,.3208721,.1468475,.2041034,.0043422,.1054919,.0043422,.195,.2,.107,.013,.074,.013,.0722995,.1847807,.0784867,-.217,.072,.035,.309,.277,.114,-.234,0,0,.1740246,.1997612,.1011497,-.005,.094,.061,.4575479,.2000514,.2393572,.0040109,.0975167,.0033693,.238,.404,.072,.009,.041,.007,.637,.033,.376,0,.143,0,1,0,.256,0,.256,0,.473998,.1052253,.2692697,.0043422,.1256745,.0043422,.152,.244,.091,.013,.072,.013,.2574965,.2353463,.0941474,-.166,.063,.034,.603,.376,.143,1,.256,.256,.3687726,.2649275,.1213323,-.093,.078,.059
1981-02,9.414377,.3813371,.3216956,.1616542,.1272988,.1252064,.0019663,.403,.35,.101,.279,.066,.004,.363,.298,.212,.001,.175,0,0,.98,0,.002,0,0,.4007028,.2641137,.1819518,.0131321,.1383854,.0017136,.43,.16,.097,.037,.046,.005,.0596415,.0343554,.1232401,.053,-.178,.062,.065,.211,.175,-.98,-.002,0,.1365891,.1688197,.1366718,.269,.06,.041,.4154278,.1607088,.2124622,.1204295,.1435311,.000639,.301,.353,.112,.264,.059,.001,.511,.001,.296,.001,.214,0,0,0,0,0,0,0,.4035092,.056267,.2063416,.0042632,.1476513,0,.252,.166,.115,.011,.071,0,.2547191,.0920327,.1428921,-.052,-.153,.057,.51,.296,.214,0,0,0,.3472422,.2020784,.1476513,.086,.104,.071,.4951699,.175425,.3923829,.1317008,.1943289,.000639,.301,.366,.235,.289,.07,.001,.657,.017,.524,.001,.298,0,.98,0,.98,0,.256,0,.5205606,.0752669,.3878543,.0188155,.2132353,0,.252,.189,.136,.055,.091,0,.3197449,.2606821,.1936899,-.065,-.055,.069,.64,.523,.298,.98,.98,.256,.4452937,.3690388,.2132353,.064,.082,.091
1981-03,8.936833,.1728931,.1746981,.1183034,.0738845,.0566881,.0247644,.15,.17,.061,.082,.013,.053,.192,.179,.166,.067,.093,.001,0,.274,0,.254,0,0,.2092112,.2053436,.1521318,.0757028,.0728978,.0125371,.259,.236,.106,.086,.023,.036,-.001805,.044419,.0319238,-.02,-.021,-.04,.013,.099,.092,-.274,-.254,0,.0038675,.0764289,.0603608,.022,.021,-.012,.3175207,.1197571,.1163239,.0411068,.0751226,.0182132,.126,.198,.061,.089,.019,.039,.479,.053,.163,.001,.122,.001,.98,.02,0,0,0,0,.3951944,.1346925,.1364662,.0335525,.0834837,.0041126,.218,.286,.105,.097,.034,.011,.1977637,.0752171,.0569094,-.072,-.028,-.02,.425,.163,.121,.96,0,0,.2605019,.1029137,.0793711,-.068,.008,.023,.3146437,.1699816,.2493988,.0492395,.206002,.0294177,.121,.198,.06,.089,.032,.064,.478,.146,.409,.016,.353,.001,.98,.02,.98,0,.98,0,.3914947,.1992785,.3207132,.0440107,.2649072,.018521,.209,.286,.103,.097,.055,.053,.1446621,.2001593,.1765843,-.077,-.03,-.032,.332,.394,.352,.96,.98,.98,.1922162,.2767025,.2463862,-.077,.006,.002
1981-04,8.859823,.2117214,.2660452,.0797011,.0598895,.0534268,.0016879,.108,.216,.07,.003,.036,.003,.299,.308,.088,.108,.068,.001,.726,.02,0,.02,0,0,.2594152,.2620316,.0893483,.077149,.0688238,.0021744,.187,.136,.12,.005,.063,.005,-.0543239,.0198116,.0517389,-.108,.067,.033,-.01,-.019,.067,.706,-.02,0,-.0026164,.0121994,.0666494,.051,.115,.057,.2768076,.2981285,.2393767,.0295472,.0645382,.0016879,.123,.24,.05,.003,.026,.003,.406,.347,.398,.052,.097,.001,.98,.02,.98,.02,0,0,.3432586,.3033609,.2950405,.0380624,.0698155,.0021744,.213,.179,.087,.005,.044,.005,-.0213208,.2098295,.0628502,-.117,.047,.023,.059,.347,.097,.96,.96,0,.0398976,.2569782,.0676412,.035,.082,.039,.2480775,.2181557,.2038288,.0233767,.1873951,.0030085,.097,.214,.027,.006,.014,.006,.375,.221,.353,.038,.333,.001,.98,.02,.98,.02,.978,0,.3062488,.2003409,.2492481,.0301136,.2414001,.0038756,.168,.133,.046,.01,.024,.01,.0299219,.1804521,.1843865,-.117,.021,.008,.154,.315,.332,.96,.96,.978,.105908,.2191345,.2375246,.034,.036,.014
1981-05,8.561245,.2665122,.3221683,.1435651,.158368,.0254112,.0526173,.18,.292,.029,.035,.003,.003,.338,.347,.239,.26,.044,.094,.978,0,.724,0,0,0,.3305313,.2699948,.1848837,.1895451,.0327247,.0677607,.275,.076,.05,.019,.006,.005,-.0556561,-.0148029,-.027206,-.112,-.007,.001,-.009,-.021,-.05,.978,.724,0,.0605365,-.0046613,-.0350361,.199,.031,.001,.2963527,.3598173,.126982,.1797952,.1066985,.0263737,.198,.333,.052,.038,.016,.003,.378,.382,.189,.298,.182,.046,.98,0,.256,0,.256,0,.3689601,.3184793,.163528,.2171391,.1374068,.0339642,.308,.147,.091,.023,.028,.005,-.0634646,-.0528131,.0803248,-.134,.014,.014,-.005,-.108,.136,.98,.256,.256,.0504808,-.0536111,.1034426,.16,.068,.024,.2813119,.3079026,.2155584,.1637026,.1868144,.0204573,.197,.392,.052,.152,.016,.006,.351,.238,.351,.173,.328,.033,.98,0,.98,0,.98,0,.3495905,.1865879,.2775971,.1313795,.2405804,.026345,.306,.056,.091,.028,.028,.01,-.0265907,.0518558,.166357,-.194,-.1,.01,.113,.178,.296,.98,.98,.98,.1630026,.1462176,.2142353,.25,.063,.018
1981-06,8.349703,.176379,.3038242,.0943663,.2283415,.0375825,.095333,.216,.332,.11,.246,.022,.011,.144,.281,.082,.214,.05,.164,0,.002,0,0,0,0,.2224332,.2472047,.1218398,.1643547,.0485241,.1230879,.362,.188,.192,.037,.039,.019,-.1274451,-.1339752,-.0577506,-.116,-.136,.012,-.137,-.132,-.114,-.002,0,0,-.0247714,-.0425149,-.0745638,.174,.155,.02,.2039796,.3410079,.0844576,.2442881,.0482614,.1117755,.292,.412,.084,.268,.003,.014,.132,.283,.085,.225,.085,.192,.002,0,.002,0,.002,0,.1809519,.2946722,.0962784,.1844021,.062312,.1437756,.261,.326,.108,.075,.006,.023,-.1370283,-.1598305,-.0635141,-.121,-.185,-.01,-.15,-.14,-.107,.002,.002,.002,-.1137203,-.0881238,-.0814636,-.065,.033,-.017,.1218687,.3760911,.0325704,.2129149,.0309745,.099229,.122,.529,.02,.364,.017,.127,.122,.251,.043,.089,.043,.077,.002,0,.002,0,.002,0,.152053,.2761616,.0420528,.0800873,.0399924,.0637686,.197,.338,.035,.05,.029,.028,-.2542224,-.1803445,-.0682545,-.408,-.344,-.11,-.129,-.047,-.034,.002,.002,.002,-.1241087,-.0380345,-.0237763,-.142,-.015,.001
1981-07,8.1914,.2028172,.3781987,.1108325,.1185158,.0811708,.0846064,.165,.247,.123,.039,.069,.015,.234,.485,.101,.183,.091,.141,0,1,0,.002,0,0,.2260291,.3979554,.1434035,.1396599,.105025,.1094703,.277,.197,.215,.068,.12,.026,-.1753815,-.0076833,-.0034356,-.082,.084,.054,-.251,-.082,-.05,-1,-.002,0,-.1719263,.0037436,-.0044452,.08,.147,.094,.1717376,.1445227,.0454165,.0764325,.0253648,.0360666,.114,.197,.04,.067,.003,.02,.219,.102,.05,.084,.043,.049,0,.019,0,0,0,0,.1806349,.1727638,.0535823,.0846636,.0328189,.0461199,.173,.342,.054,.114,.006,.033,.0272149,-.031016,-.0107017,-.083,-.027,-.017,.117,-.035,-.006,-.019,0,0,.0078711,-.0310812,-.0133009,-.17,-.06,-.027,.1549535,.2288458,.0493106,.1184594,.0235447,.0703771,.087,.4,.053,.183,.003,.126,.21,.09,.047,.066,.04,.025,0,.019,0,0,0,0,.1489818,.2047112,.0586209,.0746166,.0304639,.0260889,.096,.463,.076,.125,.006,.025,-.0738923,-.0691488,-.0468324,-.312,-.131,-.123,.12,-.019,.015,-.019,0,0,-.0557294,-.0159958,.004375,-.367,-.048,-.019
1981-08,8.002525,.2179456,.2303449,.1579288,.1352073,.0771713,.1029838,.128,.193,.079,.061,.058,.025,.291,.261,.222,.196,.093,.167,0,0,0,0,0,0,.251116,.2534325,.1738136,.1597558,.0993975,.1182516,.222,.248,.136,.106,.1,.043,-.0123993,.0227216,-.0258125,-.065,.018,.033,.03,.027,-.074,0,0,0,-.0023165,.0140578,-.0188541,-.026,.031,.058,.327137,.1929863,.1399505,.0941444,.0368442,.0487096,.093,.291,.081,.137,.039,.036,.518,.113,.188,.059,.035,.059,.979,0,0,0,0,0,.3866372,.1605835,.1455388,.1063034,.0423372,.0477828,.146,.284,.125,.236,.053,.061,.1341507,.0458061,-.0118654,-.198,-.056,.003,.405,.129,-.024,.979,0,0,.2260537,.0392355,-.0054455,-.138,-.111,-.008,.2972614,.2134376,.1033442,.1610331,.0135898,.1030157,.054,.327,.017,.286,.014,.157,.496,.121,.173,.059,.013,.059,.979,0,0,0,0,0,.3481571,.1968677,.0983894,.1307455,.0123852,.0560184,.078,.376,.015,.309,.009,.086,.0838238,-.057689,-.0894259,-.273,-.269,-.143,.375,.114,-.046,.979,0,0,.1512894,-.0323561,-.0436331,-.298,-.294,-.076
1981-09,7.710362,.219967,.3890499,.1685397,.1746827,.1227744,.1249695,.186,.507,.101,.163,.064,.1,.248,.291,.225,.185,.171,.146,.002,0,0,0,0,0,.26442,.3431506,.21627,.1958676,.157544,.1603607,.266,.409,.172,.195,.11,.171,-.1690828,-.0061429,-.0021951,-.321,-.062,-.036,-.043,.04,.025,.002,0,0,-.0787306,.0204025,-.0028168,-.142,-.022,-.061,.3644714,.4275134,.2820867,.1542183,.0970589,.0598803,.192,.6,.067,.267,.056,.105,.507,.285,.46,.061,.131,.022,.981,0,.979,0,0,0,.4498478,.3485055,.356914,.1256062,.1194866,.0762792,.277,.437,.1,.244,.08,.179,-.063042,.1278684,.0371786,-.407,-.199,-.05,.222,.399,.109,.981,.979,0,.1013423,.2313078,.0432074,-.16,-.143,-.098,.2439486,.3751022,.106053,.1054702,.0752232,.0736846,.281,.499,.028,.167,.017,.136,.214,.273,.17,.054,.123,.022,.002,0,0,0,0,0,.2337227,.3427219,.1310277,.1339821,.091467,.094552,.247,.446,.033,.282,.015,.233,-.1311536,.0005827,.0015387,-.218,-.139,-.119,-.059,.116,.101,.002,0,0,-.1089993,-.0029544,-.0030849,-.199,-.249,-.218
1981-10,7.391043,.1655153,.4119234,.1421648,.2801629,.1181114,.1277922,.134,.583,.1,.399,.071,.088,.191,.273,.176,.184,.157,.16,0,.019,0,0,0,0,.2125313,.2759635,.182548,.2044148,.1516619,.1356492,.232,.331,.172,.222,.122,.066,-.2464081,-.1379981,-.0096808,-.449,-.299,-.017,-.082,-.007,-.004,-.019,0,0,-.0634322,-.0218668,.0160127,-.099,-.05,.055,.3172531,.4121788,.2832298,.317333,.1435116,.1027736,.137,.604,.1,.495,.044,.184,.464,.256,.432,.173,.224,.037,.981,.019,.981,0,.257,0,.4073715,.2812558,.3636836,.206926,.1842773,.0583065,.235,.382,.172,.253,.076,.096,-.0949257,-.0341032,.040738,-.468,-.395,-.14,.208,.259,.187,.962,.981,.257,.1261157,.1567576,.1259708,-.146,-.081,-.02,.1754561,.3433645,.1251858,.2439198,.0937078,.0443014,.122,.475,.067,.359,.016,.049,.219,.236,.173,.15,.157,.04,.002,.019,.002,0,0,0,.2252959,.2555613,.1607458,.1753266,.1203263,.0555673,.211,.347,.115,.207,.028,.081,-.1679085,-.1187341,.0494064,-.353,-.293,-.033,-.018,.023,.117,-.017,.002,0,-.0302655,-.0145807,.064759,-.136,-.092,-.053
1981-11,7.135297,.1411975,.4275984,.1010654,.336363,.0981538,.2534189,.056,.551,.028,.51,.021,.355,.209,.33,.159,.198,.159,.172,0,.019,0,.019,0,0,.1819493,.3254138,.1302344,.2116154,.1264825,.1695119,.098,.272,.048,.213,.037,.141,-.2864009,-.2352977,-.155265,-.494,-.483,-.334,-.121,-.038,-.013,-.019,-.019,0,-.1434645,-.081381,-.0430294,-.174,-.165,-.104,.1490366,.4521329,.0897414,.3342677,.0815103,.2854558,.08,.611,.022,.503,.004,.441,.204,.326,.144,.2,.144,.162,.002,.019,.002,.019,.002,0,.1920509,.3570294,.1156422,.2089154,.1050354,.1661904,.14,.377,.039,.2,.006,.153,-.3030963,-.2445263,-.2039455,-.53,-.481,-.437,-.122,-.057,-.018,-.017,-.017,.002,-.1649785,-.0932732,-.061155,-.237,-.161,-.147,.2720992,.4303129,.101818,.2738126,.0894502,.2294195,.09,.592,.022,.397,.004,.331,.417,.301,.165,.175,.158,.148,.724,.019,.002,.019,.002,0,.3506312,.3304111,.1312042,.1949963,.1152669,.1564662,.158,.35,.038,.212,.006,.153,-.1582138,-.1719946,-.1399694,-.502,-.375,-.328,.116,-.01,.009,.706,-.017,.002,.0202201,-.0637921,-.0411994,-.192,-.173,-.147
1981-12,6.819746,.0828576,.5725508,.0411515,.3320404,.0182311,.2515774,.135,.446,.056,.338,.004,.321,.041,.673,.03,.328,.03,.197,.002,.998,0,.018,0,.018,.1064546,.5975056,.052871,.2885004,.0234231,.1851224,.237,.354,.097,.165,.007,.136,-.4896932,-.2908889,-.2333463,-.311,-.282,-.317,-.632,-.298,-.167,-.996,-.018,-.018,-.4910511,-.2356294,-.1616994,-.117,-.067,-.129,.0835599,.6387377,.058938,.3847388,.0346034,.2950743,.125,.631,.071,.501,.016,.458,.051,.645,.049,.293,.049,.166,.002,.998,.002,.018,.002,.018,.1025206,.6187882,.0757229,.2924533,.044458,.1772532,.203,.481,.124,.253,.028,.179,-.5551778,-.3258008,-.2604709,-.506,-.43,-.442,-.594,-.244,-.117,-.996,-.017,-.017,-.5162677,-.2167303,-.1327952,-.278,-.129,-.151,.2018049,.4537243,.1819033,.3368428,.04255,.2082373,.126,.537,.081,.406,.016,.274,.262,.388,.262,.282,.064,.156,.724,.018,.724,.018,.002,.018,.2592768,.3922277,.2337074,.2420597,.0546678,.1391186,.219,.35,.141,.123,.027,.083,-.2519194,-.1549395,-.1656873,-.411,-.326,-.258,-.126,-.02,-.093,.706,.706,-.017,-.132951,-.0083523,-.0844508,-.131,.018,-.056
1982-01,6.480742,.0432551,.3791296,.0253142,.2281834,.0165858,.1294318,.052,.366,.011,.158,0,.104,.036,.39,.037,.284,.03,.149,.002,.276,.002,.276,0,.018,.05186,.4101776,.0326431,.28343,.0213877,.1560879,.079,.398,.018,.243,0,.149,-.3358745,-.2028693,-.112846,-.314,-.147,-.104,-.353,-.247,-.12,-.274,-.274,-.018,-.3583176,-.2507869,-.1347001,-.319,-.225,-.149,.1046355,.3574583,.0433184,.2752674,.0294121,.1480781,.115,.412,.035,.343,.004,.225,.096,.315,.05,.222,.05,.088,.002,.276,.002,.276,.002,.018,.1072681,.373805,.0509387,.2816781,.0379275,.117665,.117,.452,.047,.375,.007,.168,-.2528228,-.231949,-.1186661,-.296,-.308,-.221,-.219,-.172,-.038,-.274,-.274,-.016,-.2665369,-.2307394,-.0797375,-.335,-.328,-.161,.190848,.2943547,.0466998,.2089448,.0412539,.1114391,.1,.336,.016,.252,.004,.131,.262,.262,.071,.175,.071,.096,.724,.018,.002,.018,.002,.018,.223362,.301808,.0602204,.2069708,.0531977,.0812353,.105,.348,.028,.249,.006,.037,-.1035067,-.1622449,-.0701853,-.236,-.236,-.127,.001,-.104,-.025,.706,-.016,-.016,-.0784459,-.1467504,-.0280376,-.244,-.221,-.03
1982-02,5.817893,.2513216,.3258486,.0251381,.1868081,.012675,.137307,.35,.393,.033,.147,.01,.124,.174,.273,.019,.218,.014,.147,0,.276,0,.276,0,.276,.1659839,.3393788,.032406,.178901,.0163395,.1150881,.176,.437,.058,.066,.018,.026,-.074527,-.16167,-.124632,-.043,-.114,-.114,-.1,-.199,-.133,-.276,-.276,-.276,-.1733949,-.146495,-.0987486,-.261,-.008,-.008,.2014229,.2751422,.0361722,.2228271,.025062,.156904,.33,.366,.021,.25,.014,.199,.101,.204,.048,.202,.034,.123,0,.276,0,.276,0,.276,.12296,.2694627,.0427424,.2020222,.0323079,.1307777,.155,.376,.025,.173,.025,.128,-.0737193,-.1866549,-.131842,-.036,-.229,-.185,-.104,-.154,-.09,-.276,-.276,-.276,-.1465027,-.1592797,-.0984697,-.221,-.149,-.103,.1028783,.2590123,.0536361,.1208826,.0285195,.0903351,.106,.339,.061,.145,.004,.121,.101,.196,.048,.102,.048,.066,0,.276,0,.018,0,.018,.1044522,.2618884,.0464934,.0933961,.0367651,.0545357,.098,.37,.036,.06,.006,.02,-.1561339,-.0672465,-.0618155,-.233,-.084,-.117,-.096,-.054,-.018,-.276,-.018,-.018,-.1574362,-.0469027,-.0177706,-.272,-.024,-.014
1982-03,5.403873,.1615195,.4089052,.0523642,.1867722,.0126392,.0887402,.207,.314,.072,.286,.01,.111,.125,.484,.037,.108,.014,.071,0,.723,0,0,0,0,.1670799,.4421332,.0372538,.1607671,.016231,.0535776,.284,.289,.082,.253,.018,.008,-.2473857,-.1344081,-.076101,-.107,-.214,-.101,-.359,-.071,-.057,-.723,0,0,-.2750534,-.1235133,-.0373466,-.005,-.171,.01,.1649258,.462823,.0581933,.1646805,.0329851,.1116899,.167,.34,.055,.267,.014,.147,.163,.56,.061,.083,.048,.083,0,.739,0,.018,0,.018,.2097068,.5057493,.0739809,.1415818,.0423588,.0735324,.283,.317,.092,.249,.024,.042,-.2978972,-.1064872,-.0787048,-.173,-.213,-.133,-.397,-.022,-.036,-.739,-.018,-.018,-.2960425,-.0676008,-.0311736,-.035,-.157,-.017,.1846072,.4503757,.0615768,.175357,.0300186,.1153495,.153,.536,.044,.267,.007,.132,.21,.383,.075,.103,.048,.103,0,.018,0,.018,0,.018,.2231798,.3822741,.078326,.1552924,.0385493,.087243,.222,.328,.074,.249,.013,.042,-.2657685,-.1137802,-.0853309,-.383,-.223,-.124,-.173,-.027,-.055,-.018,-.018,-.018,-.1590943,-.0769664,-.0486938,-.106,-.175,-.029
1982-04,5.038531,.1304363,.504842,.0821627,.3554866,.0345818,.1385376,.173,.52,.111,.212,.032,.184,.097,.493,.059,.468,.036,.103,0,.723,0,.723,0,0,.1506924,.4437321,.0888395,.3777044,.0278741,.0997279,.296,.273,.19,.127,.054,.079,-.3744058,-.2733239,-.1039558,-.347,-.1,-.152,-.396,-.408,-.066,-.723,-.723,0,-.2930397,-.288865,-.0718539,.023,.063,-.026,.1697638,.5635785,.0963357,.4094074,.048693,.1207175,.104,.571,.074,.25,.038,.191,.221,.557,.114,.534,.057,.066,0,.721,0,.721,0,0,.2010827,.501716,.1226936,.4375766,.0616491,.0863049,.176,.309,.125,.165,.064,.119,-.3938147,-.3130717,-.0720245,-.468,-.176,-.153,-.336,-.42,-.009,-.721,-.721,0,-.3006334,-.314883,-.0246558,-.133,-.039,-.056,.1638126,.4083778,.127723,.322288,.0522071,.116083,.07,.559,.067,.413,.028,.175,.237,.291,.175,.252,.071,.07,0,.017,0,.017,0,.017,.1934574,.3054734,.1629101,.2284522,.0661517,.0890984,.118,.295,.113,.145,.046,.119,-.2445652,-.194565,-.0638758,-.489,-.346,-.147,-.054,-.076,.001,-.017,-.017,-.017,-.112016,-.0655421,-.0229467,-.177,-.032,-.074
1982-05,5.175521,.1038445,.1878487,.057961,.1203093,.0422795,.0976328,.094,.135,.049,.083,.049,.047,.112,.229,.065,.149,.037,.137,0,.002,0,.002,0,.002,.111323,.1869748,.0571739,.1536209,.0370872,.1250586,.145,.159,.082,.141,.082,.081,-.0840042,-.0623483,-.0553534,-.041,-.034,.002,-.117,-.084,-.1,-.002,-.002,-.002,-.0756518,-.0964471,-.0879714,-.014,-.059,.001,.1200571,.2625341,.0633496,.1677626,.0294829,.1361641,.091,.201,.034,.101,.007,.044,.143,.31,.086,.219,.047,.207,0,0,0,0,0,0,.1367133,.2876887,.0640761,.2108852,.0370316,.1744137,.154,.289,.056,.162,.01,.076,-.142477,-.104413,-.1066812,-.11,-.067,-.037,-.167,-.133,-.161,0,0,0,-.1509754,-.146809,-.1373821,-.135,-.106,-.066,.1260063,.2090787,.097316,.120788,.0750269,.0909138,.061,.219,.007,.115,.007,.062,.176,.202,.167,.126,.127,.113,0,0,0,0,0,0,.1443336,.2232206,.107584,.1534117,.0953692,.1164522,.102,.332,.01,.194,.01,.108,-.0830724,-.023472,-.0158869,-.158,-.108,-.055,-.025,.041,.014,0,0,0,-.078887,-.0458277,-.0210829,-.23,-.184,-.098
1982-06,5.482731,.34998,.2087072,.0590025,.071024,.0406551,.0328052,.443,.196,.061,.045,.038,.021,.278,.219,.058,.091,.043,.042,0,.002,0,.002,0,.002,.2658906,.2192668,.0751993,.047774,.0518154,.0418106,.205,.283,.104,.036,.065,.036,.1412728,-.0120216,.0078499,.246,.016,.017,.059,-.034,.001,-.002,-.002,-.002,.0466238,.0274253,.0100048,-.078,.067,.029,.3111478,.2400368,.0557219,.178327,.0253266,.1034751,.434,.203,.044,.134,.018,.042,.216,.269,.065,.213,.031,.152,0,0,0,0,0,0,.2031204,.2591967,.0710182,.1805469,.032279,.1278943,.149,.294,.075,.177,.031,.059,.0711111,-.1226051,-.0781485,.231,-.09,-.023,-.053,-.148,-.121,0,0,0,-.0560763,-.1095287,-.0956153,-.145,-.102,-.028,.3163975,.2104177,.0678272,.1169117,.0579988,.0605872,.397,.185,.028,.127,.006,.057,.254,.23,.099,.109,.099,.063,.002,0,0,0,0,0,.2143352,.2346234,.0864465,.1194349,.0739201,.0772191,.099,.304,.048,.216,.01,.097,.1059799,-.0490846,-.0025884,.212,-.098,-.051,.024,-.011,.035,.002,0,0,-.0202882,-.0329885,-.003299,-.205,-.168,-.087
1982-07,5.472659,.0952475,.1882652,.0668785,.1361412,.0248277,.0491754,.119,.202,.059,.123,.038,.002,.077,.178,.073,.146,.015,.085,0,0,0,0,0,0,.1206622,.1904486,.0855529,.1461847,.0317603,.0349357,.202,.335,.102,.213,.066,.004,-.0930177,-.0692627,-.0243477,-.083,-.064,.036,-.101,-.073,-.071,0,0,0,-.0697864,-.0606318,-.0031754,-.133,-.111,.063,.1152171,.1485238,.0539608,.1031377,.0349443,.0760953,.09,.176,.034,.113,.016,.068,.134,.128,.069,.096,.049,.082,0,0,0,0,0,0,.1462078,.1433309,.0690281,.1039657,.0447017,.0693723,.152,.302,.059,.196,.028,.117,-.0333067,-.0491769,-.041151,-.086,-.079,-.052,.007,-.027,-.033,0,0,0,.0028768,-.0349376,-.0246706,-.15,-.136,-.089,.1449928,.1662254,.0704194,.1146043,.0486594,.094667,.103,.219,.016,.136,.004,.098,.177,.126,.112,.098,.083,.092,.002,0,.002,0,0,0,.1854787,.1659753,.0900824,.1186341,.0622464,.0931297,.178,.376,.028,.235,.007,.169,-.0212327,-.044185,-.0460077,-.116,-.12,-.094,.051,.013,-.009,.002,.002,0,.0195034,-.0285518,-.0308834,-.198,-.207,-.163
1982-08,5.174249,.0983582,.4395172,.0448707,.0938414,.0310746,.0551943,.068,.614,.017,.15,.008,.091,.122,.305,.066,.051,.048,.028,0,0,0,0,0,0,.1074043,.3546396,.0561819,.1042094,.0397165,.070544,.061,.466,.026,.259,.015,.157,-.341159,-.0489706,-.0241198,-.546,-.132,-.083,-.184,.015,.021,0,0,0,-.2472354,-.0480275,-.0308275,-.405,-.232,-.143,.1508748,.4169948,.0278563,.1048314,0,.0600678,.07,.631,.002,.151,0,.079,.213,.252,.048,.069,0,.046,.002,0,0,0,0,0,.1745258,.326339,.0344357,.1182558,0,.0767728,.064,.497,0,.262,0,.136,-.26612,-.0769751,-.0600678,-.561,-.149,-.079,-.04,-.021,-.046,.002,0,0,-.1518132,-.0838201,-.0767728,-.432,-.262,-.136,.1376166,.432213,.0350538,.1199295,.0052127,.0714429,.033,.641,.007,.183,0,.102,.218,.272,.057,.072,.009,.048,.002,0,.002,0,.002,0,.167518,.3457896,.0448024,.1375527,.0066624,.0913114,.031,.514,.012,.316,0,.176,-.2945964,-.0848757,-.0662302,-.608,-.176,-.102,-.054,-.015,-.039,.002,.002,.002,-.1782715,-.0927503,-.084649,-.483,-.304,-.176
1982-09,4.863706,.0859012,.5419458,.0348114,.2570761,.0275609,.0525421,.07,.486,.017,.314,0,.104,.098,.584,.048,.214,.048,.014,0,1,0,0,0,0,.0815542,.6060978,.0443452,.2622611,.035109,.0669319,.12,.573,.029,.336,0,.179,-.4560446,-.2222647,-.0249812,-.416,-.297,-.104,-.486,-.166,.035,-1,0,0,-.5245436,-.2179158,-.0318229,-.453,-.307,-.179,.0527118,.6128891,.0143434,.3662135,0,.0676888,.044,.743,.011,.572,0,.127,.059,.514,.017,.211,0,.023,0,.998,0,0,0,0,.0664677,.5741372,.0182716,.2789545,0,.0862268,.074,.632,.02,.396,0,.219,-.5601773,-.3518701,-.0676888,-.699,-.561,-.127,-.455,-.194,-.023,-.998,0,0,-.5076696,-.2606829,-.0862268,-.558,-.377,-.219,.0506922,.6391692,.0257889,.3808049,0,.0728745,.044,.75,.011,.581,0,.136,.056,.555,.037,.23,0,.025,0,.998,0,0,0,0,.0638949,.5946581,.0328517,.2975422,0,.0928328,.074,.602,.02,.411,0,.234,-.588477,-.3550161,-.0728745,-.706,-.569,-.136,-.5,-.193,-.025,-.998,0,0,-.5307632,-.2646905,-.0928328,-.528,-.392,-.234
1982-10,4.966254,.1396713,.3758014,.042935,.3059508,.0276497,.1957904,.103,.345,.021,.306,0,.19,.168,.399,.06,.306,.049,.2,0,0,0,0,0,0,.1617918,.4173817,.0545999,.3335631,.0351619,.1934733,.175,.401,.035,.351,0,.152,-.2361301,-.2630158,-.1681406,-.242,-.286,-.19,-.231,-.246,-.151,0,0,0,-.2555898,-.2789632,-.1583115,-.226,-.315,-.152,.1367363,.4545186,.0256941,.3092701,.0101195,.2813766,.076,.489,0,.444,0,.389,.183,.428,.045,.207,.018,.199,0,0,0,0,0,0,.1580595,.4470051,.0326749,.2715318,.0128689,.2360599,.13,.428,0,.379,0,.286,-.3177822,-.2835761,-.2712571,-.413,-.444,-.389,-.245,-.162,-.182,0,0,0,-.2889456,-.238857,-.2231911,-.298,-.379,-.286,.1343208,.3720977,.0322006,.3186707,.0215138,.2911469,.076,.455,0,.41,0,.385,.179,.309,.057,.249,.038,.22,0,0,0,0,0,0,.1549876,.3421915,.0409492,.2834865,.0273589,.2484847,.13,.37,0,.322,0,.279,-.237777,-.2864701,-.2696331,-.379,-.41,-.385,-.13,-.193,-.182,0,0,0,-.1872039,-.2425373,-.2211259,-.24,-.322,-.279
1982-11,4.743118,.0871593,.4020423,.0504103,.2451794,.0162289,.1986387,.101,.505,.032,.205,.004,.191,.077,.325,.065,.275,.026,.204,0,0,0,0,0,0,.0823901,.3557034,.0486044,.3079468,.0206442,.252681,.132,.468,.054,.34,.007,.328,-.314883,-.1947691,-.1824098,-.404,-.174,-.187,-.248,-.211,-.179,0,0,0,-.2733133,-.2593424,-.2320368,-.336,-.286,-.322,.0926251,.4051884,.0687002,.3598393,.0051704,.2957323,.071,.535,.032,.442,0,.415,.109,.308,.097,.298,.009,.207,0,0,0,0,0,0,.1023043,.3888116,.0718702,.3317751,.006577,.2541638,.122,.52,.054,.363,0,.328,-.3125633,-.2911391,-.2905619,-.465,-.411,-.415,-.199,-.201,-.197,0,0,0,-.2865073,-.2599048,-.2475868,-.398,-.308,-.328,.1404867,.3942315,.0687002,.3497418,.0141031,.3128089,.049,.532,.032,.426,0,.398,.209,.291,.097,.293,.025,.249,.002,0,0,0,0,0,.1631873,.3748737,.0718702,.3189304,.01794,.2758864,.084,.514,.054,.334,0,.3,-.2537448,-.2810417,-.2987058,-.483,-.394,-.398,-.082,-.196,-.224,.002,0,0,-.2116864,-.2470602,-.2579463,-.43,-.28,-.3
1982-12,4.593701,.0627979,.6946082,.0417032,.3658499,.0348008,.2238913,.072,.67,.032,.471,.032,.207,.056,.713,.049,.287,.037,.237,0,1,0,0,0,0,.0632813,.6851583,.0365153,.3117142,.0277572,.2802436,.121,.616,.054,.414,.054,.338,-.6318103,-.3241468,-.1890905,-.599,-.439,-.175,-.657,-.238,-.2,-1,0,0,-.621877,-.2751989,-.2524863,-.495,-.36,-.284,.0787229,.6916639,.0687627,.329082,.0547216,.2914532,.072,.709,.048,.42,.032,.345,.084,.679,.084,.261,.072,.251,0,1,0,0,0,0,.0834877,.6304053,.0708498,.2941054,.0530337,.2469965,.121,.522,.082,.327,.054,.203,-.612941,-.2603193,-.2367316,-.637,-.371,-.313,-.595,-.177,-.179,-1,0,0,-.5469176,-.2232556,-.1939628,-.401,-.245,-.149,.0654397,.7160946,.0554795,.3254384,.0547216,.2875016,.055,.728,.032,.415,.032,.34,.073,.707,.073,.258,.072,.248,0,.998,0,0,0,0,.0666334,.6614043,.0539954,.2894822,.0530337,.2419825,.093,.555,.054,.319,.054,.194,-.6506549,-.2699589,-.23278,-.673,-.383,-.308,-.634,-.185,-.176,-.998,0,0,-.5947708,-.2354867,-.1889488,-.462,-.265,-.14
1983-01,4.472182,.0765247,.4472393,.0457044,.3283072,.0312228,.2699567,.089,.519,.062,.394,.029,.339,.067,.393,.033,.279,.033,.218,0,0,0,0,0,0,.0814815,.343563,.0425424,.2588272,.0242459,.1896671,.15,.273,.105,.266,.048,.188,-.3707146,-.2826027,-.2387339,-.43,-.332,-.31,-.326,-.245,-.185,0,0,0,-.2620816,-.2162848,-.1654212,-.123,-.162,-.139,.068367,.3697847,.0402835,.3556519,.0315887,.2100255,.086,.447,.066,.434,.045,.261,.055,.311,.021,.297,.021,.172,0,0,0,0,0,0,.0711748,.2457052,.0356935,.2330138,.0247082,.1417838,.145,.153,.111,.146,.077,.056,-.3014178,-.3153684,-.1784368,-.361,-.368,-.215,-.256,-.276,-.151,0,0,0,-.1745304,-.1973203,-.1170756,-.008,-.035,.021,.0908177,.4048014,.0554758,.3915063,.0467809,.2378966,.09,.46,.053,.448,.032,.256,.091,.363,.058,.349,.058,.224,0,0,0,0,0,0,.0995395,.2910045,.0548877,.2783131,.0439025,.1769968,.151,.178,.088,.171,.054,.048,-.3139837,-.3360306,-.1911156,-.37,-.396,-.223,-.272,-.291,-.167,0,0,0,-.191465,-.2234254,-.1330944,-.026,-.082,.007
1983-02,4.347164,.1064006,.276367,.0270949,.2224353,.0074394,.1792241,.134,.238,0,.186,0,.087,.086,.305,.047,.249,.013,.247,0,0,0,0,0,0,.1339197,.2631846,.0341026,.1953042,.0093636,.1940693,.225,.219,0,.133,0,.133,-.1699664,-.1953404,-.1717847,-.104,-.186,-.087,-.219,-.202,-.234,0,0,0,-.1292649,-.1612016,-.1847057,.006,-.133,-.133,.1474272,.4883337,.0196554,.4055688,0,.405549,.135,.475,0,.342,0,.342,.156,.498,.034,.453,0,.453,0,.721,0,.721,0,.721,.1849384,.4142133,.024739,.3100423,0,.3100174,.225,.254,0,.03,0,.03,-.3409065,-.3859134,-.405549,-.34,-.342,-.342,-.342,-.419,-.453,-.721,-.721,-.721,-.2292749,-.2853033,-.3100174,-.029,-.03,-.03,.1423935,.4120455,.0213068,.3431728,.0016514,.343153,.097,.477,.004,.358,.004,.358,.176,.364,.034,.332,0,.332,0,0,0,0,0,0,.177486,.3181942,.0268175,.2315084,.0020785,.2314835,.157,.258,.007,.058,.007,.058,-.2696519,-.321866,-.3415017,-.38,-.354,-.354,-.188,-.298,-.332,0,0,0,-.1407081,-.2046909,-.229405,-.101,-.051,-.051
1983-03,4.224312,.1491443,.5553423,.0136649,.2300391,0,.1968187,.303,.372,.011,.189,0,.162,.036,.689,.016,.26,0,.222,0,1,0,0,0,0,.0538985,.5800676,.0171817,.2121277,0,.1703578,.087,.388,.018,.161,0,.116,-.406198,-.2163742,-.1968187,-.069,-.178,-.162,-.653,-.244,-.222,-1,0,0,-.5261691,-.194946,-.1703578,-.301,-.143,-.116,.0636792,.5124384,.0135873,.2152189,0,.1500841,.093,.237,.011,.104,0,.011,.042,.714,.016,.297,0,.252,0,1,0,0,0,0,.0631452,.6093202,.0170841,.2423632,0,.1604654,.102,.374,.018,.172,0,.016,-.4487592,-.2016317,-.1500841,-.144,-.093,-.011,-.672,-.281,-.252,-1,0,0,-.546175,-.2252792,-.1604654,-.272,-.154,-.016,.0664917,.5469278,.021967,.2602755,.0016224,.2028655,.07,.303,.004,.143,.004,.05,.064,.725,.035,.346,0,.315,0,1,0,0,0,0,.0666816,.6526858,.0276204,.2990156,.0020399,.2268305,.064,.485,.006,.238,.006,.082,-.4804361,-.2383085,-.2012431,-.233,-.139,-.046,-.661,-.311,-.315,-1,0,0,-.5860043,-.2713952,-.2247906,-.421,-.232,-.076
1983-04,4.611593,.0897001,.3457881,.0247887,.2090287,.0046909,.0926772,.11,.27,.038,.181,.011,.093,.075,.401,.015,.23,0,.092,0,.001,0,.001,0,0,.1004144,.4064455,.0185731,.2351885,.0059144,.0884906,.144,.449,.025,.303,.018,.156,-.256088,-.1842399,-.0879863,-.161,-.142,-.083,-.326,-.215,-.092,-.001,-.001,0,-.3060311,-.2166155,-.0825763,-.305,-.278,-.138,.1125295,.3914913,.0346704,.2572333,.0045361,.0996784,.126,.259,.045,.164,.011,.073,.103,.489,.027,.326,0,.119,0,.263,0,.263,0,0,.1125889,.4646339,.031032,.2959659,.0057192,.0973178,.171,.433,.036,.274,.018,.122,-.2789618,-.2225629,-.0951423,-.134,-.118,-.062,-.386,-.299,-.119,-.263,-.263,0,-.352045,-.2649339,-.0915986,-.262,-.238,-.104,.0957956,.3400652,.0401739,.2203194,.0113103,.1327807,.095,.292,.032,.212,0,.081,.097,.376,.047,.227,.02,.171,0,.001,0,.001,0,0,.0914905,.399795,.0379709,.2494242,.0142602,.1390538,.119,.487,.013,.355,0,.135,-.2442697,-.1801456,-.1214705,-.197,-.18,-.081,-.279,-.18,-.152,-.001,-.001,0,-.3083045,-.2114532,-.1247936,-.368,-.342,-.135
1983-05,4.316144,.0839546,.2662877,.0269144,.2288459,.0101496,.1156022,.109,.267,.007,.201,.004,.138,.065,.266,.042,.25,.015,.099,0,.001,0,.001,0,.001,.0985684,.3296721,.0339211,.2873298,.0127919,.1456975,.158,.425,.012,.33,.007,.229,-.1823331,-.2019315,-.1054526,-.158,-.193,-.134,-.2,-.208,-.084,-.001,-.001,-.001,-.2311037,-.2534087,-.1329056,-.266,-.318,-.223,.0899873,.4273037,.0385637,.2755739,.0112253,.1578531,.092,.526,.007,.191,.007,.112,.088,.354,.062,.338,.014,.192,0,.263,0,.263,0,.263,.1061715,.3993467,.0486032,.3473153,.0141477,.1989477,.131,.442,.011,.317,.011,.185,-.3373165,-.2370102,-.1466277,-.434,-.184,-.105,-.266,-.276,-.178,-.263,-.263,-.263,-.2931752,-.2987121,-.1848,-.312,-.306,-.174,.0853367,.407142,.0282556,.2510648,.0128409,.1494592,.083,.565,.004,.229,.004,.17,.087,.29,.046,.267,.02,.135,0,.001,0,.001,0,.001,.1003102,.3739362,.0356115,.3158278,.0161839,.1883686,.115,.507,.006,.379,.006,.282,-.3218053,-.2228093,-.1366183,-.482,-.226,-.166,-.203,-.221,-.115,-.001,-.001,-.001,-.273626,-.2802163,-.1721847,-.392,-.373,-.276
1983-06,3.980067,.0938429,.5556092,.0682572,.2360873,.0191349,.2076226,.121,.424,.081,.202,.003,.157,.073,.654,.059,.262,.031,.245,0,1,0,.263,0,.263,.1179371,.6290032,.0857822,.2961134,.0240477,.2609296,.201,.542,.134,.332,.006,.26,-.4617663,-.1678301,-.1884877,-.302,-.12,-.154,-.581,-.203,-.214,-1,-.263,-.263,-.5110661,-.2103312,-.2368819,-.341,-.198,-.255,.0764312,.610499,.0502662,.306032,.0191607,.1868773,.108,.636,.066,.429,.004,.172,.053,.592,.038,.214,.031,.198,0,.739,0,.001,0,.001,.0960549,.5836513,.0631721,.2696819,.0240802,.2348579,.179,.541,.11,.356,.006,.286,-.5340678,-.2557658,-.1677166,-.528,-.362,-.169,-.539,-.176,-.167,-.739,-.001,-.001,-.4875964,-.2065098,-.2107778,-.363,-.246,-.279,.0749196,.6774111,.0502662,.3472778,.0108678,.2219496,.104,.648,.066,.459,.004,.197,.053,.699,.038,.264,.016,.24,0,1,0,.001,0,.001,.0941551,.6635379,.0631721,.3173123,.0136581,.2783459,.173,.549,.11,.393,.006,.325,-.6024916,-.2970116,-.2110818,-.544,-.392,-.193,-.647,-.226,-.224,-1,-.001,-.001,-.5693828,-.2541403,-.2646877,-.376,-.283,-.319
1983-07,3.953439,.1006248,.5465826,.0875572,.3716725,.0617925,.0991358,.131,.456,.107,.228,.066,.153,.077,.615,.073,.48,.059,.058,0,1,0,1,0,.001,.1264271,.5245457,.1100087,.4502198,.0776374,.1239772,.217,.39,.176,.373,.109,.251,-.4459578,-.2841152,-.0373433,-.325,-.122,-.087,-.538,-.407,0,-1,-1,-.001,-.3981186,-.3402111,-.0463398,-.174,-.197,-.142,.0814742,.5920364,.0640451,.501326,.0460391,.2485549,.133,.541,.108,.528,.066,.392,.042,.63,.031,.481,.031,.14,0,1,0,1,0,.263,.1023659,.5309601,.0804676,.4486035,.0578445,.1978895,.22,.376,.178,.366,.109,.297,-.5105622,-.4372808,-.2025158,-.408,-.42,-.326,-.588,-.45,-.11,-1,-1,-.263,-.4285942,-.3681358,-.140045,-.157,-.188,-.188,.0919262,.5961695,.0749413,.5400562,.0502131,.267578,.138,.529,.105,.529,.066,.428,.057,.647,.053,.548,.038,.146,0,.984,0,.984,0,.001,.1154981,.5356424,.0941579,.4930812,.0630888,.2176068,.228,.355,.172,.355,.109,.345,-.5042433,-.4651149,-.2173649,-.391,-.425,-.362,-.59,-.495,-.108,-.984,-.984,-.001,-.4201444,-.3989234,-.154518,-.127,-.183,-.236
1983-08,4.066355,.1418926,.5182152,.0446507,.3998042,.0392029,.257584,.06,.483,.019,.344,.006,.128,.204,.545,.064,.441,.064,.355,0,.984,0,.984,0,.984,.1711784,.4530203,.0560922,.3403583,.0492484,.3073674,.077,.327,.031,.209,.01,.209,-.3763226,-.3551535,-.2183811,-.423,-.326,-.122,-.341,-.377,-.291,-.984,-.984,-.984,-.2818419,-.2842662,-.258119,-.25,-.178,-.199,.1011913,.5061826,.0224115,.3926266,.0175365,.330035,.038,.495,.011,.369,0,.362,.149,.514,.031,.411,.031,.306,0,.738,0,.738,0,.738,.127121,.4384746,.0281543,.3319118,.0220301,.2856726,.063,.349,.019,.25,0,.251,-.4049913,-.3702151,-.3124986,-.457,-.357,-.362,-.366,-.38,-.275,-.738,-.738,-.738,-.3113536,-.3037575,-.2636425,-.286,-.231,-.251,.1198933,.5677657,.0306431,.4391351,.0257681,.3866624,.061,.546,.011,.384,0,.384,.164,.584,.045,.481,.045,.389,0,.984,0,.984,0,.984,.1506153,.519485,.0384953,.3898101,.032371,.3526357,.101,.443,.019,.273,0,.273,-.4478723,-.408492,-.3608943,-.484,-.372,-.384,-.421,-.436,-.344,-.984,-.984,-.984,-.3688697,-.3513148,-.3202647,-.341,-.255,-.273
1983-09,4.136908,.065687,.4567819,.0512944,.2962982,.0340131,.2181054,.052,.468,.032,.199,.015,.103,.076,.449,.066,.369,.048,.304,0,.738,0,.722,0,.722,.0825978,.4774328,.0644999,.3264951,.0427696,.2587931,.087,.519,.053,.232,.025,.168,-.3910949,-.2450038,-.1840923,-.415,-.167,-.088,-.373,-.303,-.256,-.738,-.722,-.722,-.3948349,-.2619952,-.2160235,-.433,-.179,-.143,.1422845,.4326498,.0357145,.2918585,.0143219,.1968209,.053,.414,.033,.191,.011,.117,.209,.447,.038,.367,.016,.256,.262,.722,0,.722,0,.722,.178915,.5036284,.0449091,.3338162,.018009,.2325943,.087,.604,.054,.259,.019,.193,-.2903653,-.256144,-.182499,-.361,-.158,-.106,-.238,-.329,-.24,-.46,-.722,-.722,-.3247134,-.2889071,-.2145852,-.517,-.205,-.174,.0465892,.5083672,.0349853,.3718433,.0225794,.2920223,.032,.452,.011,.24,.011,.14,.058,.551,.052,.47,.031,.405,0,.984,0,.984,0,.984,.0585834,.598839,.0439922,.4343927,.0283924,.3523048,.053,.666,.019,.339,.019,.232,-.461778,-.3368579,-.2694429,-.42,-.228,-.129,-.493,-.418,-.374,-.984,-.984,-.984,-.5402556,-.3904005,-.3239124,-.614,-.32,-.213
1983-10,3.761769,.0720108,.4800831,.0129789,.3815067,.0123262,.3001454,.055,.411,.007,.342,.007,.202,.084,.531,.018,.411,.017,.373,0,.738,0,.738,0,.722,.0574237,.5670865,.0162602,.4508885,.0154425,.3489579,.08,.616,.011,.524,.011,.294,-.4080723,-.3685277,-.2878192,-.356,-.335,-.196,-.447,-.393,-.356,-.738,-.738,-.722,-.5096627,-.4346283,-.3335154,-.536,-.513,-.284,.079637,.4994869,.0129789,.3574513,.0123262,.2554194,.055,.474,.007,.3,.007,.116,.098,.519,.018,.4,.017,.358,0,.722,0,.722,0,.722,.0669779,.5537528,.0162602,.4262079,.0154425,.3052248,.08,.602,.011,.472,.011,.192,-.4198499,-.3444723,-.2430932,-.419,-.293,-.11,-.421,-.382,-.342,-.722,-.722,-.722,-.4867749,-.4099477,-.2897823,-.523,-.461,-.181,.0780077,.6266698,.0197031,.4197034,.0190504,.3140598,.034,.515,.003,.348,.003,.156,.11,.709,.032,.472,.031,.431,0,.984,0,.984,0,.984,.0649368,.7130895,.0246844,.5041984,.0238666,.3786903,.045,.67,.005,.552,.005,.257,-.548662,-.4000003,-.2950093,-.481,-.346,-.154,-.599,-.44,-.4,-.984,-.984,-.984,-.6481526,-.4795141,-.3548237,-.625,-.547,-.252
1983-11,3.608552,.050729,.420362,.032247,.2159513,.010848,.136065,.056,.558,.04,.277,.003,.251,.047,.318,.026,.171,.017,.05,0,.264,0,.001,0,.001,.0633692,.3901788,.0402819,.2572275,.0135509,.1578671,.091,.498,.065,.413,.005,.372,-.369633,-.1837044,-.125217,-.502,-.237,-.248,-.271,-.144,-.033,-.264,-.001,-.001,-.3268096,-.2169455,-.1443161,-.406,-.348,-.368,.0488839,.6305977,.0217154,.3533766,.0123779,.2447451,.052,.598,.015,.303,.006,.189,.047,.655,.026,.391,.017,.286,0,.984,0,.722,0,.722,.0610643,.6044263,.0271263,.3846498,.0154621,.2988923,.084,.415,.025,.321,.01,.287,-.5817139,-.3316612,-.2323672,-.546,-.288,-.183,-.608,-.364,-.27,-.984,-.722,-.722,-.543362,-.3575235,-.2834301,-.331,-.296,-.277,.0422754,.6432347,.0229879,.4645301,.0191064,.2980921,.03,.644,.012,.332,.003,.218,.052,.643,.031,.563,.031,.358,0,.984,0,.984,0,.984,.0528092,.6202122,.0287158,.5234994,.0238671,.3655317,.048,.49,.019,.369,.005,.334,-.6009592,-.4415421,-.2789857,-.614,-.321,-.215,-.591,-.532,-.327,-.984,-.984,-.984,-.567403,-.4947836,-.3416645,-.442,-.349,-.33
1983-12,3.515774,.0748698,.4201986,.0250572,.2204268,.0098155,.124671,.085,.473,.008,.285,0,.217,.067,.381,.038,.172,.017,.056,0,.264,0,.264,0,.001,.0783087,.4042235,.0312638,.2523228,.0122467,.1433725,.138,.487,.013,.394,0,.314,-.3453289,-.1953696,-.1148555,-.388,-.277,-.217,-.313,-.134,-.039,-.264,-.264,-.001,-.3259149,-.221059,-.1311258,-.349,-.381,-.314,.0759275,.6471277,.0259459,.5237903,.0114028,.348776,.099,.498,.01,.383,.004,.295,.059,.759,.038,.629,.017,.389,0,.985,0,.985,0,.722,.0785038,.6869539,.0323727,.5823231,.0142272,.3802722,.157,.526,.017,.406,.006,.312,-.5712001,-.4978444,-.3373733,-.399,-.373,-.291,-.7,-.591,-.372,-.985,-.985,-.722,-.6084501,-.5499504,-.366045,-.369,-.389,-.306,.0346529,.6545731,.0208793,.5308956,.0098155,.4527443,.039,.502,.007,.398,0,.292,.032,.768,.032,.631,.017,.573,0,.985,0,.985,0,.985,.0432363,.6962436,.026051,.5911883,.0122467,.5099932,.063,.533,.011,.429,0,.307,-.6199203,-.5100163,-.4429289,-.464,-.391,-.292,-.737,-.599,-.556,-.985,-.985,-.985,-.6530073,-.5651372,-.4977465,-.47,-.418,-.307
1984-01,3.48583,.1520196,.3739142,.0464875,.1608576,.0222202,.119805,.286,.298,.058,.224,.002,.134,.051,.431,.038,.113,.038,.109,0,1,0,.264,0,.264,.0789142,.438893,.0583024,.1716876,.0278675,.1381048,.127,.392,.094,.271,.003,.181,-.2218946,-.1143701,-.0975848,-.012,-.166,-.133,-.38,-.076,-.071,-1,-.264,-.264,-.3599788,-.1133852,-.1102373,-.265,-.178,-.178,.1279829,.5127806,.0253481,.4111501,.0196488,.3166076,.223,.4,.017,.303,.004,.197,.056,.598,.032,.492,.032,.406,0,1,0,.985,0,.985,.0503792,.583303,.0317904,.4558429,.0246426,.3849253,.03,.556,.027,.4,.006,.282,-.3847977,-.385802,-.2969588,-.177,-.286,-.194,-.541,-.461,-.375,-1,-.985,-.985,-.5329238,-.4240526,-.3602827,-.526,-.372,-.276,.1253196,.5262902,.0237576,.4021516,.0180583,.3063094,.222,.374,.013,.248,0,.152,.052,.641,.032,.518,.032,.423,0,1,0,.985,0,.985,.047039,.579824,.0297957,.4445575,.0226479,.3720098,.029,.511,.021,.311,0,.209,-.4009706,-.378394,-.2882511,-.152,-.235,-.152,-.589,-.486,-.391,-1,-.985,-.985,-.532785,-.4147618,-.3493619,-.482,-.289,-.209
1984-02,3.967922,.0999504,.2539859,.0117055,.1543388,.0100257,.1099886,.034,.236,.004,.164,0,.126,.15,.268,.018,.147,.018,.098,0,.264,0,.264,0,.264,.1133811,.3167311,.0145972,.192467,.0125025,.1371604,.022,.379,.006,.264,0,.202,-.1540354,-.1426333,-.0999628,-.202,-.161,-.126,-.118,-.129,-.08,-.264,-.264,-.264,-.20335,-.1778698,-.1246579,-.358,-.258,-.202,.0800197,.4393004,.0115662,.3994331,.0115662,.3361863,.057,.385,.004,.304,.004,.227,.097,.481,.018,.473,.018,.42,0,1,0,1,0,.985,.0885267,.4902254,.0144235,.4405092,.0144235,.3616377,.058,.53,.006,.4,.006,.276,-.3592807,-.3878669,-.3246201,-.328,-.3,-.223,-.383,-.455,-.402,-1,-1,-.985,-.4016988,-.4260857,-.3472142,-.472,-.394,-.27,.1058334,.4488185,.0100257,.422282,.0100257,.328474,.117,.343,0,.29,0,.184,.097,.53,.018,.523,.018,.439,0,1,0,1,0,.985,.0719331,.5009326,.0125025,.4678403,.0125025,.3520201,.009,.46,0,.375,0,.208,-.3429852,-.4122562,-.3184482,-.226,-.29,-.184,-.432,-.505,-.421,-1,-1,-.985,-.4289995,-.4553379,-.3395177,-.45,-.375,-.208
1984-03,4.158947,.0760101,.4356038,.0247677,.1390897,.0102973,.1047673,.062,.651,.016,.197,0,.143,.086,.274,.031,.096,.018,.076,.015,0,0,0,0,0,.0729887,.3834478,.0273481,.1722819,.0127547,.1297689,.036,.573,.016,.316,0,.229,-.3595936,-.114322,-.09447,-.589,-.181,-.143,-.188,-.065,-.058,.015,0,0,-.3104591,-.1449338,-.1170142,-.537,-.3,-.229,.06673,.5503837,.0320919,.2406414,.0102973,.2114806,.046,.653,.033,.274,0,.217,.083,.473,.031,.216,.018,.207,0,.001,0,.001,0,.001,.0826544,.5349878,.0397503,.2608411,.0127547,.2247214,.073,.682,.053,.404,0,.313,-.4836537,-.2085495,-.2011833,-.607,-.241,-.217,-.391,-.185,-.189,-.001,-.001,-.001,-.4523334,-.2210908,-.2119667,-.609,-.351,-.313,.0916525,.6756642,.0545779,.3558583,.0102973,.3346225,.094,.659,.086,.242,0,.195,.09,.688,.031,.441,.018,.439,0,.723,0,.723,0,.723,.0680414,.6890523,.0221194,.4024407,.0127547,.3761372,.014,.688,0,.35,0,.275,-.5840117,-.3012804,-.3243252,-.565,-.156,-.195,-.599,-.41,-.421,-.723,-.723,-.723,-.6210109,-.3803212,-.3633825,-.674,-.35,-.275
1984-04,4.087176,.1602217,.4693247,.0162244,.3780556,.0075474,.0826993,.082,.607,.015,.559,0,.116,.218,.367,.017,.243,.013,.058,.279,0,.015,0,0,0,.172885,.4116003,.0202554,.3131732,.0094225,.1032461,.132,.453,.025,.423,0,.188,-.309103,-.3618312,-.0751519,-.526,-.544,-.116,-.148,-.226,-.045,.279,.015,0,-.2387153,-.2929178,-.0938236,-.321,-.398,-.188,.1723599,.5522576,.0231236,.446352,.0179188,.1783111,.026,.584,.012,.553,0,.213,.281,.528,.031,.367,.031,.153,.999,0,0,0,0,0,.2151831,.5447872,.0288688,.4352321,.0223708,.2108846,.042,.56,.02,.524,0,.309,-.3798977,-.4232284,-.1603923,-.558,-.54,-.213,-.247,-.336,-.122,.999,0,0,-.3296041,-.4063633,-.1885139,-.518,-.504,-.309,.0918135,.545527,.0448799,.4384917,.0179188,.1731224,.024,.59,.008,.54,0,.177,.142,.512,.072,.363,.031,.17,.277,0,0,0,0,0,.1146248,.5375329,.0560304,.4254189,.0223708,.2044067,.038,.573,.014,.503,0,.251,-.4537135,-.3936119,-.1552036,-.566,-.532,-.177,-.37,-.291,-.139,.277,0,0,-.4229081,-.3693885,-.1820359,-.535,-.49,-.251
1984-05,3.937041,.047913,.4290177,.0292633,.3455196,.0159458,.2937047,.091,.675,.047,.548,.02,.526,.016,.244,.016,.194,.013,.12,0,0,0,0,0,0,.059707,.3521462,.0364665,.2697358,.0198709,.2088981,.146,.537,.076,.397,.031,.373,-.3811047,-.3162563,-.2777589,-.584,-.5,-.506,-.229,-.178,-.107,0,0,0,-.2924392,-.2332692,-.1890272,-.391,-.321,-.341,.0414305,.5396547,.0118123,.415179,.0104423,.3501006,.059,.698,.003,.504,0,.474,.028,.421,.018,.349,.018,.257,0,0,0,0,0,0,.0516287,.4740787,.01472,.3881452,.0130126,.3267172,.095,.573,.005,.47,0,.433,-.4982242,-.4033666,-.3396584,-.639,-.501,-.474,-.393,-.33,-.239,0,0,0,-.42245,-.3734252,-.3137046,-.478,-.465,-.433,.0574869,.5340905,.0351025,.4235955,.0337324,.3479737,.055,.73,.003,.546,0,.496,.059,.388,.059,.332,.059,.237,0,0,0,0,0,0,.0716375,.4671449,.0437431,.3986336,.0420358,.3240667,.089,.625,.005,.537,0,.468,-.4766035,-.388493,-.3142412,-.674,-.543,-.496,-.329,-.273,-.178,0,0,0,-.3955075,-.3548905,-.2820309,-.535,-.532,-.468
1984-06,3.750181,.0430083,.5306832,.0146787,.2557646,.0014557,.2081235,.02,.463,.018,.335,0,.286,.06,.582,.012,.196,.003,.15,0,1,0,0,0,0,.0523468,.5627704,.0182618,.2709208,.001811,.2121666,.029,.58,.029,.395,0,.318,-.487675,-.241086,-.2066678,-.443,-.317,-.286,-.521,-.184,-.147,-1,0,0,-.5104236,-.252659,-.2103556,-.552,-.366,-.318,.0159638,.5754729,.0072609,.327501,0,.2623693,.014,.412,.004,.324,0,.196,.017,.698,.01,.33,0,.312,0,1,0,0,0,0,.0187007,.6184934,.0090333,.34418,0,.3104263,.019,.498,.006,.378,0,.313,-.5595091,-.3202401,-.2623693,-.398,-.32,-.196,-.681,-.32,-.312,-1,0,0,-.5997927,-.3351466,-.3104263,-.479,-.371,-.313,.0372907,.5986612,.0248186,.3432744,.0231479,.2824503,.004,.448,.004,.357,0,.243,.062,.712,.041,.333,.041,.312,0,1,0,0,0,0,.0463935,.6436306,.0308769,.3600923,.0287984,.3316976,.006,.544,.006,.419,0,.379,-.5613706,-.3184558,-.2593023,-.444,-.353,-.243,-.65,-.292,-.271,-1,0,0,-.5972372,-.3292154,-.3028992,-.538,-.413,-.379
1984-07,3.551417,.098365,.3949485,.040213,.3086153,.012913,.2088191,.121,.414,.014,.315,.014,.226,.081,.38,.06,.304,.012,.196,0,.265,0,.265,0,0,.1189396,.4262583,.0499825,.330603,.0160501,.2129499,.183,.469,.022,.346,.022,.222,-.2965835,-.2684023,-.1959061,-.293,-.301,-.212,-.299,-.243,-.184,-.265,-.265,0,-.3073187,-.2806205,-.1968999,-.286,-.324,-.2,.0864281,.4688328,.0059247,.359977,.0054792,.2517152,.113,.42,0,.29,0,.213,.067,.506,.01,.413,.01,.281,0,.265,0,.265,0,0,.1074252,.5180922,.0073641,.3944426,.0068103,.2662673,.18,.479,0,.306,0,.202,-.3824046,-.3540523,-.246236,-.308,-.29,-.213,-.439,-.402,-.271,-.265,-.265,0,-.410667,-.3870785,-.2594571,-.299,-.306,-.202,.0645087,.470222,.023025,.3732085,.023025,.2643636,.096,.42,0,.309,0,.229,.041,.508,.041,.422,.041,.291,0,.265,0,.265,0,0,.0801806,.5160596,.0286188,.4071294,.0286188,.2782294,.154,.468,0,.325,0,.216,-.4057133,-.3501835,-.2413386,-.324,-.309,-.229,-.468,-.382,-.251,-.265,-.265,0,-.4358791,-.3785106,-.2496106,-.314,-.325,-.216
1984-08,3.435812,.1446624,.3949443,.0620452,.2838401,.0345045,.2271709,.138,.301,.065,.214,0,.143,.15,.464,.06,.335,.06,.29,0,.265,0,.265,0,.265,.1760768,.4489436,.0736289,.3341347,.0427867,.2754532,.21,.358,.094,.289,0,.21,-.2502819,-.2217949,-.1926664,-.164,-.15,-.143,-.315,-.275,-.229,-.265,-.265,-.265,-.2728668,-.2605058,-.2326665,-.148,-.196,-.21,.1296339,.4094841,.0451178,.3505273,0,.2681695,.128,.333,.052,.214,0,.11,.131,.466,.04,.452,0,.385,0,.265,0,.265,0,.265,.1607502,.4669734,.0559475,.4168289,0,.3262927,.205,.41,.083,.289,0,.158,-.2798502,-.3054094,-.2681695,-.205,-.163,-.11,-.335,-.411,-.385,-.265,-.265,-.265,-.3062233,-.3608814,-.3262927,-.204,-.206,-.158,.0821181,.4430654,.0451178,.3706018,.0231596,.2845011,.128,.355,.052,.226,0,.133,.048,.508,.04,.478,.04,.397,0,.265,0,.265,0,.265,.101829,.5086153,.0559475,.441722,.0287186,.3465445,.205,.445,.083,.307,0,.194,-.3609473,-.325484,-.2613415,-.227,-.174,-.133,-.46,-.438,-.356,-.265,-.265,-.265,-.4067862,-.3857745,-.3178259,-.24,-.225,-.194
1984-09,3.228122,.1359724,.3766287,.0620792,.2866277,.0341403,.2238085,.245,.287,.073,.199,.009,.181,.056,.442,.054,.351,.053,.255,0,.28,0,.266,0,.266,.1239658,.4061265,.0769329,.33756,.042309,.2597101,.256,.405,.117,.265,.014,.236,-.2406563,-.2245485,-.1896682,-.042,-.126,-.172,-.386,-.297,-.202,-.28,-.266,-.266,-.2821608,-.2606272,-.2174011,-.148,-.148,-.222,.0506621,.4676524,.0264522,.2744471,.0256294,.2595266,.06,.286,.006,.206,.006,.17,.044,.6,.042,.325,.04,.325,0,1,0,.266,0,.266,.062784,.5290583,.0327814,.3183429,.0317617,.3039745,.097,.391,.009,.263,.009,.219,-.4169903,-.2479949,-.2338972,-.226,-.2,-.165,-.557,-.283,-.285,-1,-.266,-.266,-.4662743,-.2855615,-.2722128,-.294,-.253,-.21,.0395344,.5467665,.0264522,.294122,.0256294,.2776869,.034,.289,.006,.191,.006,.154,.044,.736,.042,.369,.04,.368,0,1,0,.266,0,.266,.0489937,.612851,.0327814,.3427254,.0317617,.3264799,.054,.394,.009,.24,.009,.193,-.5072321,-.2676698,-.2520575,-.255,-.185,-.149,-.692,-.328,-.328,-1,-.266,-.266,-.5638573,-.309944,-.2947182,-.34,-.23,-.184
1984-10,3.292139,.1551286,.4069773,.0870819,.2038918,.0503825,.1294006,.209,.463,.148,.215,.063,.145,.115,.366,.042,.196,.041,.118,0,.016,0,.016,0,.001,.143623,.3423815,.06296,.1985779,.06246,.1488993,.187,.376,.101,.307,.101,.197,-.2518487,-.1168099,-.0790181,-.253,-.066,-.082,-.251,-.154,-.077,-.016,-.016,-.001,-.1987585,-.1356179,-.0864394,-.189,-.207,-.097,.1089694,.5255562,.0252264,.3935484,.0240357,.2266748,.144,.297,0,.2,0,.148,.083,.694,.044,.536,.042,.285,0,1,0,1,0,.267,.0900943,.6197344,.0312735,.4560824,.0297974,.2769174,.094,.461,0,.307,0,.225,-.4165868,-.368322,-.2026391,-.153,-.2,-.148,-.611,-.492,-.243,-1,-1,-.267,-.5296401,-.4248089,-.24712,-.368,-.307,-.225,.099632,.5077231,.0351981,.4440209,.0340074,.283483,.122,.344,0,.23,0,.188,.083,.629,.061,.602,.059,.354,0,1,0,1,0,.267,.0785185,.5711473,.0436356,.4921747,.0421594,.3358228,.058,.501,0,.32,0,.254,-.4080911,-.4088229,-.2494756,-.222,-.23,-.188,-.546,-.541,-.295,-1,-1,-.267,-.4926288,-.4485392,-.2936634,-.442,-.32,-.254
1984-11,3.291584,.1417198,.4608943,.0517393,.2711152,.0266856,.1714627,.116,.52,.092,.398,.063,.167,.161,.417,.022,.178,0,.175,0,.734,0,.015,0,.015,.171234,.3867579,.0603481,.1697783,.0330307,.153705,.173,.397,.136,.256,.101,.214,-.3191746,-.2193759,-.1447771,-.404,-.306,-.104,-.257,-.155,-.175,-.734,-.015,-.015,-.215524,-.1094301,-.1206743,-.224,-.121,-.113,.042631,.5584986,.0042622,.4219713,0,.3117484,.035,.356,.003,.223,0,.146,.049,.708,.005,.568,0,.434,0,1,0,1,0,1,.0527675,.6287289,.0052756,.490154,0,.3537233,.055,.503,.005,.345,0,.221,-.5158675,-.4177091,-.3117484,-.321,-.22,-.146,-.659,-.563,-.434,-1,-1,-1,-.5759615,-.4848784,-.3537233,-.448,-.34,-.221,.0142862,.5909211,.002938,.4641164,0,.3995218,.009,.405,0,.275,0,.171,.019,.728,.005,.603,0,.567,0,1,0,.986,0,.986,.017683,.6573818,.0036366,.5179561,0,.4380027,.014,.547,0,.393,0,.226,-.5766349,-.4611785,-.3995218,-.396,-.275,-.171,-.709,-.598,-.567,-1,-.986,-.986,-.6396987,-.5143195,-.4380027,-.533,-.393,-.226
1984-12,3.510523,.1550405,.5849043,.0552216,.4354408,.0110813,.26504,.138,.663,.066,.47,.003,.366,.168,.527,.047,.41,.017,.19,0,.731,0,.731,0,.014,.1904435,.4910652,.0684045,.3542181,.0137268,.1609946,.215,.48,.105,.32,.005,.209,-.4298638,-.3802192,-.2539587,-.524,-.404,-.363,-.36,-.363,-.173,-.731,-.731,-.014,-.3006217,-.2858135,-.1472678,-.266,-.215,-.204,.0493848,.5130476,.0296604,.4278738,.001288,.3015527,.051,.495,.011,.328,.003,.203,.048,.527,.044,.502,0,.375,0,.731,0,.731,0,.731,.0595649,.5162392,.0367412,.4650419,.0015955,.3407375,.077,.557,.017,.456,.005,.31,-.4636627,-.3982134,-.3002647,-.443,-.317,-.2,-.479,-.458,-.375,-.731,-.731,-.731,-.4566743,-.4283007,-.339142,-.48,-.439,-.305,.025317,.5654883,.0076852,.4666797,0,.3492797,.041,.512,0,.345,0,.237,.013,.605,.013,.557,0,.432,0,.731,0,.731,0,.717,.0308834,.5811989,.0095199,.5131119,0,.3851189,.064,.585,0,.484,0,.364,-.5401714,-.4589945,-.3492797,-.471,-.345,-.237,-.592,-.543,-.432,-.731,-.731,-.717,-.5503155,-.503592,-.3851189,-.52,-.484,-.364
1985-01,3.572153,.0732026,.4123752,.0495058,.2857599,.0286673,.2127014,.068,.313,.052,.185,.003,.122,.077,.485,.047,.36,.047,.279,0,.73,0,.73,0,.73,.0897799,.4568642,.0609703,.304568,.035306,.2202788,.107,.38,.083,.188,.005,.106,-.3391726,-.2362541,-.184034,-.245,-.132,-.119,-.408,-.313,-.232,-.73,-.73,-.73,-.3670843,-.2435977,-.1849727,-.273,-.105,-.101,.1461931,.4435845,.0182229,.3299316,.0090238,.3023067,.245,.269,.025,.167,.003,.13,.074,.572,.013,.449,.013,.429,0,.73,0,.73,0,.73,.0753894,.4852403,.0224429,.3452679,.0111135,.3112456,.07,.361,.039,.201,.005,.142,-.2973914,-.3117087,-.2932829,-.024,-.142,-.127,-.498,-.436,-.415,-.73,-.73,-.73,-.409851,-.322825,-.3001322,-.292,-.162,-.137,.162169,.4729132,.0182229,.3753622,.0077348,.3407896,.241,.303,.025,.225,0,.171,.104,.598,.013,.486,.013,.466,0,.73,0,.73,0,.73,.095065,.5202608,.0224429,.4012192,.009526,.3586404,.063,.412,.039,.293,0,.206,-.3107442,-.3571392,-.3330548,-.062,-.2,-.171,-.493,-.472,-.452,-.73,-.73,-.73,-.4251957,-.3787762,-.3491144,-.348,-.254,-.206
1985-02,3.372011,.2316688,.256458,.0399387,.2049325,.0245883,.1314284,.388,.237,.041,.155,.035,.128,.118,.27,.039,.241,.017,.134,0,0,0,0,0,0,.17862,.2415851,.0493652,.1907581,.0303918,.0999052,.286,.283,.065,.193,.055,.149,-.0247891,-.1649939,-.1068401,.151,-.114,-.093,-.153,-.202,-.117,0,0,0,-.0629651,-.1413929,-.0695134,.003,-.128,-.095,.1997259,.2023397,.1212847,.1424019,.0107138,.0638339,.302,.157,.214,.052,.007,.014,.125,.235,.054,.208,.014,.1,0,0,0,0,0,0,.1332908,.2037396,.0454048,.1596942,.0132426,.0625823,.133,.156,.021,.082,.011,.022,-.0026138,-.0211172,-.0531201,.146,.162,-.007,-.11,-.154,-.086,0,0,0,-.0704489,-.1142895,-.0493397,-.024,-.061,-.012,.1992436,.223998,.1080116,.2014592,.0107138,.1277534,.275,.146,.214,.105,.007,.064,.144,.281,.031,.272,.014,.174,0,0,0,0,0,0,.1326947,.2305098,.0289989,.2144193,.0132426,.1244089,.089,.139,.021,.11,.011,.05,-.0247544,-.0934475,-.1170396,.129,.11,-.058,-.136,-.241,-.16,0,0,0,-.0978152,-.1854204,-.1111663,-.05,-.089,-.039
1985-03,3.433235,.2663593,.1909941,.1555803,.130145,.0203709,.1083874,.411,.23,.278,.173,0,.149,.161,.163,.067,.099,.035,.079,0,0,0,0,0,0,.2151358,.1892516,.0881163,.1145786,.0251393,.088171,.304,.308,.122,.22,0,.184,.0753652,.0254353,-.0880165,.181,.104,-.149,-.002,-.032,-.044,0,0,0,.0258842,-.0264623,-.0630317,-.005,-.098,-.184,.1399618,.2056201,.0727127,.0737779,.028278,.0575334,.137,.282,.077,.092,0,.078,.142,.15,.07,.061,.049,.043,0,0,0,0,0,0,.1666671,.2358258,.0836763,.0735416,.0348973,.0539377,.199,.391,.103,.092,0,.071,-.0656583,-.0010652,-.0292554,-.145,-.015,-.078,-.008,.009,.006,0,0,0,-.0691587,.0101347,-.0190404,-.192,.011,-.071,.1076213,.2589809,.0514034,.1358687,.0181185,.1300628,.143,.284,.049,.111,0,.098,.082,.241,.053,.154,.031,.154,0,0,0,0,0,0,.1267564,.3005627,.057379,.1490521,.0223597,.1423302,.207,.391,.059,.119,0,.099,-.1513595,-.0844653,-.1119443,-.142,-.062,-.098,-.158,-.1,-.122,0,0,0,-.1738063,-.0916731,-.1199705,-.184,-.06,-.099
1985-04,3.205476,.1052483,.4629385,.0327199,.1268297,0,.0731476,.141,.301,.035,.142,0,.095,.079,.582,.031,.116,0,.057,0,1,0,0,0,0,.0802545,.5247591,.0346881,.1119328,0,.0463604,.073,.419,.038,.17,0,.097,-.3576903,-.0941098,-.0731476,-.159,-.108,-.095,-.503,-.084,-.057,-1,0,0,-.4445045,-.0772447,-.0463604,-.345,-.132,-.097,.0784208,.5583173,.0279813,.1565679,.0187515,.0581688,.16,.593,.042,.208,.021,.078,.019,.533,.017,.119,.017,.044,0,1,0,0,0,0,.0473037,.5322658,.0288679,.1746133,.0175314,.0541172,.104,.545,.05,.272,.016,.07,-.4798965,-.1285866,-.0394173,-.432,-.165,-.057,-.515,-.102,-.026,-1,0,0,-.4849622,-.1457454,-.0365858,-.442,-.223,-.054,.0712057,.7074769,.0311658,.2238752,.0187515,.1234704,.142,.638,.05,.227,.021,.097,.019,.758,.017,.222,.017,.143,0,1,0,0,0,0,.0384417,.7143998,.0327793,.2562123,.0175314,.1332527,.075,.613,.062,.3,.016,.097,-.6362712,-.1927094,-.1047189,-.496,-.177,-.076,-.739,-.204,-.125,-1,0,0,-.6759581,-.223433,-.1157213,-.538,-.238,-.081
1985-05,3.312041,.0421346,.3706467,.0105201,.1793487,.0105201,.0919887,.032,.517,0,.202,0,.078,.049,.264,.018,.163,.018,.102,0,0,0,0,0,0,.048622,.3120151,.0129368,.1936657,.0129368,.0862371,.041,.498,0,.319,0,.123,-.3285121,-.1688286,-.0814686,-.485,-.202,-.078,-.215,-.144,-.084,0,0,0,-.2633931,-.1807289,-.0733003,-.456,-.319,-.123,.0235572,.4582176,.0105201,.2599517,.0105201,.0881977,.016,.557,0,.424,0,.154,.029,.386,.018,.141,.018,.04,0,0,0,0,0,0,.0289689,.4197031,.0129368,.1891445,.0129368,.108026,.025,.561,0,.353,0,.243,-.4346603,-.2494316,-.0776776,-.542,-.424,-.154,-.357,-.123,-.022,0,0,0,-.3907342,-.1762077,-.0950892,-.537,-.353,-.243,.0200787,.5305467,.0126344,.428464,.012002,.1709353,.012,.593,.004,.493,.004,.183,.026,.485,.019,.382,.018,.162,0,0,0,0,0,0,.0246913,.508648,.0155369,.395305,.0147591,.2087074,.019,.618,.006,.459,.006,.285,-.510468,-.4158296,-.1589334,-.581,-.489,-.179,-.459,-.363,-.144,0,0,0,-.4839567,-.3797681,-.1939483,-.599,-.453,-.28
1985-06,3.402896,.2032906,.2914723,.0241698,.2325872,.0108221,.1066384,.103,.226,.012,.129,0,.072,.277,.339,.033,.308,.019,.132,.275,0,0,0,0,0,.2383915,.3119878,.029654,.2454865,.0132777,.1032335,.128,.336,.019,.201,0,.112,-.0881817,-.2084174,-.0958163,-.123,-.117,-.072,-.063,-.275,-.113,.275,0,0,-.0735963,-.2158325,-.0899558,-.208,-.182,-.112,.1227001,.3965539,.0185639,.2905114,.0108221,.1409086,.09,.367,.003,.273,0,.187,.147,.418,.03,.303,.019,.107,0,0,0,0,0,0,.1395148,.4409128,.0227761,.3165539,.0132777,.1452798,.108,.557,.005,.427,0,.292,-.2738538,-.2719476,-.1300865,-.277,-.27,-.187,-.271,-.273,-.088,0,0,0,-.301398,-.2937778,-.1320021,-.449,-.422,-.292,.1087334,.3966318,.0167481,.3435024,.0128989,.2886385,.075,.368,.003,.279,.003,.226,.133,.418,.026,.391,.02,.334,0,0,0,0,0,0,.1334053,.4410083,.0205483,.3815687,.0158258,.32653,.117,.557,.005,.436,.005,.353,-.2878984,-.3267543,-.2757396,-.293,-.276,-.223,-.284,-.364,-.314,0,0,0,-.3076029,-.3610204,-.3107043,-.44,-.431,-.348
1985-07,3.294952,.0454731,.4039216,.0030724,.21741,.001639,.1760111,.048,.286,.003,.149,0,.049,.044,.488,.003,.266,.003,.266,0,.724,0,0,0,0,.0558139,.4393814,.0037711,.2344094,.0020118,.1891545,.076,.359,.005,.216,0,.077,-.3584485,-.2143376,-.174372,-.238,-.145,-.049,-.444,-.264,-.264,-.724,0,0,-.3835675,-.2306383,-.1871427,-.284,-.211,-.077,.0418016,.5269188,.0106057,.305911,0,.2143714,.02,.379,0,.268,0,.192,.057,.633,.018,.333,0,.231,0,1,0,0,0,0,.0513076,.5769444,.0130175,.3296315,0,.2228337,.032,.505,0,.405,0,.301,-.4851172,-.2953053,-.2143714,-.358,-.268,-.192,-.576,-.315,-.231,-1,0,0,-.5256368,-.316614,-.2228337,-.473,-.405,-.301,.0373564,.5304918,.0126794,.3140206,.0020737,.2680671,.01,.368,.003,.268,.003,.179,.057,.647,.019,.347,.001,.331,0,1,0,0,0,0,.0458515,.5702478,.0155628,.3395853,.0025453,.2887401,.015,.454,.005,.405,.005,.282,-.4931354,-.3013412,-.2659934,-.358,-.265,-.176,-.589,-.327,-.33,-1,0,0,-.5243964,-.3240225,-.2861949,-.439,-.4,-.277
1985-08,3.317846,.064238,.3592974,.0206503,.161388,.0013499,.1420545,.013,.52,.003,.095,.003,.082,.101,.244,.033,.209,0,.185,0,.014,0,.013,0,0,.0787244,.2635356,.0253072,.1651525,.0016544,.1418399,.021,.354,.005,.13,.005,.11,-.2950594,-.1407377,-.1407046,-.507,-.092,-.079,-.144,-.175,-.185,-.014,-.013,0,-.1848112,-.1398453,-.1401856,-.333,-.125,-.105,.0785846,.5572281,.0312034,.3635203,.0105531,.1772499,.032,.575,.003,.18,0,.156,.112,.545,.051,.495,.018,.193,0,1,0,1,0,0,.0963064,.5061021,.0382401,.412868,.0129329,.1849723,.05,.44,.005,.263,0,.226,-.4786435,-.3323169,-.1666968,-.543,-.177,-.156,-.433,-.443,-.175,-1,-1,0,-.4097957,-.3746279,-.1720393,-.39,-.258,-.226,.0366271,.4331841,.011903,.2409407,.011903,.2005651,.046,.591,.003,.188,.003,.159,.03,.32,.018,.279,.018,.23,0,.001,0,.001,0,0,.0448869,.3377261,.0145873,.2462868,.0145873,.200296,.072,.457,.005,.265,.005,.232,-.3965571,-.2290377,-.1886621,-.545,-.184,-.156,-.29,-.261,-.212,-.001,-.001,0,-.2928393,-.2316995,-.1857087,-.384,-.26,-.227
1985-09,3.349918,.1871532,.2819296,.0212859,.2301473,.0212859,.1277956,.101,.31,.003,.289,.003,.071,.249,.262,.034,.188,.034,.169,0,.014,0,.014,0,.013,.2086455,.2449256,.0260335,.1815938,.0260335,.1562989,.097,.179,.005,.146,.005,.111,-.0947764,-.2088614,-.1065096,-.208,-.286,-.068,-.013,-.154,-.134,-.014,-.014,-.013,-.0362801,-.1555603,-.1302654,-.083,-.141,-.106,.1450635,.4778365,.011876,.4187016,.011876,.3091318,.101,.423,.003,.353,.003,.135,.177,.517,.018,.466,.018,.434,0,1,0,1,0,1,.1540787,.4587546,.0145248,.3864303,.0145248,.3523073,.086,.356,.005,.247,.005,.211,-.332773,-.4068256,-.2972558,-.322,-.35,-.132,-.34,-.448,-.416,-1,-1,-1,-.3046759,-.3719054,-.3377824,-.27,-.242,-.206,.1425374,.3863972,.011876,.2787357,.011876,.1744138,.095,.42,.003,.351,.003,.133,.177,.362,.018,.227,.018,.204,0,.001,0,.001,0,.001,.1540787,.3438312,.0145248,.2121571,.0145248,.1844526,.086,.342,.005,.234,.005,.198,-.2438597,-.2668597,-.1625378,-.326,-.348,-.13,-.185,-.209,-.186,-.001,-.001,-.001,-.1897526,-.1976323,-.1699278,-.256,-.229,-.193
1985-10,3.283003,.1954324,.4745457,.0601023,.2015022,.0035332,.1802745,.252,.462,.01,.235,.003,.223,.153,.484,.097,.176,.004,.149,0,.722,0,.013,0,.013,.1655776,.4805069,.0734135,.146991,.0043157,.1210618,.249,.418,.015,.069,.005,.05,-.2791133,-.1413998,-.1767413,-.21,-.226,-.22,-.33,-.079,-.145,-.722,-.013,-.013,-.3149292,-.0735774,-.1167461,-.169,-.054,-.045,.0971406,.533627,.0381769,.381587,.0117603,.3412907,.051,.545,.009,.358,.003,.326,.131,.525,.06,.399,.018,.353,0,.722,0,.722,0,.722,.1096961,.5405271,.0434183,.3669602,.014365,.3177392,.052,.51,.005,.258,.005,.208,-.4364864,-.3434101,-.3295304,-.494,-.349,-.323,-.394,-.339,-.335,-.722,-.722,-.722,-.430831,-.3235419,-.3033742,-.458,-.253,-.203,.1210753,.5122158,.0290895,.3261392,.0117603,.2374319,.122,.497,.003,.352,.003,.326,.12,.523,.048,.307,.018,.172,0,.722,0,0,0,0,.1008457,.5265201,.0355321,.2992321,.014365,.1908782,.049,.472,.005,.248,.005,.208,-.3911405,-.2970497,-.2256716,-.375,-.349,-.323,-.403,-.259,-.154,-.722,0,0,-.4256744,-.2637,-.1765133,-.423,-.243,-.203
1985-11,3.427387,.2143089,.3300214,.1149105,.2143463,.0334551,.0929937,.228,.258,.177,.199,.007,.016,.204,.382,.071,.226,.052,.148,.279,0,0,0,0,0,.213282,.3915904,.0926501,.2621091,.04091,.1137155,.208,.404,.129,.312,.011,.024,-.1157124,-.0994358,-.0595385,-.029,-.022,-.009,-.177,-.154,-.096,.279,0,0,-.1783083,-.169459,-.0728055,-.197,-.183,-.014,.114347,.3767243,.0519926,.2645883,.0297618,.1549105,.064,.354,.029,.275,.004,.115,.15,.393,.068,.257,.048,.183,.279,0,0,0,0,0,.133951,.4376068,.0577022,.3124533,.0363937,.1894292,.082,.522,.027,.398,.006,.18,-.2623773,-.2125957,-.1251487,-.29,-.246,-.111,-.243,-.189,-.135,.279,0,0,-.3036558,-.2547511,-.1530356,-.44,-.37,-.175,.1545879,.3460952,.0827712,.2324189,.0297618,.1720087,.139,.313,.104,.223,.004,.108,.166,.37,.068,.239,.048,.217,.279,0,0,0,0,0,.1411688,.411246,.0533491,.2842088,.0363937,.2103375,.071,.492,.015,.35,.006,.17,-.1915073,-.1496477,-.1422469,-.174,-.119,-.105,-.204,-.172,-.169,.279,0,0,-.2700772,-.2308597,-.1739438,-.421,-.335,-.165
1985-12,3.478859,.2951011,.2508358,.0754298,.1783683,.0678744,.0883933,.319,.225,.085,.109,.083,.109,.278,.269,.069,.228,.057,.073,.708,0,0,0,0,0,.2162985,.2801439,.0491102,.2058238,.0407676,.1081925,.056,.309,0,.172,0,.172,.0442653,-.1029386,-.0205189,.095,-.025,-.027,.008,-.159,-.016,.708,0,0,-.0638455,-.1567136,-.0674249,-.253,-.172,-.172,.265141,.3393911,.0121617,.2803563,.0121617,.1971064,.325,.3,.004,.2,.004,.169,.223,.368,.018,.338,.018,.217,.708,0,0,0,0,0,.1796276,.3960926,.0148859,.3306561,.0148859,.2412562,.064,.45,.006,.315,.006,.266,-.0742501,-.2681946,-.1849447,.025,-.197,-.166,-.145,-.319,-.199,.708,0,0,-.216465,-.3157702,-.2263703,-.386,-.309,-.26,.1688834,.3327223,.054996,.2682149,.046729,.1763901,.323,.3,.086,.173,.086,.131,.059,.356,.033,.336,.018,.209,0,0,0,0,0,0,.0627143,.3757946,.0250045,.315795,.0148859,.2158996,.064,.414,.006,.272,.006,.206,-.1638389,-.2132189,-.1296611,.023,-.087,-.045,-.297,-.304,-.19,0,0,0,-.3130803,-.2907905,-.2010138,-.349,-.266,-.201
1986-01,3.441391,.2927233,.2785197,.1608606,.1440692,.0405813,.117603,.119,.132,.028,.053,0,0,.416,.383,.255,.209,.07,.201,.708,.292,.708,0,0,0,.3315846,.3098286,.1973922,.150859,.0499082,.129589,.187,.154,.043,.049,0,0,.0142035,.0167913,-.0770217,-.013,-.025,0,.034,.046,-.132,.417,.708,0,.021756,.0465332,-.0796808,.033,-.005,0,.2022472,.2654481,.1322657,.0906515,.0120735,.0769605,.079,.203,.031,.049,.003,.027,.29,.31,.204,.12,.018,.113,.708,.292,.708,0,0,0,.2487305,.3200749,.1626649,.1114863,.0148484,.0946487,.124,.3,.049,.077,.005,.042,-.0632009,.0416142,-.064887,-.124,-.018,-.023,-.02,.084,-.094,.417,.708,0,-.0713445,.0511786,-.0798002,-.176,-.029,-.037,.0958281,.4526027,.034071,.1713516,.0202979,.1495696,.079,.229,.031,.078,.003,.024,.108,.612,.036,.238,.032,.239,0,1,0,0,0,0,.1178527,.523029,.0419017,.1835188,.0249631,.1689027,.124,.303,.049,.085,.005,.038,-.3567746,-.1372805,-.1292717,-.15,-.047,-.021,-.504,-.202,-.207,-1,0,0,-.4051763,-.1416171,-.1439396,-.179,-.036,-.032
1986-02,2.993109,.2208278,.4496883,.1468312,.2290817,.0424834,.1158709,.169,.493,.056,.105,.027,.033,.259,.418,.213,.319,.053,.176,0,.292,0,.292,0,0,.2243227,.3898826,.1542045,.2633972,.051901,.1303428,.202,.285,.087,.114,.043,.017,-.2288604,-.0822505,-.0733875,-.325,-.049,-.006,-.16,-.106,-.122,-.292,-.292,0,-.1655599,-.1091928,-.0784418,-.083,-.027,.026,.1084121,.4177923,.0278643,.1995663,.0051911,.0563098,.141,.52,.012,.113,.012,.027,.085,.344,.039,.262,0,.077,0,.292,0,.292,0,0,.1121629,.324965,.0340412,.2381524,.0063419,.0687924,.158,.324,.019,.159,.019,.042,-.3093802,-.171702,-.0511186,-.379,-.1,-.015,-.259,-.223,-.077,-.292,-.292,0,-.2128021,-.2041112,-.0624505,-.165,-.14,-.023,.0890603,.6326632,.0278643,.4017587,.0134603,.1354932,.1,.602,.012,.194,.012,.053,.081,.655,.039,.552,.014,.195,0,1,0,1,0,0,.0885212,.5760148,.0340412,.4624989,.0164442,.1428615,.095,.453,.019,.253,.019,.049,-.5436029,-.3738944,-.1220329,-.502,-.182,-.041,-.574,-.513,-.181,-1,-1,0,-.4874936,-.4284577,-.1264174,-.357,-.233,-.03
1986-03,2.399357,.0114478,.2905673,.0067431,.1855768,.0034537,.0501997,.011,.407,0,.232,0,.05,.011,.208,.011,.153,.006,.05,0,0,0,0,0,0,.0131184,.2995738,.0082296,.1753998,.004215,.0500488,.015,.466,0,.204,0,.043,-.2791196,-.1788336,-.046746,-.396,-.232,-.05,-.197,-.142,-.045,0,0,0,-.2864554,-.1671702,-.0458338,-.451,-.204,-.043,.0485133,.4264608,.0340937,.2168718,.0056627,.0958699,.035,.448,.029,.228,0,.053,.058,.411,.038,.209,.01,.126,0,0,0,0,0,0,.0583545,.4262297,.0416093,.1861805,.006911,.1166004,.053,.528,.045,.195,0,.082,-.3779475,-.1827781,-.0902072,-.412,-.199,-.053,-.354,-.172,-.116,0,0,0,-.3678751,-.1445712,-.1096894,-.475,-.15,-.082,.0358376,.4935636,.0221169,.3184864,.0056627,.1949467,.005,.472,0,.311,0,.136,.058,.509,.038,.324,.01,.237,0,0,0,0,0,0,.0437376,.5081245,.0269923,.2980709,.006911,.2141768,.007,.566,0,.326,0,.176,-.457726,-.2963695,-.189284,-.467,-.311,-.136,-.451,-.286,-.227,0,0,0,-.4643869,-.2710786,-.2072657,-.559,-.326,-.176
1986-04,2.058269,.158283,.4121997,.0040537,.2180393,0,.1224121,.143,.466,.01,.33,0,.174,.169,.375,0,.14,0,.087,.279,0,0,0,0,0,.1924659,.4022181,.0049291,.2241184,0,.1118396,.223,.533,.015,.386,0,.155,-.2539167,-.2139857,-.1224121,-.323,-.32,-.174,-.206,-.14,-.087,.279,0,0,-.2097522,-.2191893,-.1118396,-.31,-.371,-.155,.1460243,.4174298,.015325,.3386891,.015325,.1737299,.101,.451,.029,.314,.029,.176,.177,.394,.006,.356,.006,.172,.291,0,0,0,0,0,.1775598,.4085779,.0186346,.3445233,.0186346,.147608,.157,.509,.046,.36,.046,.156,-.2714055,-.3233641,-.1584049,-.349,-.285,-.147,-.217,-.35,-.167,.291,0,0,-.2310181,-.3258887,-.1289734,-.351,-.314,-.111,.0870868,.4663536,.0032759,.401915,.0032759,.2644001,.079,.461,0,.335,0,.262,.093,.47,.006,.448,.006,.266,.279,0,0,0,0,0,.1058942,.4671835,.0039834,.4102216,.0039834,.2466774,.123,.523,0,.393,0,.291,-.3792667,-.3986391,-.2611241,-.382,-.335,-.262,-.377,-.443,-.26,.279,0,0,-.3612894,-.4062382,-.242694,-.399,-.393,-.291
1986-05,2.005455,.168581,.4562371,.1056237,.2986668,.0020912,.1221213,.187,.328,.115,.268,.005,.154,.156,.546,.099,.32,0,.1,0,.721,0,0,0,0,.2034768,.4886961,.1274875,.3037277,.0025241,.1474,.284,.421,.175,.346,.008,.234,-.287656,-.1930431,-.1200301,-.141,-.153,-.149,-.39,-.221,-.1,-.721,0,0,-.2852193,-.1762403,-.1448759,-.137,-.172,-.226,.1574644,.4781772,.0861592,.3131734,.0032954,.2434172,.2,.377,.059,.326,0,.202,.127,.549,.105,.304,.006,.272,0,.709,0,0,0,0,.190059,.5116124,.1039939,.3176717,.0039775,.2645596,.305,.485,.09,.424,0,.297,-.3207129,-.2270142,-.2401219,-.176,-.267,-.202,-.421,-.199,-.266,-.709,0,0,-.3215534,-.2136779,-.2605821,-.18,-.333,-.297,.0866971,.4831769,.0277384,.3180774,.0032954,.2577951,.156,.367,.037,.334,0,.209,.038,.564,.021,.307,.006,.292,0,.721,0,0,0,0,.1046431,.517647,.0334801,.3227569,.0039775,.2709866,.238,.471,.057,.434,0,.308,-.3964798,-.2903391,-.2544997,-.211,-.297,-.209,-.526,-.286,-.286,-.721,0,0,-.4130039,-.2892768,-.2670092,-.233,-.377,-.308
1986-06,2.103576,.1983361,.4269975,.1569984,.3130418,.1014933,.174785,.219,.285,.158,.223,.104,.209,.184,.527,.156,.376,.1,.15,0,1,0,.721,0,0,.2386916,.5044447,.1895144,.377876,.1225137,.2109848,.33,.399,.24,.339,.158,.318,-.2286614,-.1560434,-.0732916,-.066,-.065,-.105,-.343,-.22,-.051,-1,-.721,0,-.265753,-.1883616,-.0884711,-.069,-.099,-.16,.2132408,.4990103,.1554474,.3946964,.0839363,.2413028,.229,.374,.201,.307,.058,.267,.202,.587,.123,.456,.102,.223,0,1,0,.709,0,0,.2566833,.5878443,.1876421,.4729143,.1013204,.2877514,.346,.524,.305,.456,.089,.395,-.2857695,-.239249,-.1573665,-.145,-.106,-.208,-.385,-.333,-.121,-1,-.709,0,-.3311611,-.2852722,-.186431,-.178,-.151,-.306,.1969968,.5043224,.0735083,.393806,.0212085,.248976,.254,.353,.133,.286,.03,.263,.157,.611,.032,.47,.015,.239,0,1,0,.721,0,0,.2047623,.5942565,.0887326,.4718396,.025601,.2970138,.285,.492,.201,.424,.046,.388,-.3073255,-.3202978,-.2277676,-.099,-.154,-.232,-.454,-.438,-.225,-1,-.721,0,-.3894943,-.383107,-.2714128,-.207,-.223,-.342
1986-07,1.888046,.1722776,.4408013,.0804764,.3394343,.0554707,.2465289,.263,.241,.182,.123,.135,.093,.109,.58,.01,.49,0,.354,0,.999,0,.999,0,.72,.2042225,.5003345,.0970114,.4107939,.0671324,.2983568,.389,.267,.277,.189,.206,.141,-.2685237,-.258958,-.1910582,.022,.059,.042,-.471,-.481,-.354,-.999,-.999,-.72,-.296112,-.3137825,-.2312245,.122,.088,.065,.0501528,.3785824,.0331631,.3292781,.0270695,.2576891,.104,.235,.081,.147,.066,.111,.013,.479,0,.457,0,.36,0,1,0,1,0,.708,.0564234,.4214419,.0397515,.394909,.0327603,.3082698,.146,.246,.122,.214,.101,.159,-.3284296,-.2961149,-.2306196,-.131,-.066,-.045,-.466,-.457,-.36,-1,-1,-.708,-.3650185,-.3551575,-.2755095,-.1,-.091,-.058,.0427414,.4045078,.0305517,.3647677,.0116663,.3209762,.081,.203,.065,.176,.028,.118,.016,.545,.007,.497,0,.463,0,.72,0,.72,0,.72,.0513434,.4748246,.036591,.42673,.0141189,.3848619,.122,.265,.098,.223,.043,.169,-.3617664,-.334216,-.30931,-.122,-.111,-.089,-.529,-.49,-.463,-.72,-.72,-.72,-.4234812,-.3901389,-.370743,-.142,-.125,-.125
1986-08,1.686578,.1945753,.4191857,.0673448,.2734185,.0130037,.2350454,.333,.086,.032,.05,.032,.029,.098,.653,.092,.43,0,.38,0,.708,0,.708,0,.708,.1337357,.4796644,.0813045,.3300946,.0156992,.2837672,.196,.131,.048,.076,.048,.044,-.2246104,-.2060737,-.2220417,.247,-.019,.003,-.555,-.337,-.38,-.708,-.708,-.708,-.3459287,-.2487901,-.2680681,.066,-.028,.004,.1273089,.5231723,.0069943,.3037802,.0069943,.2875481,.309,.223,.017,.075,.017,.067,0,.733,0,.464,0,.442,0,.988,0,.988,0,.988,.0556937,.5841286,.0080679,.3632058,.0080679,.3436089,.17,.274,.025,.103,.025,.091,-.3958633,-.2967859,-.2805537,.086,-.058,-.05,-.733,-.464,-.442,-.988,-.988,-.988,-.5284348,-.3551379,-.335541,-.105,-.078,-.066,.1351356,.5801388,.0105852,.3496006,.0084847,.3180726,.328,.331,.026,.092,.021,.084,0,.755,0,.53,0,.482,0,.72,0,.72,0,.72,.065519,.6067911,.0127794,.4075029,.0102435,.3694396,.2,.297,.039,.095,.031,.083,-.4450032,-.3390153,-.309588,-.003,-.066,-.064,-.755,-.53,-.482,-.72,-.72,-.72,-.541272,-.3947235,-.3591961,-.098,-.056,-.052
1986-09,1.842556,.1311167,.2720336,.0411533,.1559713,.0087046,.0919092,.25,.305,.099,.086,.021,.051,.047,.249,0,.205,0,.121,.011,.28,0,.279,0,.279,.1067268,.3229679,.0493624,.187084,.010441,.110243,.221,.446,.148,.129,.031,.076,-.140917,-.114818,-.0832046,-.056,.013,-.03,-.202,-.205,-.121,-.268,-.279,-.279,-.2162411,-.1377216,-.099802,-.225,.019,-.045,.0926464,.3357052,.0333563,.2429887,.0021617,.095651,.198,.353,.08,.209,.005,.07,.018,.323,0,.267,0,.114,.011,.28,0,.28,0,.28,.0777527,.3551151,.0400102,.2476633,.002593,.1112684,.195,.455,.12,.251,.008,.095,-.2430588,-.2096324,-.0934893,-.155,-.128,-.065,-.305,-.267,-.114,-.268,-.28,-.28,-.2773625,-.2076532,-.1086755,-.26,-.13,-.087,.0330358,.5547932,.0103423,.4292538,.0103423,.2563667,.078,.377,.025,.236,.025,.087,.001,.681,0,.566,0,.376,0,.989,0,.709,0,.709,.0355294,.6075696,.0124054,.4573557,.0124054,.2932774,.104,.46,.037,.251,.037,.088,-.5217574,-.4189115,-.2460244,-.3,-.211,-.062,-.679,-.566,-.376,-.989,-.709,-.709,-.5720403,-.4449503,-.280872,-.356,-.213,-.051
1986-10,1.854801,.2427978,.1993088,.0121026,.1374228,.0083198,.0628282,.079,.248,.025,.169,.02,.038,.363,.163,.003,.114,0,.081,.721,0,.011,0,0,0,.2907728,.2249628,.014494,.1613426,.0099637,.0752426,.116,.355,.036,.238,.029,.055,.043489,-.1253202,-.0545084,-.169,-.144,-.018,.2,-.112,-.081,.721,.011,0,.06581,-.1468486,-.0652789,-.239,-.202,-.026,.1929421,.2690465,.0016451,.2176416,0,.1398072,.054,.283,0,.214,0,.08,.295,.259,.003,.22,0,.184,.721,.279,.011,.279,0,.279,.231066,.2729196,.0019702,.2117112,0,.1221258,.079,.346,0,.247,0,.059,-.0761045,-.2159965,-.1398072,-.229,-.214,-.08,.036,-.217,-.184,.441,-.268,-.279,-.0418536,-.209741,-.1221258,-.266,-.247,-.059,.0855559,.4856265,.0076212,.4038858,.0076212,.2948838,.062,.353,.018,.213,.018,.102,.103,.584,0,.545,0,.437,0,.989,0,.989,0,.709,.1024611,.5225182,.0091271,.4246261,.0091271,.29444,.09,.42,.026,.215,.026,.053,-.4000706,-.3962646,-.2872626,-.291,-.195,-.084,-.48,-.545,-.437,-.989,-.989,-.709,-.4200571,-.4154989,-.2853129,-.33,-.188,-.026
1986-11,1.744862,.2068323,.1876004,.062583,.1257464,.0107612,.0859501,.207,.179,.046,.117,.026,.073,.207,.193,.074,.132,0,.095,0,0,0,0,0,0,.2483716,.1908719,.0751519,.1373408,.0129225,.1002644,.31,.197,.069,.167,.039,.101,.0192319,-.0631633,-.0751888,.028,-.071,-.047,.013,-.058,-.095,0,0,0,.0574997,-.0621889,-.0873419,.113,-.098,-.062,.0748421,.2360474,.0158077,.1583495,0,.1371414,.134,.205,.02,.153,0,.123,.033,.258,.013,.162,0,.147,0,.279,0,.279,0,.279,.089873,.2729113,.0189825,.1837445,0,.1582771,.2,.275,.03,.21,0,.165,-.1612054,-.1425418,-.1371414,-.071,-.133,-.123,-.225,-.149,-.147,-.279,-.279,-.279,-.1830382,-.164762,-.1582771,-.075,-.18,-.165,.0726402,.3592397,.0158077,.2879132,.0082811,.2687215,.128,.2,.02,.152,.02,.118,.033,.471,.013,.384,0,.375,0,1,0,.989,0,.989,.0872289,.4200768,.0189825,.3393292,.0099443,.3162831,.192,.266,.03,.208,.03,.158,-.2865995,-.2721055,-.2604404,-.072,-.132,-.098,-.438,-.371,-.375,-1,-.989,-.989,-.3328479,-.3203467,-.3063388,-.074,-.178,-.128
1986-12,1.550793,.2710956,.371477,.1052877,.1347672,.0107297,.0916117,.199,.146,.08,.109,.026,.059,.321,.527,.123,.152,0,.114,0,1,0,0,0,0,.2847392,.4262494,.1265996,.141626,.0129016,.1101553,.252,.157,.121,.102,.04,.089,-.1003813,-.0294794,-.080882,.053,-.029,-.033,-.206,-.03,-.114,-1,0,0,-.1415102,-.0150264,-.0972538,.095,.019,-.05,.0948787,.4643621,.0022633,.1750512,0,.1221983,.156,.334,.006,.115,0,.087,.053,.554,0,.216,0,.146,0,1,0,.279,0,.279,.102622,.4577935,.0027215,.207079,0,.1435279,.2,.195,.008,.164,0,.121,-.3694834,-.1727878,-.1221983,-.178,-.11,-.087,-.501,-.216,-.146,-1,-.279,-.279,-.3551715,-.2043575,-.1435279,.005,-.155,-.121,.0706833,.4688816,0,.2760198,0,.2377021,.138,.325,0,.093,0,.088,.024,.568,0,.402,0,.341,0,1,0,1,0,.989,.0560724,.4603273,0,.3255847,0,.279511,.12,.172,0,.121,0,.114,-.3981982,-.2760198,-.2377021,-.187,-.093,-.088,-.544,-.402,-.341,-1,-1,-.989,-.4042549,-.3255847,-.279511,-.052,-.121,-.114
1987-01,1.560874,.2875578,.2708102,.1618732,.198574,.0249957,.0491329,.375,.098,.142,.02,.036,.02,.225,.394,.176,.327,.017,.07,0,.721,0,.721,0,0,.1969261,.3236332,.1545798,.2375513,.029902,.058777,.22,.145,.166,.03,.053,.03,.0167477,-.0367008,-.0241372,.277,.122,.016,-.17,-.151,-.053,-.721,-.721,0,-.1267071,-.0829716,-.028875,.076,.137,.023,.1369616,.3393967,.0702589,.26353,0,.1040108,.224,.146,.143,.062,0,.042,.075,.478,.018,.408,0,.148,0,1,0,1,0,.279,.1368107,.4056823,.073671,.3152573,0,.1244267,.281,.215,.182,.091,0,.062,-.2024351,-.1932712,-.1040108,.078,.082,-.042,-.404,-.391,-.148,-1,-1,-.279,-.2688715,-.2415864,-.1244267,.066,.09,-.062,.1217854,.3285538,.0667454,.2614537,0,.2087212,.23,.126,.135,.036,0,.02,.044,.474,.018,.423,0,.344,0,1,0,1,0,1,.112793,.392711,.0508319,.3127735,0,.2496903,.243,.186,.114,.054,0,.029,-.2067684,-.1947083,-.2087212,.104,.099,-.02,-.43,-.405,-.344,-1,-1,-1,-.279918,-.2619416,-.2496903,.058,.06,-.029
1987-02,1.904908,.1798102,.2188634,.0459163,.1101779,.0196394,.0563754,.254,.159,.043,.052,.008,.013,.13,.259,.048,.15,.027,.086,0,.001,0,.001,0,.001,.1821211,.2630329,.0520088,.1324132,.0236028,.0677527,.28,.242,.056,.079,.013,.019,-.0390532,-.0642616,-.0367361,.095,-.008,-.004,-.13,-.102,-.059,-.001,-.001,-.001,-.0809117,-.0804045,-.0441499,.038,-.023,-.007,.2407977,.2894307,.0615302,.1739414,.0422492,.1132806,.484,.168,.147,.089,.105,.042,.077,.371,.004,.231,0,.161,0,.279,0,.279,0,.279,.1549471,.3470522,.0672852,.2090451,.0507756,.1361421,.314,.254,.203,.136,.16,.064,-.048633,-.1124112,-.0710314,.315,.058,.063,-.294,-.227,-.161,-.279,-.279,-.279,-.1921052,-.1417599,-.0853664,.06,.067,.096,.2459607,.3537291,.0739446,.2487936,.052444,.2196837,.507,.14,.184,.064,.13,.016,.07,.498,0,.374,0,.357,0,.989,0,.989,0,.989,.161152,.4141753,.0542809,.2990033,.0322248,.2640187,.35,.211,.171,.097,.102,.025,-.1077684,-.1748489,-.1672398,.368,.12,.114,-.428,-.374,-.357,-.989,-.989,-.989,-.2530233,-.2447224,-.2317939,.14,.074,.077
1987-03,2.378672,.103759,.3416877,.0771526,.0624973,.0198467,.0487934,.145,.399,.107,.071,.029,.058,.075,.301,.057,.056,.013,.042,.011,.279,0,.001,0,.001,.121748,.279215,.0897964,.0742725,.0209781,.0585958,.21,.202,.152,.106,.035,.088,-.2379287,.0146553,-.0289468,-.255,.035,-.029,-.226,0,-.029,-.268,-.001,-.001,-.157467,.0155239,-.0376178,.008,.047,-.053,.2370728,.3489532,.0759996,.1312706,.0300522,.1015456,.195,.231,.144,.082,.073,.078,.266,.431,.028,.165,0,.118,.721,.279,0,.279,0,.279,.2818439,.3780551,.0884118,.1568621,.0332338,.1219456,.286,.253,.209,.122,.102,.118,-.1118804,-.0552711,-.0714934,-.036,.062,-.005,-.165,-.137,-.118,.443,-.279,-.279,-.0962112,-.0684503,-.0887118,.033,.087,-.016,.1310311,.3638597,.0683553,.2371877,.0276742,.2181629,.215,.212,.144,.068,.067,.067,.073,.469,.015,.355,0,.324,.011,.989,0,.989,0,.989,.1544989,.3959562,.0792318,.2742562,.0332338,.2619908,.316,.225,.209,.101,.102,.101,-.2328286,-.1688325,-.1904888,.002,.076,.001,-.397,-.339,-.324,-.978,-.989,-.989,-.2414573,-.1950244,-.2287571,.09,.109,.001
1987-04,2.940335,.3629763,.3327478,.0453063,.2532689,.0287583,.0208822,.291,.432,.067,.354,.049,.039,.413,.264,.03,.184,.015,.008,.722,.278,.011,.278,0,0,.4227784,.274019,.0516006,.1788797,.0317284,.025077,.431,.267,.093,.149,.066,.059,.0302285,-.2079626,.0078761,-.141,-.286,.01,.149,-.154,.006,.444,-.267,0,.1487594,-.1272791,.0066514,.164,-.056,.007,.3498713,.3023614,.1903065,.2479986,.0562249,.0829322,.286,.29,.161,.187,.116,.039,.394,.311,.21,.29,.015,.113,.722,.278,.722,.278,0,.278,.4173469,.3224605,.2257286,.2574941,.0647126,.0995917,.423,.345,.235,.19,.167,.059,.0475099,-.0576921,-.0267073,-.004,-.026,.077,.083,-.08,-.099,.444,.444,-.278,.0948863,-.0317655,-.0348792,.078,.045,.108,.1515738,.2494326,.0881186,.1857311,.0583757,.1085524,.288,.287,.172,.169,.122,.044,.057,.224,.03,.198,.015,.153,.011,.278,.011,.278,0,.278,.1792153,.2588993,.1030131,.1827183,.0672954,.1200526,.426,.34,.251,.162,.175,.067,-.0978588,-.0976125,-.0501767,.001,.003,.077,-.166,-.167,-.138,-.267,-.267,-.278,-.0796841,-.0797052,-.0527571,.087,.089,.108
1987-05,3.009021,.1787075,.2327442,.1525007,.176914,.0308759,.1517179,.19,.193,.176,.136,.057,.107,.171,.26,.136,.205,.013,.183,0,.277,0,.277,0,.277,.2047668,.2759902,.1733152,.2089863,.0370554,.1787475,.287,.281,.266,.195,.086,.15,-.0540368,-.0244133,-.1208419,-.003,.04,-.05,-.09,-.069,-.17,-.277,-.277,-.277,-.0712234,-.0356711,-.1416921,.006,.071,-.064,.2448992,.285335,.1509093,.2343735,.0663984,.2004918,.359,.218,.165,.185,.144,.111,.166,.332,.141,.269,.013,.263,0,.277,0,.277,0,.277,.1985664,.3137667,.1811119,.2776332,.0796872,.2372829,.248,.318,.248,.268,.216,.157,-.0404358,-.0834641,-.1340933,.14,-.02,.033,-.166,-.128,-.25,-.277,-.277,-.277,-.1152003,-.0965212,-.1575956,-.069,-.019,.059,.2054542,.3798149,.1093727,.1779042,.0687217,.1473718,.438,.21,.24,.173,.149,.116,.043,.498,.019,.181,.013,.169,0,.277,0,.277,0,.277,.151227,.4271556,.1312623,.2098623,.0824754,.1735316,.369,.306,.361,.25,.225,.164,-.1743607,-.0685314,-.0786501,.228,.066,.034,-.454,-.162,-.157,-.277,-.277,-.277,-.2759286,-.0786,-.0910561,.063,.111,.061
1987-06,3.014732,.0736819,.3523667,.0396191,.1178952,.0388135,.0916293,.094,.239,.056,.088,.056,.072,.06,.431,.028,.138,.027,.106,0,1,0,.276,0,.276,.0529912,.4161115,.037671,.1382939,.036703,.1067356,.142,.338,.085,.123,.085,.098,-.2786848,-.0782761,-.0528159,-.145,-.032,-.015,-.371,-.11,-.079,-1,-.276,-.276,-.3631203,-.1006229,-.0700326,-.197,-.038,-.013,.155655,.3710847,.1133184,.1708135,.0342452,.1339876,.297,.226,.232,.15,.038,.124,.058,.472,.032,.185,.032,.141,0,1,0,.276,0,.276,.0820814,.4389003,.0411454,.2018749,.0411454,.1576288,.156,.319,.058,.216,.058,.177,-.2154297,-.0574951,-.0997425,.071,.082,-.086,-.414,-.154,-.109,-1,-.276,-.276,-.3568189,-.1607295,-.1164835,-.163,-.158,-.12,.1406163,.453115,.1043003,.2510021,.0231469,.1395735,.287,.203,.237,.133,.038,.105,.039,.626,.013,.332,.013,.164,0,.989,0,.276,0,.276,.0640125,.5374591,.0303101,.298221,.0278108,.1643402,.142,.285,.065,.191,.058,.148,-.3124986,-.1467018,-.1164266,.085,.103,-.067,-.587,-.32,-.151,-.989,-.276,-.276,-.4734465,-.2679109,-.1365294,-.143,-.126,-.09
1987-07,3.213968,.1690192,.4265344,.023409,.232108,.0075626,.0564289,.124,.425,.009,.113,0,.087,.2,.428,.033,.315,.013,.035,0,.724,0,.724,0,0,.1731102,.3875478,.0024273,.2750247,.0090773,.0644515,.174,.258,.014,.159,0,.12,-.2575152,-.208699,-.0488663,-.301,-.104,-.087,-.227,-.282,-.022,-.724,-.724,0,-.2144376,-.2725974,-.0553742,-.085,-.145,-.12,.0902436,.3966882,.0094746,.2463428,.0075626,.0837731,.123,.261,.003,.108,0,.082,.067,.491,.014,.343,.013,.085,0,.725,0,.725,0,.001,.104227,.446883,.0113722,.2924023,.0090773,.0972724,.172,.303,.004,.152,0,.113,-.3064446,-.2368682,-.0762105,-.138,-.105,-.082,-.424,-.329,-.072,-.725,-.725,-.001,-.3426559,-.2810301,-.0881951,-.131,-.147,-.113,.076907,.4627141,.0094746,.3610029,.0075626,.1957939,.095,.285,.003,.119,0,.089,.064,.586,.014,.529,.013,.27,0,.714,0,.714,0,.001,.0558508,.5261329,.0113722,.4300272,.0090773,.2317293,.032,.339,.004,.169,0,.124,-.3858071,-.3515283,-.1882313,-.19,-.116,-.089,-.522,-.515,-.257,-.714,-.714,-.001,-.4702821,-.418655,-.222652,-.307,-.164,-.124
1987-08,3.474525,.1515502,.1891773,.0381925,.1052233,.0083005,.0616242,.173,.166,.029,.078,0,.053,.137,.205,.045,.124,.014,.067,.276,0,0,0,0,0,.1749134,.2267787,.0417506,.1261377,.0099504,.0738728,.238,.249,.031,.116,0,.08,-.0376271,-.0670308,-.0533236,.007,-.049,-.053,-.068,-.08,-.053,.276,0,0,-.0518652,-.0843871,-.0639224,-.011,-.085,-.08,.1235825,.3652261,.0381925,.1930849,.0083005,.0790363,.101,.237,.029,.086,0,.028,.14,.455,.045,.268,.014,.115,.275,0,0,0,0,0,.1413867,.4121782,.0417506,.2314629,.0099504,.0947458,.13,.353,.031,.129,0,.042,-.2416437,-.1548923,-.0707358,-.136,-.057,-.028,-.315,-.223,-.101,.275,0,0,-.2707915,-.1897123,-.0847954,-.224,-.098,-.042,.1310619,.3808985,.0568151,.2392842,.0083005,.1872398,.146,.24,.074,.089,0,.044,.121,.479,.045,.344,.014,.287,.275,0,0,0,0,0,.1178728,.4309656,.0315946,.2868449,.0099504,.2244561,.099,.358,0,.133,0,.066,-.2498366,-.1824691,-.1789392,-.094,-.015,-.044,-.358,-.299,-.273,.275,0,0,-.3130929,-.2552504,-.2145057,-.259,-.133,-.066
1987-09,3.483503,.1692375,.1819595,.0823556,.1064552,.0083148,.0765421,.143,.116,.071,.09,0,.038,.188,.228,.09,.118,.014,.104,.287,0,.276,0,0,0,.1791603,.2178608,.0958871,.1274592,.0099553,.0916441,.174,.173,.097,.134,0,.057,-.012722,-.0240996,-.0682273,.027,-.019,-.038,-.041,-.027,-.089,.287,.276,0,-.0387005,-.0315721,-.0816888,.001,-.037,-.057,.1068835,.3197297,.0413968,.2278174,.0083148,.1675559,.133,.329,.071,.171,0,.051,.089,.313,.021,.267,.014,.25,.011,0,0,0,0,0,.1147962,.3581753,.046847,.2481284,.0099553,.2006153,.189,.49,.097,.255,0,.075,-.2128462,-.1864207,-.1592411,-.196,-.101,-.051,-.225,-.247,-.236,.011,0,0,-.243379,-.2012814,-.1906599,-.3,-.158,-.075,.1186096,.3345843,.0412326,.2386066,.0083148,.1783451,.164,.356,.071,.171,0,.05,.087,.32,.02,.286,.014,.268,.011,0,0,0,0,0,.1392942,.3759608,.0466504,.2610464,.0099553,.2135333,.236,.53,.097,.254,0,.074,-.2159747,-.1973741,-.1700303,-.192,-.1,-.05,-.233,-.266,-.254,.011,0,0,-.2366667,-.214396,-.2035779,-.294,-.157,-.074
1987-10,3.616623,.1790007,.3020532,.1077914,.1294458,.0395403,.0724059,.229,.415,.113,.068,.065,.056,.144,.223,.104,.172,.021,.083,.012,0,.012,0,.001,0,.2040397,.2497147,.1188952,.1547775,.0472781,.0865752,.312,.281,.139,.102,.098,.084,-.1230524,-.0216544,-.0328655,-.186,.045,.009,-.08,-.068,-.062,.012,.012,.001,-.045675,-.0358823,-.0392971,.032,.037,.013,.1209914,.4068707,.059884,.2340314,.0392288,.15527,.163,.457,.088,.228,.065,.08,.092,.372,.041,.238,.021,.207,.011,.275,.011,0,0,0,.1446686,.3665646,.0716029,.256005,.0469056,.1618304,.243,.39,.131,.341,.098,.12,-.2858793,-.1741475,-.1160411,-.294,-.141,-.015,-.28,-.198,-.187,-.264,.011,0,-.221896,-.1844021,-.1149248,-.146,-.21,-.022,.1148849,.477378,.0613549,.2781638,.0392288,.1927812,.148,.603,.098,.296,.065,.114,.092,.39,.036,.266,.021,.247,.011,.275,.011,0,0,0,.1373672,.408289,.0733617,.3087738,.0469056,.2066824,.221,.508,.147,.443,.098,.171,-.362493,-.2168088,-.1535524,-.455,-.198,-.049,-.298,-.23,-.226,-.264,.011,0,-.2709219,-.235412,-.1597767,-.287,-.296,-.073
1987-11,3.626614,.1156334,.254988,.0807905,.1026423,.0735517,.0514648,.16,.28,.11,.15,.105,.054,.085,.238,.061,.071,.052,.05,0,.273,0,0,0,0,.1241463,.2716358,.0867331,.1043317,.0780606,.0616588,.196,.352,.135,.167,.127,.081,-.1393546,-.0218518,.0220869,-.12,-.039,.052,-.153,-.01,.002,-.273,0,0,-.1474895,-.0175985,.0164018,-.155,-.033,.046,.1047762,.3708143,.0491752,.2450681,.0396825,.1035355,.175,.434,.09,.335,.079,.104,.057,.328,.022,.184,.013,.103,0,.274,0,.274,0,0,.1214784,.3329085,.0589156,.1974727,.0475427,.1240435,.251,.342,.135,.206,.118,.157,-.2660381,-.1958929,-.063853,-.258,-.246,-.026,-.271,-.162,-.09,-.274,-.274,0,-.2114302,-.1385571,-.0765008,-.091,-.071,-.038,.0646821,.3663661,.0445652,.2506645,.0434761,.1148176,.131,.433,.085,.336,.084,.126,.02,.321,.017,.193,.016,.107,.011,.274,.011,.274,.011,0,.0734426,.3275793,.0533926,.1927076,.0520877,.1375602,.184,.342,.129,.207,.126,.19,-.301684,-.2060993,-.0713415,-.303,-.25,-.042,-.301,-.176,-.091,-.263,-.263,.011,-.2541367,-.139315,-.0854726,-.158,-.078,-.063
1987-12,3.672137,.1532101,.3226413,.0305951,.1613076,.0305951,.0662478,.259,.393,.006,.24,.006,.118,.081,.274,.048,.108,.048,.031,0,0,0,0,0,0,.0908144,.3307435,.0365496,.1712114,.0365496,.0758459,.103,.422,.008,.294,.008,.167,-.1694312,-.1307126,-.0356527,-.134,-.234,-.112,-.193,-.06,.017,0,0,0,-.2399291,-.1346618,-.0392963,-.318,-.285,-.159,.0406012,.3828649,.021837,.2012823,.0079585,.0977487,.032,.462,.013,.211,0,.144,.047,.329,.028,.195,.013,.066,0,0,0,0,0,0,.0485032,.3924119,.026087,.2341653,.0095075,.1134777,.048,.493,.02,.298,0,.207,-.3422637,-.1794454,-.0897901,-.431,-.198,-.144,-.282,-.167,-.053,0,0,0,-.3439087,-.2080783,-.1039702,-.446,-.278,-.207,.0423581,.314553,.0149893,.190697,.009606,.0936824,.051,.293,.013,.196,0,.145,.037,.329,.016,.187,.016,.059,.011,0,.011,0,.011,0,.0506021,.3592052,.0179066,.2215198,.0114756,.10862,.076,.39,.02,.275,0,.207,-.2721949,-.1757077,-.0840764,-.243,-.182,-.145,-.292,-.171,-.043,.011,.011,.011,-.3086031,-.2036131,-.0971444,-.313,-.255,-.207
1988-01,3.592926,.0739855,.2738305,.022194,.1534898,.0022596,.0516573,.081,.336,.027,.204,.006,.082,.069,.231,.019,.119,0,.031,.011,0,0,0,0,0,.0876055,.2504964,.0264913,.1447594,.0026971,.0556801,.118,.34,.04,.186,.008,.104,-.199845,-.1312958,-.0493977,-.255,-.177,-.076,-.162,-.1,-.031,.011,0,0,-.162891,-.1182681,-.052983,-.222,-.146,-.096,.0548825,.314769,.0193966,.20401,.0080144,.0897259,.045,.419,0,.27,0,.079,.062,.244,.033,.159,.013,.097,.011,0,0,0,0,0,.0648037,.2993617,.0231523,.1948509,.0095661,.1011199,.065,.463,0,.254,0,.099,-.2598865,-.1846134,-.0817116,-.373,-.27,-.079,-.182,-.126,-.084,.011,0,0,-.234558,-.1716986,-.0915537,-.398,-.254,-.099,.0556468,.2958389,.0215863,.1506401,.0080144,.080624,.047,.359,.003,.158,0,.087,.062,.252,.034,.146,.013,.076,.011,0,0,0,0,0,.0664214,.2767663,.0257659,.1636179,.0095661,.0902556,.07,.375,.005,.186,0,.111,-.2401921,-.1290538,-.0726096,-.312,-.155,-.087,-.191,-.112,-.063,.011,0,0,-.2103449,-.137852,-.0806894,-.305,-.181,-.111
1988-02,3.398382,.2155471,.3285513,.0269637,.1053409,.0080782,.0916269,.069,.396,.011,.133,0,.133,.315,.283,.038,.087,.014,.064,.011,.717,.011,0,0,0,.2575324,.2661765,.0322158,.0907503,.0096517,.0743651,.103,.201,.016,.09,0,.09,-.1130042,-.0783772,-.0835487,-.327,-.122,-.133,.033,-.049,-.05,-.706,.011,0,-.0086441,-.0585345,-.0647134,-.098,-.074,-.09,.1961286,.3941237,.0255193,.1430755,.01953,.0902547,.06,.43,.011,.21,0,.165,.289,.37,.036,.097,.033,.039,.011,.989,.011,0,0,0,.2343314,.3197779,.03049,.1110916,.0233341,.0727255,.09,.251,.016,.206,0,.138,-.1979952,-.1175563,-.0707247,-.37,-.2,-.165,-.081,-.062,-.006,-.978,.011,0,-.0854465,-.0806016,-.0493914,-.162,-.19,-.138,.1407365,.4084961,.0255193,.1361979,.01953,.0710828,.075,.428,.011,.167,0,.08,.186,.395,.036,.115,.033,.065,.011,.989,.011,0,0,0,.1681498,.3362085,.03049,.1028743,.0233341,.0817087,.111,.247,.016,.141,0,.109,-.2677596,-.1106786,-.0515529,-.353,-.156,-.08,-.209,-.08,-.032,-.978,.011,0,-.1680587,-.0723842,-.0583746,-.136,-.125,-.109
1988-03,3.473647,.2547871,.3195698,.1693099,.2661343,.0220251,.068115,.136,.384,.047,.341,.003,.118,.335,.276,.252,.215,.035,.034,0,.717,0,.717,0,0,.2805333,.254996,.2018941,.1915465,.0262639,.0470086,.161,.182,.07,.119,.005,.07,-.0647827,-.0968244,-.0460899,-.248,-.294,-.115,.059,.037,0,-.717,-.717,0,.0255373,.0103476,-.0207447,-.022,-.049,-.065,.2212361,.409631,.1333232,.3512937,.0094685,.1197209,.088,.455,.003,.356,.003,.163,.311,.379,.222,.348,.014,.09,0,.989,0,.989,0,0,.2378715,.3375533,.1589818,.2689933,.0112907,.0844444,.082,.286,.005,.142,.005,.138,-.1883949,-.2179704,-.1102524,-.367,-.353,-.16,-.068,-.126,-.076,-.989,-.989,0,-.0996819,-.1100116,-.0731537,-.205,-.137,-.133,.1565707,.4279875,.0855458,.3679984,.0236759,.1282615,.081,.452,.018,.353,.003,.148,.208,.412,.132,.378,.038,.115,.011,.989,.011,.989,.011,0,.1704443,.3601774,.1020094,.288913,.0282324,.0946287,.071,.284,.026,.138,.005,.115,-.2714168,-.2824525,-.1045856,-.371,-.336,-.145,-.204,-.246,-.077,-.978,-.978,.011,-.1897331,-.1869036,-.0663963,-.213,-.112,-.111
1988-04,3.581941,.3405912,.2659596,.1932907,.1416575,.1438519,.1239055,.32,.131,.099,.033,.047,.007,.355,.358,.257,.216,.21,.204,0,1,0,.717,0,.717,.396172,.3139257,.2211007,.1658553,.1717144,.144665,.475,.185,.148,.039,.071,0,.0746316,.0516332,.0199464,.189,.067,.041,-.003,.041,.006,-1,-.717,-.717,.0822462,.0552454,.0270494,.29,.109,.07,.2766453,.3193339,.1759411,.1932517,.1257684,.1673459,.236,.195,.05,.041,.003,.007,.304,.404,.262,.297,.209,.277,0,1,0,.989,0,.989,.3024152,.3773704,.1976827,.2271751,.1501283,.1965192,.297,.28,.066,.051,.005,0,-.0426886,-.0173106,-.0415774,.041,.009,-.004,-.1,-.035,-.067,-1,-.989,-.989,-.0749552,-.0294924,-.0463909,.017,.015,.005,.2923939,.3595864,.1040003,.2277411,.067706,.2121299,.242,.202,.036,.041,.003,.007,.327,.467,.151,.355,.112,.352,.011,.989,.011,.989,.011,.989,.3300826,.3916403,.1214358,.2441937,.0808198,.2258264,.303,.29,.045,.051,.005,0,-.0671926,-.1237408,-.1444239,.04,-.006,-.004,-.141,-.204,-.241,-.978,-.978,-.978,-.0615577,-.1227578,-.1450065,.013,-.006,.005
1988-05,3.617419,.3220053,.292727,.1693386,.2038675,.10959,.1244093,.41,.186,.176,.085,.039,0,.262,.365,.165,.284,.157,.209,0,1,0,1,0,.717,.2790914,.3238015,.1921497,.2428745,.1208783,.1484023,.318,.199,.264,.126,.059,0,.0292782,-.034529,-.0148193,.224,.091,.039,-.103,-.12,-.051,-1,-1,-.717,-.04471,-.0507248,-.027524,.119,.137,.058,.1765486,.3523852,.1224681,.2267632,.1039089,.1777551,.121,.183,.054,.092,.019,.026,.214,.467,.169,.318,.161,.28,0,.989,0,.989,0,.989,.2007502,.4103524,.13624,.2701857,.1141016,.2120361,.181,.243,.081,.136,.028,.039,-.1758367,-.1042951,-.0738462,-.062,-.038,-.007,-.253,-.149,-.119,-.989,-.989,-.989,-.2096022,-.1339457,-.0979345,-.061,-.055,-.011,.1534457,.3256363,.1010024,.2635815,.0914767,.1853127,.08,.233,.028,.164,.005,.026,.203,.388,.15,.331,.15,.293,.011,.989,.011,.989,.011,.989,.1830385,.3784448,.1204812,.3141046,.1091185,.2210512,.12,.318,.042,.245,.007,.039,-.1721906,-.1625791,-.0938359,-.153,-.136,-.022,-.185,-.181,-.143,-.978,-.978,-.978,-.1954062,-.1936233,-.1119327,-.198,-.203,-.033
1988-06,3.662368,.2029777,.187606,.1809911,.1109441,.0579638,.0649643,.27,.14,.251,.054,.045,.012,.157,.22,.134,.149,.066,.1,0,.271,0,.271,0,.271,.1376036,.2136458,.1113865,.1222334,.0594749,.0771552,.109,.178,.08,.049,.068,.018,.0153717,.0700471,-.0070005,.13,.197,.033,-.062,-.016,-.034,-.271,-.271,-.271,-.0760422,-.0108469,-.0176803,-.069,.031,.05,.1096995,.2516509,.0529126,.1706054,.0318714,.0899245,.07,.223,.052,.102,.001,.053,.137,.271,.053,.217,.053,.115,.011,.271,0,.271,0,.271,.1308067,.2746532,.0630934,.1933741,.0380038,.106918,.104,.254,.078,.121,.002,.078,-.1419513,-.1176928,-.0580531,-.153,-.049,-.052,-.134,-.164,-.062,-.26,-.271,-.271,-.1438465,-.1302807,-.0689142,-.15,-.043,-.076,.1182949,.3820421,.0605624,.2143515,.0330091,.193678,.076,.346,.052,.086,0,.053,.147,.407,.066,.301,.055,.289,.011,.989,.011,.989,.011,.989,.1410559,.3993698,.0722152,.2455374,.0393603,.2306346,.114,.342,.078,.097,0,.078,-.2637472,-.153789,-.160669,-.269,-.034,-.053,-.26,-.235,-.234,-.978,-.978,-.978,-.2583139,-.1733222,-.1912743,-.228,-.019,-.078
1988-07,3.90642,.3950999,.1920046,.191596,.1040305,.1663159,.0590899,.518,.116,.235,.038,.216,.021,.312,.243,.162,.148,.133,.085,.011,.271,0,.271,0,.271,.2983394,.2245945,.1274014,.1237972,.0972405,.0701801,.342,.16,.067,.056,.037,.031,.2030953,.0875654,.1072259,.402,.197,.194,.069,.014,.049,-.26,-.271,-.271,.0737449,.0036042,.0270604,.183,.011,.006,.3432406,.2209312,.0832455,.1633362,.0385318,.1120901,.489,.119,.032,.058,.017,.028,.245,.289,.118,.234,.053,.168,.011,.271,.011,.271,0,.271,.2860817,.2591058,.0993174,.1945529,.045971,.1334128,.346,.164,.047,.085,.026,.041,.1223094,-.0800908,-.0735583,.37,-.026,-.011,-.044,-.117,-.116,-.26,-.26,-.271,.0269759,-.0952355,-.0874419,.182,-.038,-.016,.3158668,.3355378,.091949,.268991,.046218,.1697816,.392,.165,.038,.105,.017,.013,.265,.45,.128,.379,.066,.276,.011,.989,.011,.989,.011,.989,.284607,.3958391,.1097013,.3206061,.0551411,.2022426,.298,.232,.057,.156,.026,.018,-.019671,-.177042,-.1235636,.227,-.066,.005,-.186,-.251,-.21,-.978,-.978,-.978,-.1112321,-.2109048,-.1471014,.066,-.098,.008
1988-08,3.811509,.167906,.1771275,.0777866,.1115102,.0207701,.0449399,.158,.115,.119,.066,.022,.029,.175,.219,.051,.142,.02,.056,.011,.001,.011,.001,0,.001,.1688662,.208754,.0613027,.1330949,.0247905,.0536387,.138,.164,.079,.1,.032,.044,-.0092215,-.0337236,-.0241697,.043,.052,-.008,-.044,-.091,-.035,.01,.01,-.001,-.0398879,-.0717922,-.0288482,-.026,-.021,-.011,.0929889,.2429853,.0762149,.1581401,.0138064,.1158675,.118,.13,.113,.062,0,.029,.076,.318,.052,.222,.023,.174,.011,.27,.011,.27,.011,.27,.0794476,.2649897,.0594267,.1887507,.0164788,.1382955,.078,.195,.07,.093,0,.044,-.1499964,-.0819252,-.1020611,-.012,.051,-.029,-.242,-.17,-.151,-.259,-.259,-.259,-.1855421,-.1293239,-.1218167,-.117,-.023,-.044,.0788184,.3541321,.0493533,.2817661,.0225633,.2181446,.085,.14,.02,.103,.007,.04,.075,.497,.069,.401,.033,.337,.011,.989,.011,.989,.011,.989,.0625342,.3976508,.0581338,.3363066,.0269308,.26037,.028,.21,.028,.155,.01,.061,-.2753136,-.2324128,-.1955813,-.056,-.083,-.034,-.422,-.332,-.303,-.978,-.978,-.978,-.3351165,-.2781728,-.2334393,-.182,-.127,-.051
1988-09,3.955342,.2081897,.1423325,.1090535,.0455951,.0373269,.0302951,.175,.137,.055,.026,.021,.021,.23,.146,.145,.059,.048,.036,.269,0,0,0,0,0,.2476487,.1572731,.1294878,.054465,.0438078,.0361886,.26,.166,.081,.039,.03,.032,.0658571,.0634584,.0070318,.038,.029,0,.085,.086,.012,.269,0,0,.0903756,.0750228,.0076191,.094,.041,-.002,.0873214,.2072339,.0201549,.1118008,.0193538,.0815223,.155,.182,.022,.062,.022,.028,.042,.224,.019,.145,.017,.117,.011,.27,.011,.27,.011,.27,.1008619,.2348002,.0232951,.1335503,.0223382,.0973815,.223,.233,.031,.093,.031,.042,-.1199125,-.091646,-.0621686,-.026,-.04,-.006,-.182,-.126,-.099,-.259,-.259,-.259,-.1339383,-.1102552,-.0750433,-.01,-.062,-.011,.1049516,.3187606,.0264771,.2189297,.0264771,.1886512,.151,.182,.014,.062,.014,.028,.074,.41,.035,.323,.035,.295,.011,.989,.011,.989,.011,.989,.1216608,.368023,.0308472,.2615197,.0308472,.2253509,.216,.233,.018,.093,.018,.042,-.213809,-.1924526,-.1621741,-.03,-.048,-.015,-.335,-.288,-.26,-.978,-.978,-.978,-.2463622,-.2306725,-.1945037,-.017,-.075,-.024
1988-10,3.964045,.2377745,.263035,.1034625,.1165001,.0937504,.039742,.279,.154,.035,.08,.034,.009,.211,.336,.149,.141,.133,.06,0,.731,0,0,0,0,.2355805,.3062499,.1228813,.1354924,.111581,.0473006,.369,.209,.051,.11,.051,.014,-.0252605,-.0130377,.0540084,.125,-.045,.025,-.125,.008,.073,-.731,0,0,-.0706693,-.0126112,.0642804,.16,-.058,.038,.1823569,.2362181,.0231974,.0856541,.0090566,.0466425,.177,.158,0,.116,0,.046,.186,.288,.039,.066,.015,.047,0,.72,0,0,0,0,.1851857,.2740737,.0276093,.0987798,.0107791,.0555135,.266,.214,0,.164,0,.069,-.0538612,-.0624567,-.0375859,.019,-.116,-.046,-.102,-.027,-.032,-.72,0,0,-.0888879,-.0711704,-.0447344,.051,-.164,-.069,.213039,.3431653,.0424318,.2715556,.0213598,.1947282,.237,.236,.001,.125,0,.046,.197,.414,.07,.368,.036,.293,.011,.989,.011,.989,.011,.989,.2308145,.3706688,.0502431,.3200381,.0254222,.2317638,.355,.235,0,.178,0,.069,-.1301263,-.2291238,-.1733684,.001,-.125,-.046,-.217,-.298,-.258,-.978,-.978,-.978,-.1398544,-.269795,-.2063416,.121,-.178,-.069
1988-11,4.005094,.1234917,.4153989,.0989896,.1006292,.0201148,.0834728,.211,.4,.197,.073,.001,.059,.065,.425,.034,.119,.033,.1,0,.268,0,0,0,0,.1317103,.3970801,.1024988,.1168241,.0237245,.0963702,.267,.29,.246,.1,0,.078,-.2919072,-.0016396,-.0633581,-.189,.124,-.058,-.36,-.085,-.067,-.268,0,0,-.2653698,-.0143253,-.0726457,-.023,.146,-.078,.085705,.3971391,.0570848,.0928229,.0091427,.0605584,.127,.424,.095,.094,0,.061,.058,.379,.032,.092,.015,.06,0,.268,0,0,0,0,.0909367,.3753106,.0568155,.1075175,.0108999,.0690516,.19,.326,.142,.131,0,.081,-.311434,-.0357382,-.0514158,-.297,.001,-.061,-.321,-.06,-.045,-.268,0,0,-.2843739,-.050702,-.0581517,-.135,.011,-.081,.0849923,.4333664,.0715185,.1527225,.0110017,.1310818,.174,.414,.151,.072,.001,.044,.026,.446,.019,.206,.018,.189,.011,.268,.011,.268,.011,.268,.1010718,.418501,.0850083,.17893,.0128599,.1531299,.259,.311,.225,.097,0,.057,-.3483741,-.081204,-.1200802,-.241,.079,-.044,-.42,-.188,-.171,-.257,-.257,-.257,-.3174292,-.0939217,-.14027,-.052,.127,-.057
1988-12,4.126734,.0956485,.380105,.0551946,.2335126,.0306919,.031251,.164,.334,.067,.137,.052,.046,.05,.411,.048,.298,.016,.021,.011,.267,0,.267,0,0,.1103607,.3737129,.0656812,.2720729,.0365231,.0340122,.234,.354,.1,.186,.078,.059,-.2844566,-.178318,-.0005591,-.17,-.07,.006,-.361,-.25,-.005,-.256,-.267,0,-.2633522,-.2063917,.002511,-.12,-.086,.019,.1133511,.3834771,.0502605,.2118377,.0306919,.05929,.218,.31,.078,.157,.052,.053,.044,.432,.032,.248,.016,.063,0,.267,0,.267,0,0,.1311738,.3869119,.0598097,.2462799,.0365231,.0673784,.314,.319,.116,.217,.078,.069,-.270126,-.1615771,-.0285981,-.092,-.079,-.001,-.388,-.216,-.047,-.267,-.267,0,-.2557381,-.1864702,-.0308552,-.006,-.1,.009,.1069553,.3557955,.063813,.2533282,.0574627,.1300177,.225,.217,.135,.154,.119,.045,.028,.448,.016,.319,.016,.187,0,.267,0,.267,0,.267,.1235628,.3844259,.0756842,.2956534,.0681273,.1515439,.325,.276,.201,.213,.178,.057,-.2488402,-.1895152,-.072555,.008,-.019,.075,-.42,-.303,-.17,-.267,-.267,-.267,-.2608631,-.2199692,-.0834165,.049,-.011,.121
1989-01,4.246198,.3210887,.2355508,.0683791,.0816552,.0304538,.0231371,.384,.175,.122,.064,.027,.021,.279,.276,.033,.093,.033,.025,0,.733,0,0,0,0,.2873761,.2196961,.0776347,.0520032,.0361573,.0242839,.277,.174,.169,.057,.04,.021,.0855379,-.0132762,.0073168,.209,.057,.006,.003,-.06,.008,-.733,0,0,.06768,.0256315,.0118734,.103,.113,.019,.2753123,.3266941,.0691245,.1603666,.0103358,.0979103,.399,.288,.13,.177,0,.115,.193,.352,.029,.149,.017,.087,0,.733,0,0,0,0,.2319831,.3372623,.0782727,.1548092,.0122715,.1130607,.296,.341,.181,.224,0,.16,-.0513818,-.0912421,-.0875745,.111,-.047,-.115,-.16,-.121,-.069,-.733,0,0,-.1052792,-.0765365,-.1007892,-.046,-.043,-.16,.2749048,.3345915,.0799947,.1803563,.0411425,.1201221,.439,.259,.159,.15,.079,.109,.165,.385,.027,.201,.016,.128,0,.989,0,.267,0,.267,.2322957,.3466388,.0911787,.1785426,.0486007,.1394324,.358,.299,.224,.184,.117,.152,-.0596868,-.1003616,-.0789796,.18,.009,-.03,-.22,-.173,-.112,-.989,-.267,-.267,-.1143431,-.0873639,-.0908317,.059,.04,-.035
1989-02,4.421829,.3601111,.241462,.2161622,.1726165,.032596,.0490346,.335,.161,.238,.041,.04,0,.377,.296,.201,.261,.028,.082,.001,.723,0,.723,0,0,.3033641,.2561865,.1652316,.1745776,.038639,.0280844,.113,.239,.07,.062,.059,0,.1186491,.0435457,-.0164386,.175,.197,.04,.081,-.059,-.054,-.722,-.723,0,.0471776,-.009346,.0105546,-.126,.008,.059,.3097928,.3002927,.182472,.2488621,.0191619,.1051618,.313,.253,.215,.141,.007,.078,.308,.332,.16,.321,.028,.124,0,.734,0,.734,0,0,.2437172,.3343537,.1252954,.2733883,.0227143,.1030469,.079,.375,.036,.209,.01,.115,.0095001,-.06639,-.086,.06,.075,-.071,-.024,-.161,-.096,-.734,-.734,0,-.0906365,-.1480928,-.0803326,-.296,-.173,-.106,.2058475,.3372977,.1224481,.2805576,.022429,.1494392,.315,.254,.222,.129,.015,.078,.133,.393,.055,.382,.028,.198,.011,.989,0,.989,0,.266,.1205011,.3774257,.0541435,.3109599,.0265872,.155533,.082,.375,.046,.192,.022,.115,-.1314502,-.1581095,-.1270102,.06,.093,-.063,-.26,-.327,-.17,-.978,-.989,-.266,-.2569246,-.2568164,-.1289458,-.294,-.146,-.094
1989-03,4.449587,.1129354,.2314615,.0692231,.1040163,.0277875,.0538636,.156,.362,.097,.114,.014,.041,.085,.146,.051,.097,.037,.063,.012,0,.001,0,0,0,.0912927,.2397079,.051504,.0877336,.0332071,.0277993,.096,.543,.047,.172,.021,.061,-.118526,-.0347932,-.0260762,-.206,-.017,-.026,-.061,-.046,-.026,.012,.001,0,-.1484152,-.0362296,.0054078,-.447,-.125,-.039,.2106424,.3841961,.1631024,.2539014,.1129242,.2263737,.366,.349,.28,.19,.201,.137,.109,.407,.086,.296,.055,.285,0,.989,0,.723,0,.723,.1039632,.457986,.0716969,.3034219,.0429524,.2705252,.081,.521,.03,.285,.01,.206,-.1735536,-.090799,-.1134495,.017,.091,.064,-.298,-.21,-.23,-.989,-.723,-.723,-.3540228,-.2317249,-.2275728,-.44,-.255,-.196,.1751847,.491284,.1475738,.2818805,.1129242,.2490285,.316,.396,.28,.191,.201,.125,.083,.554,.06,.341,.055,.33,.011,.989,.011,.989,0,.989,.0861357,.5857227,.0531396,.3360425,.0429524,.2975985,.083,.59,.03,.285,.01,.188,-.3160993,-.1343067,-.1361042,-.08,.089,.076,-.471,-.281,-.275,-.978,-.978,-.989,-.499587,-.2829028,-.2546461,-.507,-.255,-.178
1989-04,4.62019,.1579397,.2211755,.0820245,.1594502,.0328571,.0726409,.23,.331,.113,.296,.069,.109,.111,.149,.062,.07,.009,.049,.012,0,.012,0,.001,0,.1438017,.2576612,.0569981,.1899656,.0077814,.0865428,.204,.479,.04,.445,.005,.164,-.0632358,-.0774257,-.0397838,-.101,-.183,-.04,-.038,-.008,-.04,.012,.012,.001,-.1138595,-.1329675,-.0787614,-.275,-.404,-.16,.2377225,.4053708,.1519295,.3125713,.1167617,.2222233,.439,.291,.322,.239,.26,.176,.106,.481,.04,.361,.023,.253,.011,.989,0,.989,0,.723,.1087992,.476309,.0335996,.3715923,.0162388,.2647521,.179,.416,.015,.356,0,.265,-.1676483,-.1606418,-.1054616,.148,.083,.084,-.375,-.321,-.23,-.978,-.989,-.723,-.3675098,-.3379927,-.2485133,-.238,-.342,-.265,.1983219,.3995453,.1329825,.3324949,.1184105,.264025,.387,.329,.27,.292,.26,.189,.075,.446,.043,.359,.025,.313,.011,.989,.011,.989,.011,.989,.109768,.4691354,.035564,.3950956,.0182032,.3137552,.179,.472,.015,.435,0,.282,-.2012233,-.1995124,-.1456144,.058,-.022,.071,-.371,-.316,-.288,-.978,-.978,-.978,-.3593675,-.3595316,-.295552,-.294,-.421,-.282
1989-05,4.690805,.1508491,.2499766,.0771744,.1609347,.0320046,.1069686,.196,.247,.14,.244,.032,.224,.12,.252,.035,.105,.032,.028,.011,.264,.011,0,0,0,.1474801,.2979624,.0827586,.191828,.0289179,.1275025,.266,.371,.182,.366,.019,.337,-.0991275,-.0837604,-.0749641,-.051,-.103,-.193,-.131,-.071,.004,-.253,.011,0,-.1504824,-.1090694,-.0985846,-.105,-.184,-.318,.1747672,.35785,.1532838,.2391777,.108114,.1541647,.376,.291,.327,.227,.218,.191,.04,.402,.037,.247,.034,.13,.011,.265,.011,.265,0,.265,.1085429,.416181,.0829355,.2843067,.0290949,.1829745,.252,.435,.177,.338,.014,.284,-.1830828,-.0858939,-.0460507,.085,.1,.027,-.363,-.21,-.095,-.254,-.254,-.265,-.307638,-.2013712,-.1538797,-.183,-.161,-.269,.2322959,.4432155,.14554,.3369645,.102012,.2772492,.376,.297,.307,.238,.199,.216,.136,.541,.037,.403,.037,.318,.011,.989,.011,.989,.011,.989,.1771149,.5179334,.0829355,.4008647,.0310519,.3296864,.252,.442,.177,.355,.014,.322,-.2109196,-.1914245,-.1752372,.08,.069,-.017,-.406,-.366,-.281,-.978,-.978,-.978,-.3408185,-.3179292,-.2986346,-.191,-.178,-.308
1989-06,4.493912,.0730067,.3877034,.0437867,.184299,.0217919,.1361257,.151,.441,.081,.211,.055,.206,.021,.353,.019,.167,0,.09,0,0,0,0,0,0,.0719269,.3706712,.0429526,.2200749,.0166881,.1625503,.18,.374,.092,.319,.053,.312,-.3146967,-.1405123,-.1143339,-.289,-.13,-.151,-.331,-.148,-.09,0,0,0,-.2987444,-.1771223,-.1458622,-.193,-.226,-.259,.0626956,.3612444,.028562,.2220308,.0178305,.1433182,.101,.294,.042,.21,.02,.172,.037,.406,.019,.23,.017,.125,0,0,0,0,0,0,.0622651,.4080668,.0247724,.2651311,.0119577,.1711389,.113,.445,.035,.318,0,.26,-.2985488,-.1934688,-.1254877,-.193,-.168,-.152,-.369,-.211,-.108,0,0,0,-.3458017,-.2403587,-.1591812,-.332,-.283,-.26,.1457316,.413676,.0969384,.2164753,.0206879,.1394044,.138,.368,.042,.223,0,.185,.151,.444,.133,.212,.034,.109,0,0,0,0,0,0,.16142,.4359117,.1064219,.2584972,.0247038,.1664654,.169,.447,.035,.338,0,.279,-.2679444,-.1195369,-.1187164,-.23,-.181,-.185,-.293,-.079,-.075,0,0,0,-.2744917,-.1520752,-.1417615,-.278,-.303,-.279
1989-07,4.258689,.1055312,.2685589,.0357558,.1227123,.0228321,.0987373,.148,.361,.061,.192,.032,.159,.078,.207,.019,.077,.017,.059,0,0,0,0,0,0,.0831678,.3198363,.0275208,.1462451,.0179817,.1176724,.116,.544,.045,.289,.019,.239,-.1630276,-.0869565,-.0759052,-.213,-.13,-.127,-.13,-.058,-.042,0,0,0,-.2366684,-.1187243,-.0996907,-.428,-.245,-.221,.1345895,.5293761,.0424205,.2258939,.0179038,.1493607,.174,.573,.078,.19,.019,.161,.109,.5,.019,.25,.017,.142,0,.724,0,0,0,0,.1204255,.5398141,.0380904,.2692142,.0121083,.178004,.164,.576,.078,.287,0,.242,-.3947866,-.1834734,-.1314568,-.4,-.112,-.141,-.392,-.231,-.125,-.724,0,0,-.4193886,-.2311238,-.1658956,-.412,-.209,-.242,.1257516,.5216587,.0449759,.2398979,.0179038,.1200408,.152,.591,.085,.24,.019,.138,.109,.475,.019,.24,.017,.108,0,.724,0,0,0,0,.1098927,.4961458,.0411358,.2514329,.0121083,.1430613,.131,.494,.088,.253,0,.208,-.395907,-.194922,-.1021369,-.44,-.155,-.118,-.367,-.221,-.091,-.724,0,0,-.3862531,-.2102971,-.130953,-.363,-.165,-.208
1989-08,3.986705,.2667389,.2605959,.0429518,.1680093,.0120127,.0660416,.28,.41,.054,.255,.027,.14,.258,.162,.036,.111,.002,.017,.735,0,0,0,0,0,.1916366,.2769434,.0387508,.2000156,.0110717,.0786227,.122,.51,.071,.382,.031,.211,.006143,-.1250575,-.0540289,-.13,-.2,-.113,.097,-.075,-.015,.735,0,0,-.0853069,-.1612649,-.067551,-.388,-.311,-.18,.0775847,.3765121,.0371351,.2740934,.0173409,.1794849,.102,.442,.023,.322,.015,.171,.061,.333,.047,.242,.019,.185,.011,0,0,0,0,0,.0771154,.4149421,.0318259,.326309,.0174148,.2136774,.135,.558,.024,.484,.012,.258,-.2989274,-.2369583,-.1621441,-.339,-.299,-.156,-.272,-.196,-.166,.011,0,0,-.3378267,-.2944831,-.1962625,-.424,-.459,-.245,.0560184,.4764483,.0196634,.3624589,.0140782,.1802279,.076,.381,.007,.298,.007,.18,.043,.54,.028,.405,.019,.181,.011,.989,0,.724,0,0,.0605947,.5339165,.0201799,.3985378,.0135306,.1815911,.095,.467,0,.344,0,.166,-.4204299,-.3427955,-.1661497,-.305,-.291,-.173,-.497,-.377,-.162,-.978,-.724,0,-.4733218,-.3783579,-.1680605,-.372,-.344,-.166
1989-09,3.733028,.2357839,.2047259,.1369733,.0942466,.0148383,.0655028,.074,.238,.06,.163,.027,.091,.344,.183,.188,.048,.007,.048,.735,0,.735,0,0,0,.2804106,.1964601,.1628981,.080181,.0176467,.0779004,.11,.207,.09,.143,.04,.136,.031058,.0427267,-.0506645,-.164,-.103,-.065,.162,.14,-.041,.735,.735,0,.0839505,.0827171,-.0602537,-.097,-.053,-.096,.1187657,.3728492,.0374533,.2087909,.0209797,.197625,.064,.486,.04,.326,.008,.326,.155,.297,.036,.13,.03,.112,.011,0,.011,0,0,0,.1386281,.302527,.0419258,.1578114,.0249505,.144532,.088,.356,.052,.203,.012,.203,-.2540835,-.1713376,-.1766452,-.421,-.286,-.318,-.142,-.095,-.082,.011,.011,0,-.1638989,-.1158856,-.1195815,-.268,-.151,-.191,.0958604,.4666828,.01831,.3054034,.014461,.2302645,.03,.326,.005,.197,0,.162,.14,.561,.027,.378,.024,.276,.011,.989,.011,.989,0,.724,.1113875,.4783665,.0191593,.3313032,.017198,.2419429,.036,.347,0,.195,0,.142,-.3708224,-.2870934,-.2158035,-.296,-.192,-.162,-.421,-.351,-.252,-.978,-.978,-.724,-.366979,-.312144,-.2247449,-.311,-.195,-.142
1989-10,3.7946,.2887088,.1895162,.1584955,.1204002,.1221214,.0243885,.255,.103,.035,.026,.022,.006,.311,.247,.24,.183,.189,.037,.736,0,.736,0,.736,0,.3432205,.2024669,.1885912,.1432622,.1453102,.0290195,.381,.151,.053,.039,.032,.008,.0991926,.0380953,.0977328,.153,.009,.016,.064,.057,.152,.736,.736,.736,.1407536,.045329,.1162907,.23,.014,.024,.1733033,.2261203,.0210118,.1773316,.0081996,.0720209,.302,.158,.023,.085,.008,.056,.088,.271,.02,.238,.008,.083,.011,0,.011,0,.011,0,.1597274,.2460215,.0250016,.1887686,.0097566,.0856965,.305,.233,.035,.127,.012,.083,-.052817,-.1563198,-.0638213,.144,-.062,-.047,-.183,-.219,-.075,.011,.011,.011,-.0862941,-.163767,-.0759399,.071,-.093,-.071,.1387791,.2589106,.0250299,.2047617,.0122177,.0699792,.226,.201,.015,.121,0,.05,.081,.297,.032,.26,.02,.083,.011,0,.011,0,.011,0,.1648216,.2850381,.0297827,.2214072,.0145377,.0832671,.338,.299,.022,.181,0,.075,-.1201315,-.1797318,-.0577614,.025,-.106,-.05,-.216,-.229,-.063,.011,.011,.011,-.1202166,-.1916245,-.0687294,.039,-.158,-.075
1989-11,3.781172,.1212951,.3051011,.0467641,.1297108,.0091386,.0977062,.215,.163,.108,.075,.023,.026,.06,.398,.007,.165,0,.145,.264,0,0,0,0,0,.1282573,.3472106,.0556467,.1535459,.0108744,.1162649,.272,.194,.162,.11,.035,.039,-.183806,-.0829467,-.0885676,.053,.033,-.003,-.338,-.159,-.145,.264,0,0,-.2189533,-.0978993,-.1053905,.078,.052,-.004,.1158155,.2566563,.1031055,.1280488,.0037211,.0950501,.241,.185,.19,.109,.009,.061,.034,.304,.046,.14,0,.117,0,0,0,0,0,0,.1066968,.3019661,.1076498,.1515683,.0044279,.1131043,.263,.266,.238,.162,.014,.091,-.1408408,-.0249433,-.091329,.056,.081,-.051,-.27,-.094,-.117,0,0,0,-.1952693,-.0439185,-.1086764,-.004,.077,-.077,.1022755,.2916354,.0509836,.1859278,.0112244,.1570476,.215,.178,.1,.131,.001,.097,.028,.366,.019,.222,.018,.197,0,0,0,0,0,0,.1056249,.344392,.0606677,.2212437,.0133564,.1868779,.272,.259,.151,.197,.002,.145,-.18936,-.1349442,-.1458232,.038,-.031,-.095,-.338,-.203,-.179,0,0,0,-.2387671,-.160576,-.1735215,.014,-.046,-.143
1989-12,3.759916,.0974127,.3554627,.0629664,.1799932,.0315185,.0762505,.125,.4,.116,.073,.051,.032,.079,.326,.029,.25,.019,.105,0,0,0,0,0,0,.0891387,.3289012,.0712661,.2142966,.0375253,.0907825,.177,.3,.162,.11,.076,.049,-.25805,-.1170268,-.044732,-.275,.043,.018,-.247,-.221,-.086,0,0,0,-.2397625,-.1430305,-.0532572,-.124,.052,.028,.0631324,.2882798,.0441653,.1468375,.0295927,.062965,.089,.193,.083,.11,.046,.06,.047,.35,.019,.171,.019,.065,0,.264,0,0,0,0,.0471626,.3405499,.0245806,.1721512,.0201053,.074965,.044,.282,.035,.157,.021,.091,-.2251474,-.1026722,-.0333723,-.105,-.027,-.014,-.304,-.152,-.046,-.264,0,0,-.2933873,-.1475706,-.0548597,-.238,-.122,-.07,.0701044,.2698454,.0384314,.1083503,.009061,.0944708,.134,.233,.096,.08,.021,.049,.029,.294,.001,.127,.001,.124,0,.264,0,0,0,0,.0646372,.3186023,.0420552,.1263291,.0107879,.1124753,.141,.341,.132,.112,.032,.074,-.199741,-.0699189,-.0854098,-.099,.016,-.028,-.266,-.126,-.123,-.264,0,0,-.253965,-.0842738,-.1016874,-.2,.02,-.042
1990-01,3.992964,.1754239,.192973,.0408321,.065126,.0272416,.0308929,.154,.153,.034,.024,.024,.006,.189,.219,.045,.092,.029,.047,0,0,0,0,0,0,.1624451,.2186611,.0438979,.0779766,.0276257,.0369886,.116,.191,.035,.036,.021,.008,-.0175491,-.0242938,-.0036513,.001,.01,.019,-.03,-.046,-.018,0,0,0,-.056216,-.0340787,-.0093629,-.075,-.001,.012,.2386697,.2807805,.0312951,.1558236,.0147688,.0462477,.356,.183,.012,.076,.009,.037,.162,.344,.044,.208,.018,.052,0,.264,0,.264,0,0,.1569177,.3069518,.0374703,.1865706,.017683,.0553732,.127,.267,.019,.116,.014,.056,-.0421109,-.1245285,-.0314789,.173,-.064,-.028,-.183,-.164,-.034,-.264,-.264,0,-.1500341,-.1491004,-.0376903,-.14,-.097,-.042,.2842241,.2687474,.0254349,.1505989,.0078973,.08612,.348,.264,.026,.088,.02,.047,.242,.272,.025,.192,0,.111,0,0,0,0,0,0,.2114609,.2825396,.0254626,.1803149,.0044644,.1031131,.114,.357,.023,.133,.014,.072,.0154767,-.1251639,-.0782227,.084,-.062,-.027,-.029,-.166,-.111,0,0,0,-.0710787,-.1548524,-.0986488,-.243,-.11,-.057
1990-02,4.096172,.2602128,.2933252,.0523337,.1153541,.0091039,.0248404,.242,.149,.032,.018,.013,0,.272,.391,.066,.181,.006,.042,0,.734,0,0,0,0,.298431,.347468,.0548293,.1366465,.0107844,.0294255,.352,.221,.047,.026,.02,0,-.0331123,-.0630204,-.0157365,.094,.014,.013,-.118,-.115,-.035,-.734,0,0,-.0490371,-.0818172,-.0186412,.131,.021,.02,.1676759,.3042465,.0229689,.1188373,.0057697,.0938988,.225,.161,.028,0,.012,0,.129,.401,.02,.199,.001,.157,0,1,0,.266,0,.266,.1959776,.3364729,.0272086,.1407727,.0068347,.111231,.326,.165,.042,0,.018,0,-.1365705,-.0958684,-.0881291,.063,.028,.012,-.271,-.179,-.156,-1,-.266,-.266,-.1404952,-.1135641,-.1043963,.161,.042,.018,.2253349,.2725505,.1569996,.0847172,.0057697,.0565524,.376,.148,.21,.008,.012,0,.124,.357,.121,.136,.001,.095,0,.734,0,0,0,0,.1741791,.308003,.0958787,.1003545,.0068347,.0669911,.27,.173,.031,.012,.018,0,-.0472156,.0722825,-.0507827,.229,.202,.012,-.233,-.015,-.093,-.734,0,0,-.133824,-.0044758,-.0601564,.097,.019,.018
1990-03,4.101096,.1917166,.2024233,.1428991,.0683361,.0232614,.0129294,.243,.38,.141,.117,.021,.01,.158,.085,.144,.036,.025,.015,0,0,0,0,0,0,.2148726,.1454293,.1701591,.0813722,.0276989,.0153959,.325,.269,.214,.177,.032,.015,-.0107067,.0745629,.010332,-.136,.025,.011,.072,.108,.01,0,0,0,.0694433,.0887869,.0123029,.056,.037,.017,.1665598,.2500289,.115937,.0727162,.0147992,.0294807,.213,.358,.107,.08,.007,0,.136,.179,.122,.068,.02,.049,0,0,0,0,0,0,.1941808,.2021165,.1380536,.0865879,.0176224,.0351046,.309,.236,.162,.121,.011,0,-.0834691,.0432208,-.0146815,-.145,.027,.007,-.043,.054,-.029,0,0,0,-.0079356,.0514657,-.0174822,.074,.041,.011,.1684071,.1895925,.1169956,.0666863,.0744752,.0404081,.235,.22,.11,.066,.003,0,.125,.17,.122,.067,.122,.067,0,0,0,0,0,0,.1906321,.1886139,.1393143,.0794077,.0886825,.0481166,.323,.214,.166,.1,.004,0,-.0211854,.0503094,.0340671,.015,.044,.003,-.045,.055,.055,0,0,0,.0020182,.0599066,.0405659,.11,.066,.004
1990-04,3.664824,.2261428,.2532388,.0663474,.1694973,.0564668,.0492722,.14,.433,.134,.343,.114,.1,.282,.136,.022,.056,.019,.016,.734,0,0,0,0,0,.2681214,.1815286,.0779182,.1055726,.067212,.0586483,.209,.297,.199,.211,.172,.152,-.027096,-.1031499,.0071946,-.292,-.21,.014,.147,-.033,.003,.734,0,0,.0865928,-.0276544,.0085636,-.088,-.011,.021,.2375135,.2590248,.0708812,.2223235,.0325861,.0595619,.213,.419,.159,.355,.079,.077,.254,.155,.013,.136,.002,.048,.734,0,0,0,0,0,.2726769,.2036251,.0835262,.1684512,.038787,.0708961,.29,.324,.238,.228,.12,.117,-.0215113,-.1514423,-.0269758,-.206,-.196,.002,.099,-.123,-.046,.734,0,0,.0690518,-.0849251,-.0321091,-.034,.011,.004,.1009717,.2783277,.0327507,.1419294,.0011478,.0630222,.114,.425,.08,.144,0,.063,.093,.182,.002,.14,.002,.063,0,0,0,0,0,0,.1109954,.2232868,.0297925,.165119,.0013663,.0750148,.143,.324,.091,.206,0,.096,-.177356,-.1091788,-.0618744,-.311,-.064,-.063,-.09,-.139,-.061,0,0,0,-.1122913,-.1353264,-.0736486,-.181,-.114,-.096
1990-05,3.530106,.1285584,.1932928,.030877,.0902262,.0208905,.0477017,.161,.235,.047,.11,.041,.078,.107,.167,.02,.077,.008,.028,0,0,0,0,0,0,.1408248,.1746494,.0365336,.0834696,.0246505,.0564386,.205,.203,.071,.117,.061,.117,-.0647344,-.0593492,-.0268112,-.073,-.063,-.037,-.059,-.057,-.02,0,0,0,-.0338245,-.046936,-.0317881,.002,-.046,-.056,.1035525,.2692065,.04292,.1107788,.0171128,.1152838,.089,.288,.069,.112,.044,.11,.113,.257,.026,.11,0,.119,.011,.266,.011,0,0,0,.1112773,.2647727,.0418601,.1228189,.0203627,.1368555,.097,.283,.075,.167,.066,.165,-.165654,-.0678588,-.0981711,-.199,-.042,-.066,-.144,-.084,-.119,-.255,.011,0,-.1534954,-.0809588,-.1164928,-.187,-.092,-.099,.0989928,.3937646,.0483704,.1185639,.0227377,.1089854,.096,.299,.064,.092,.058,.089,.101,.455,.038,.136,0,.122,0,.989,0,0,0,0,.1058517,.4410924,.0483456,.1287284,.017845,.1257994,.107,.391,.067,.127,.058,.123,-.2947718,-.0701935,-.0862477,-.203,-.028,-.032,-.354,-.097,-.122,-.989,0,0,-.3352407,-.0803828,-.1079544,-.284,-.06,-.065
1990-06,3.744627,.2164433,.1956873,.0418428,.1083574,.0127452,.0626621,.349,.203,.1,.12,.033,.076,.132,.191,.005,.101,0,.054,.266,0,0,0,0,0,.1593129,.2099706,.0468343,.1285508,.0149543,.0742036,.209,.306,.142,.18,.049,.113,.020756,-.0665146,-.0499169,.147,-.02,-.043,-.06,-.096,-.054,.266,0,0,-.0506577,-.0817165,-.0592494,-.097,-.039,-.065,.1457572,.214845,.0227635,.1212702,.0177574,.0614033,.269,.244,.025,.145,.012,.08,.067,.196,.022,.106,.022,.049,.011,0,.011,0,.011,0,.0781741,.2319249,.0270736,.1439086,.0211196,.0727065,.097,.366,.037,.218,.018,.121,-.0690878,-.0985067,-.0436459,.025,-.12,-.068,-.129,-.085,-.028,.011,.011,.011,-.1537508,-.116835,-.0515869,-.269,-.181,-.103,.2351778,.1997527,.0188232,.1417402,.0139797,.0766622,.3,.264,.019,.165,.006,.088,.194,.159,.019,.127,.019,.07,0,0,0,0,0,0,.1845255,.2114265,.0223871,.1648751,.0166265,.0874752,.144,.388,.029,.239,.01,.121,.0354251,-.122917,-.0626825,.036,-.147,-.081,.035,-.108,-.051,0,0,0,-.026901,-.142488,-.0708487,-.244,-.21,-.111
1990-07,3.752157,.309411,.3175945,.1280104,.1514258,.0113245,.0883118,.301,.277,.258,.114,.022,.083,.315,.343,.045,.176,.005,.092,1,0,0,0,0,0,.2563862,.342045,.0565582,.1569834,.013475,.1047423,.092,.379,.079,.172,.033,.125,-.0081834,-.0234154,-.0769873,.024,.144,-.061,-.029,-.131,-.087,1,0,0,-.0856588,-.1004252,-.0912672,-.287,-.093,-.092,.2032571,.2953566,.0397291,.1421197,.0154951,.0911232,.124,.289,.031,.155,.006,.103,.254,.299,.046,.134,.021,.083,.735,0,.011,0,.011,0,.2232873,.3128262,.0438892,.1459101,.0184376,.1080875,.128,.388,.035,.235,.01,.156,-.0920995,-.1023907,-.0756281,-.165,-.125,-.097,-.046,-.088,-.062,.735,.011,.011,-.0895389,-.1020209,-.0896499,-.26,-.2,-.147,.2286466,.2708916,.1268717,.1340075,.0175009,.0878116,.247,.29,.068,.176,.016,.124,.217,.258,.165,.107,.019,.065,0,0,0,0,0,0,.2224047,.2837153,.1475802,.1328454,.0208243,.1007352,.212,.39,.092,.256,.024,.177,-.042245,-.0071358,-.0703108,-.044,-.108,-.108,-.041,.058,-.046,0,0,0,-.0613106,.0147348,-.0799109,-.178,-.164,-.153
1990-08,4.376331,.3804036,.2811164,.2938691,.2013577,.1048276,.0858484,.311,.318,.262,.167,.215,.094,.424,.258,.314,.224,.035,.08,1,0,1,0,0,0,.3387136,.3003628,.2392751,.2083152,.0296298,.0801544,.101,.444,.037,.223,.014,.143,.0992872,.0925114,.0189792,-.006,.096,.12,.167,.091,-.046,1,1,0,.0383508,.0309599,-.0505246,-.343,-.186,-.129,.2404569,.2401855,.1587925,.1607869,.0160763,.0677916,.094,.275,.059,.143,.015,.094,.334,.218,.222,.172,.017,.051,.735,0,.735,0,0,0,.2673484,.2739913,.1702862,.1883534,.0157008,.0805736,.083,.408,.029,.208,.012,.143,.0002714,-.0019944,-.0517153,-.18,-.084,-.079,.115,.05,-.034,.735,.735,0,-.0066429,-.0180672,-.0648728,-.325,-.179,-.131,.171078,.3472271,.129684,.1769424,.0814188,.0886231,.177,.404,.125,.144,.025,.108,.167,.311,.133,.198,.118,.076,0,.265,0,0,0,0,.1534329,.2954658,.1042341,.1856745,.0933634,.0834522,.105,.3,.026,.21,.026,.164,-.176149,-.0472584,-.0072044,-.227,-.019,-.083,-.144,-.065,.041,-.265,0,0,-.1420329,-.0814404,.0099112,-.195,-.184,-.137
1990-09,4.748201,.1799985,.2637131,.0329344,.1676184,.0251779,.1564862,.238,.224,.027,.15,.007,.121,.143,.289,.036,.179,.036,.179,0,0,0,0,0,0,.1546066,.289132,.0316861,.1744264,.0266081,.1639168,.194,.335,.017,.221,0,.186,-.0837146,-.1346841,-.1313083,.014,-.122,-.114,-.146,-.143,-.143,0,0,0,-.1345254,-.1427403,-.1373086,-.141,-.204,-.186,.247303,.2298635,.0237838,.1252669,.0208269,.097085,.426,.232,.009,.114,.009,.076,.134,.228,.033,.133,.028,.11,0,0,0,0,0,0,.1288906,.2716033,.024944,.1467491,.0214144,.1131091,.179,.349,.003,.166,.003,.108,.0174395,-.1014831,-.0762581,.193,-.104,-.067,-.094,-.1,-.082,0,0,0,-.1427127,-.1218051,-.0916947,-.17,-.163,-.105,.227041,.2594611,.0175886,.1535745,.0139511,.0863724,.426,.151,.009,.054,.007,.019,.101,.328,.023,.216,.018,.129,0,.265,0,.265,0,0,.1190913,.306933,.0175489,.1805391,.013207,.1003218,.179,.223,.003,.075,0,.02,-.0324201,-.1359859,-.0724213,.275,-.045,-.012,-.227,-.194,-.111,-.265,-.265,0,-.1878417,-.1629902,-.0871149,-.044,-.072,-.02
1990-10,4.920163,.225358,.3811837,.1277776,.142333,.0264531,.097206,.257,.178,.179,.093,.018,.045,.205,.511,.095,.174,.032,.131,0,1,0,0,0,0,.2288729,.4323147,.1129242,.1466606,.027314,.0926547,.262,.275,.144,.143,.014,.069,-.1558257,-.0145554,-.0707529,.079,.087,-.026,-.306,-.079,-.099,-1,0,0,-.2034418,-.0337364,-.0653407,-.012,.001,-.055,.2914689,.3623175,.1945423,.1321087,.0061743,.0871776,.484,.185,.381,.12,0,.037,.169,.475,.075,.14,.01,.119,0,1,0,0,0,0,.2155358,.4336045,.1003694,.1581015,.0073891,.10433,.306,.286,.15,.186,0,.057,-.0708486,.0624335,-.0810033,.298,.261,-.037,-.307,-.065,-.109,-1,0,0,-.2180687,-.0577321,-.096941,.019,-.035,-.057,.2694879,.3633428,.1667763,.1847389,.0109589,.1371928,.444,.197,.342,.094,0,.029,.158,.47,.055,.243,.018,.206,0,.989,0,.265,0,.265,.1892299,.4348315,.0671404,.2210868,.0131151,.1641859,.245,.304,.09,.145,0,.045,-.0938549,-.0179626,-.1262339,.247,.248,-.029,-.312,-.188,-.188,-.989,-.265,-.265,-.2456017,-.1539463,-.1510708,-.06,-.055,-.045
1990-11,4.833465,.1990446,.3684266,.0842443,.3191538,.0420113,.1000452,.175,.198,.102,.133,.054,.057,.214,.477,.073,.437,.034,.127,0,1,0,1,0,0,.2306962,.4282361,.0960273,.3821101,.0463138,.1197801,.247,.265,.143,.207,.071,.088,-.1693821,-.2349094,-.0580339,-.023,-.031,-.003,-.262,-.364,-.093,-1,-1,0,-.1975399,-.2860828,-.0734663,-.018,-.064,-.018,.1673808,.41006,.0670228,.3164381,.0183036,.1029001,.171,.263,.099,.131,.037,.069,.165,.503,.046,.434,.006,.124,0,1,0,1,0,0,.1967712,.4780821,.0793933,.3788588,.0219142,.1231982,.254,.366,.152,.204,.058,.107,-.2426792,-.2494154,-.0845965,-.092,-.032,-.032,-.338,-.388,-.118,-1,-1,0,-.2813109,-.2994655,-.101284,-.112,-.052,-.049,.1735636,.4114273,.0726186,.3134099,.0257943,.1467571,.169,.289,.099,.117,.037,.045,.176,.489,.056,.438,.018,.211,0,.989,0,.989,0,.265,.2041737,.4797191,.086093,.3752332,.0308824,.1757065,.251,.406,.152,.182,.058,.07,-.2378636,-.2407913,-.1209629,-.12,-.018,-.008,-.313,-.382,-.193,-.989,-.989,-.265,-.2755454,-.2891402,-.144824,-.156,-.031,-.012
1990-12,4.646813,.1551188,.4075507,.0967523,.1829797,.0350205,.1466847,.163,.383,.056,.082,.056,.035,.15,.423,.122,.248,.021,.218,0,.266,0,.266,0,.266,.1721832,.3677415,.1106745,.2060419,.0367517,.1756523,.237,.195,.071,.083,.071,.055,-.2524319,-.0862274,-.1116642,-.22,-.025,.021,-.273,-.125,-.196,-.266,-.266,-.266,-.1955583,-.0953674,-.1389006,.042,-.013,.016,.0763537,.4298732,.0340566,.1945,.0117129,.1380379,.113,.407,.085,.079,.03,.027,.053,.445,.001,.268,0,.209,0,.266,0,.266,0,.266,.0823617,.3901616,.0399082,.2198372,.013152,.1652981,.174,.217,.13,.079,.044,.042,-.3535195,-.1604434,-.126325,-.294,.007,.003,-.392,-.267,-.209,-.266,-.266,-.266,-.3077999,-.179929,-.1521461,-.044,.052,.002,.0844376,.5559201,.0450699,.3072484,.0227262,.2615426,.15,.42,.085,.092,.03,.04,.043,.642,.019,.444,.018,.402,0,.989,0,.989,0,.989,.1002386,.5411006,.0530964,.3548515,.0263402,.3131928,.231,.238,.13,.1,.044,.063,-.4714825,-.2621785,-.2388165,-.27,-.007,-.01,-.6,-.425,-.384,-.989,-.989,-.989,-.4408621,-.3017551,-.2868526,-.007,.03,-.019
1991-01,4.289194,.2110152,.2092684,.1324214,.1759053,.0788633,.0766845,.264,.086,.131,.054,.038,.017,.178,.287,.133,.252,.105,.114,.011,.266,0,.266,0,.266,.2429004,.2464933,.1487592,.2107029,.0935825,.0918543,.409,.12,.201,.084,.056,.026,.0017468,-.0434838,.0021788,.178,.077,.021,-.109,-.119,-.01,-.254,-.266,-.266,-.0035929,-.0619437,.0017282,.288,.116,.03,.1157097,.2318797,.0541354,.200916,.0323474,.0897219,.192,.132,.084,.091,.084,.027,.068,.294,.035,.27,0,.129,.011,.266,0,.266,0,.266,.1287416,.2733905,.0549866,.2364886,.0378647,.1074707,.297,.192,.128,.127,.128,.042,-.1161699,-.1467806,-.0573745,.06,-.007,.057,-.227,-.235,-.129,-.254,-.266,-.266,-.1446489,-.1815021,-.0696059,.105,0,.086,.1133025,.3227696,.0659107,.3000129,.0373209,.1878152,.211,.119,.121,.072,.084,.033,.052,.451,.031,.444,.008,.285,.011,.989,0,.989,0,.989,.1348344,.3822602,.0780676,.3551889,.0438221,.2249689,.327,.17,.186,.098,.128,.051,-.209467,-.2341022,-.1504944,.093,.049,.051,-.399,-.412,-.277,-.978,-.989,-.989,-.2474257,-.2771214,-.1811469,.157,.088,.077
1991-02,3.916155,.2480251,.3296698,.0558837,.1424535,.0399235,.1264813,.263,.213,.115,.045,.073,.012,.239,.401,.02,.203,.02,.197,0,.989,0,.265,0,.265,.2575357,.3544154,.0669543,.1663588,.0478324,.1515374,.357,.195,.18,.055,.114,.019,-.0816447,-.0865698,-.0865578,.049,.07,.061,-.163,-.183,-.177,-.989,-.265,-.265,-.0968797,-.0994045,-.103705,.161,.124,.095,.197785,.2675654,.0176689,.1711997,.0159602,.1552507,.176,.271,.042,.044,.042,.024,.211,.266,.003,.25,0,.236,.011,.265,.011,.265,0,.265,.197343,.279819,.0211691,.2006107,.0191219,.1816912,.22,.285,.066,.053,.066,.022,-.0697803,-.1535308,-.1392905,-.095,-.002,.018,-.054,-.247,-.236,-.253,-.253,-.265,-.082476,-.1794416,-.1625693,-.064,.013,.043,.1375233,.3662606,.0166967,.2699645,.0166967,.263815,.182,.251,.044,.034,.044,.028,.11,.438,0,.415,0,.409,0,.989,0,.989,0,.989,.1242609,.3980659,.0191219,.3189409,.0191219,.3117623,.227,.253,.066,.038,.066,.029,-.2287373,-.2532678,-.2471183,-.069,.01,.016,-.327,-.415,-.409,-.989,-.989,-.989,-.273805,-.299819,-.2926404,-.027,.027,.036
1991-03,3.573937,.1157084,.4951172,.0645355,.2550329,.0136191,.0909149,.149,.401,.094,.115,.009,.007,.095,.553,.046,.342,.016,.143,0,1,0,.989,0,.264,.1340938,.4405563,.0731656,.2698664,.0162154,.1078907,.217,.14,.132,.062,.014,.009,-.3794087,-.1904974,-.0772958,-.252,-.021,.003,-.458,-.295,-.127,-1,-.989,-.264,-.3064625,-.1967008,-.0916753,.077,.07,.005,.1000969,.5550486,.0354026,.1986193,0,.1227302,.126,.493,.064,.187,0,.014,.084,.594,.018,.206,0,.19,0,.989,0,.264,0,.264,.1155062,.5084811,.038479,.1992667,0,.1423393,.183,.271,.087,.162,0,.009,-.4549517,-.1632167,-.1227302,-.367,-.123,-.014,-.51,-.188,-.19,-.989,-.264,-.264,-.3929749,-.1607877,-.1423393,-.088,-.076,-.009,.1041179,.5474002,.0355741,.2860385,.0007394,.2102329,.143,.537,.065,.195,.002,.033,.08,.554,.018,.342,0,.32,0,.989,0,.989,0,.989,.1194134,.500255,.0378028,.3033509,0,.246523,.206,.342,.084,.175,0,.038,-.4432823,-.2504644,-.2094935,-.394,-.13,-.031,-.474,-.325,-.32,-.989,-.989,-.989,-.3808416,-.2655481,-.246523,-.136,-.09,-.038
1991-04,3.546273,.1159671,.479168,.0405518,.3131013,.018838,.1920305,.219,.152,.07,.039,.023,.014,.051,.686,.022,.486,.016,.305,0,1,0,1,0,.989,.1380725,.5385741,.0482817,.3640354,.0224288,.2282799,.334,.23,.106,.059,.035,.02,-.363201,-.2725495,-.1731925,.067,.03,.009,-.634,-.464,-.288,-1,-1,-.989,-.4005016,-.3157537,-.2058511,.104,.047,.015,.0593736,.4667044,.0245827,.3367731,.0005873,.1057948,.143,.151,.053,.128,0,.095,.007,.666,.007,.468,.001,.113,0,1,0,.989,0,.264,.0706914,.5205916,.0292686,.3888908,.0006992,.1222774,.218,.219,.081,.184,0,.133,-.4073308,-.3121904,-.1052075,-.008,-.075,-.095,-.659,-.462,-.112,-1,-.989,-.264,-.4499003,-.3596222,-.1215782,0,-.103,-.133,.0701434,.493328,.0367381,.3280591,.0063928,.2040762,.142,.243,.084,.147,.015,.103,.025,.651,.007,.443,.001,.268,.011,.989,0,.989,0,.989,.0826408,.5429468,.0428678,.3785157,.0067381,.2392931,.214,.329,.126,.212,.02,.145,-.4231846,-.291321,-.1976834,-.102,-.062,-.088,-.626,-.436,-.267,-.978,-.989,-.989,-.460306,-.3356479,-.2325549,-.115,-.086,-.125
1991-05,3.72812,.1279147,.4027651,.0541131,.3419885,.0299044,.2425026,.157,.091,.109,.024,.046,0,.11,.595,.02,.538,.02,.392,0,.989,0,.989,0,.989,.1522616,.4760438,.0644127,.4068949,.0355963,.2886597,.241,.128,.168,.036,.071,0,-.2748503,-.2878754,-.2125982,.066,.085,.046,-.485,-.518,-.372,-.989,-.989,-.989,-.3237822,-.3424821,-.2530634,.112,.132,.071,.2342087,.3915931,.0351306,.2890648,.0142129,.1914328,.456,.162,.092,.039,.037,.015,.097,.533,0,.444,0,.3,0,.725,0,.725,0,.725,.1526204,.4623956,.0418172,.340539,.0169182,.224324,.273,.236,.141,.047,.057,.011,-.1573843,-.2539342,-.1772199,.294,.053,.022,-.436,-.444,-.3,-.725,-.725,-.725,-.3097752,-.2987218,-.2074059,.037,.094,.046,.2256804,.4623753,.030863,.375201,.0102652,.2423921,.421,.217,.076,.127,.027,.034,.105,.614,.003,.529,0,.371,.011,.989,.011,.989,0,.989,.1424688,.5374612,.0367373,.4338808,.0122191,.2849827,.221,.289,.117,.152,.041,.04,-.236695,-.344338,-.2321268,.205,-.051,-.007,-.509,-.526,-.371,-.978,-.978,-.989,-.3949924,-.3971435,-.2727637,-.069,-.035,.001
1991-06,3.465716,.1237693,.4591039,.04226,.3672458,.0096061,.3215197,.052,.24,.015,.04,0,.01,.168,.594,.059,.569,.016,.514,.011,.989,0,.989,0,.989,.1395061,.4967498,.0505223,.43571,.0114842,.3841945,.08,.194,.024,.051,0,.015,-.3353346,-.3249858,-.3119135,-.188,-.025,-.01,-.426,-.51,-.498,-.977,-.989,-.989,-.3572437,-.3851877,-.3727103,-.114,-.027,-.015,.1404821,.3693484,.023343,.2900925,.0020759,.2346476,.16,.196,.021,.064,.005,.008,.128,.476,.025,.43,0,.374,0,.989,0,.989,0,.989,.1679478,.415714,.0279067,.3462746,.0024818,.2801754,.248,.215,.032,.097,.008,.011,-.2288663,-.2667496,-.2325717,-.035,-.043,-.003,-.348,-.405,-.374,-.989,-.989,-.989,-.2477662,-.3183679,-.2776936,.033,-.064,-.003,.2300336,.3769585,.1100434,.3119194,.0187866,.2671124,.341,.217,.223,.084,.008,.056,.162,.475,.04,.453,.025,.397,0,.989,0,.989,0,.989,.1817089,.4248119,.0382594,.3631984,.0224596,.3098168,.21,.248,.028,.097,.012,.054,-.1469248,-.201876,-.2483257,.123,.139,-.048,-.314,-.412,-.372,-.989,-.989,-.989,-.2431029,-.324939,-.2873572,-.038,-.068,-.042
1991-07,3.379352,.1204054,.5156304,.0885424,.3904931,.0302053,.3272706,.05,.312,.043,.158,.008,.017,.164,.641,.116,.534,.044,.518,0,.989,0,.989,0,.989,.1346426,.5510623,.0966702,.4145996,.035997,.3865996,.077,.265,.067,.07,.012,.014,-.3952249,-.3019507,-.2970652,-.262,-.114,-.009,-.477,-.417,-.474,-.989,-.989,-.989,-.4164197,-.3179294,-.3506027,-.188,-.004,-.002,.2016153,.4151025,.081811,.2180457,.0091483,.1688042,.147,.242,.104,.075,.008,.001,.235,.522,.068,.306,.01,.272,0,1,0,.726,0,.726,.2402733,.4371482,.0974976,.234234,.0109025,.200635,.227,.177,.16,.029,.012,0,-.2134872,-.1362346,-.1596558,-.095,.028,.007,-.286,-.237,-.262,-1,-.726,-.726,-.1968749,-.1367363,-.1897326,.05,.131,.012,.1943401,.4135316,.0854451,.2661622,.0188025,.2321246,.128,.265,.084,.097,.008,.021,.235,.505,.086,.37,.025,.362,0,.989,0,.989,0,.989,.2316031,.4352761,.1018285,.2915765,.0224077,.2669806,.197,.212,.13,.062,.012,0,-.2191916,-.1807171,-.2133222,-.137,-.012,-.013,-.27,-.284,-.336,-.989,-.989,-.989,-.203673,-.189748,-.244573,-.015,.069,.012
1991-08,2.962975,.1534008,.3024303,.0795899,.1618711,.055144,.1233864,.165,.33,0,.066,0,.029,.147,.285,.129,.221,.089,.181,0,.264,0,.264,0,.264,.1797453,.2643868,.0947316,.1885017,.065635,.1462629,.243,.184,0,.088,0,.043,-.1490295,-.0822812,-.0682424,-.166,-.066,-.029,-.139,-.092,-.092,-.264,-.264,-.264,-.0846415,-.09377,-.0806278,.059,-.088,-.043,.1623535,.4094025,.1375579,.2327381,.0452348,.1580529,.168,.386,.078,.053,.068,.053,.159,.424,.174,.343,.031,.223,0,.989,0,.989,0,.725,.1904011,.3803716,.163728,.2615123,.0538406,.1726185,.247,.23,.119,.029,.105,.029,-.247049,-.0951801,-.1128181,-.218,.025,.015,-.265,-.169,-.192,-.989,-.989,-.725,-.1899705,-.0977844,-.1187779,.018,.091,.076,.1395413,.4204395,.1127442,.2660346,.0204211,.2102143,.103,.407,.012,.081,.003,.055,.162,.429,.174,.38,.031,.306,.011,.989,0,.989,0,.989,.1596815,.3926072,.1341935,.3002422,.0243062,.2338023,.137,.259,.019,.068,.005,.029,-.2808982,-.1532904,-.1897932,-.304,-.068,-.052,-.267,-.206,-.275,-.977,-.989,-.989,-.2329257,-.1660487,-.2094961,-.123,-.049,-.024
1991-09,2.701789,.3531847,.3772606,.0986079,.2615627,.0480829,.0866283,.305,.403,.123,.279,0,.018,.383,.362,.084,.251,.077,.129,.737,.263,0,.263,0,.263,.416352,.3533276,.1171845,.2158337,.0571411,.0989821,.457,.295,.189,.106,0,.014,-.0240759,-.1629549,-.0385455,-.098,-.156,-.018,.021,-.167,-.051,.474,-.263,-.263,.0630243,-.0986492,-.041841,.162,.083,-.014,.2020491,.4930827,.0730394,.3423842,.0487772,.2200675,.273,.427,.126,.322,.078,.033,.159,.534,.041,.355,.031,.335,.011,.989,0,.989,0,.989,.235848,.454059,.0867992,.3010161,.0579663,.2466947,.404,.282,.193,.134,.119,0,-.2910336,-.2693449,-.1712902,-.154,-.196,.045,-.375,-.314,-.303,-.977,-.989,-.989,-.218211,-.2142169,-.1887284,.122,.059,.119,.1728067,.4901291,.0488639,.3656466,.030721,.244829,.187,.455,.04,.349,.012,.06,.164,.512,.054,.376,.042,.358,.011,.989,.011,.989,0,.989,.2019929,.4756982,.0580693,.3277647,.0365085,.2752249,.276,.335,.061,.173,.019,.039,-.3173224,-.3167827,-.214108,-.268,-.31,-.048,-.348,-.321,-.316,-.977,-.977,-.989,-.2737053,-.2696954,-.2387164,-.059,-.112,-.02
1991-10,2.327337,.2244152,.3825317,.1554013,.304334,.029169,.2186946,.098,.353,.067,.259,.031,.206,.301,.4,.209,.332,.028,.226,.737,.263,.737,.263,0,.263,.2347027,.3552829,.1845638,.271161,.0346428,.1694506,.15,.204,.103,.089,.048,.008,-.1581165,-.1489326,-.1895256,-.255,-.192,-.175,-.099,-.123,-.198,.474,.474,-.263,-.1205802,-.0865973,-.1348078,-.054,.014,.04,.1090752,.3405903,.0659915,.287007,.0384922,.1795856,.118,.357,.084,.287,.037,.229,.104,.331,.055,.287,.039,.149,.011,.263,.011,.263,0,.263,.1168214,.3079734,.0751481,.2471051,.0457155,.1230025,.168,.217,.118,.121,.057,.044,-.231515,-.2210154,-.1410934,-.238,-.203,-.192,-.227,-.232,-.11,-.251,-.251,-.263,-.191152,-.171957,-.0772869,-.05,-.003,.013,.1383318,.4840257,.0552289,.4068795,.0372456,.3021303,.119,.437,.056,.286,.029,.231,.15,.513,.055,.48,.042,.345,.011,.989,.011,.989,.011,.989,.1288354,.4460988,.0623658,.3920399,.0442351,.2676336,.169,.231,.074,.128,.045,.044,-.3456939,-.3516506,-.2648847,-.319,-.231,-.202,-.362,-.425,-.303,-.977,-.977,-.977,-.3172634,-.3296741,-.2233984,-.063,-.054,.001
1991-11,2.418386,.1316824,.2806495,.0759989,.16736,.0516257,.1182544,.217,.149,.112,.073,.091,.009,.08,.36,.055,.224,.028,.184,0,.262,0,.262,0,.262,.1167043,.3232138,.0821793,.1897873,.0612182,.1402273,.225,.196,.171,.083,.14,.015,-.1489671,-.0913611,-.0666288,.068,.038,.082,-.279,-.169,-.156,-.262,-.262,-.262,-.2065096,-.107608,-.079009,.029,.089,.125,.1523441,.276195,.0463103,.1466216,.0359131,.1451679,.182,.171,.085,.056,.076,.017,.135,.34,.023,.201,.012,.222,0,.262,0,.262,0,.262,.1379949,.3203919,.0433546,.1676557,.0393758,.1686926,.16,.238,.119,.065,.105,.014,-.1238509,-.1003112,-.1092548,.011,.029,.059,-.205,-.178,-.21,-.262,-.262,-.262,-.182397,-.124301,-.1293168,-.078,.054,.091,.1265235,.3950292,.0463028,.2809518,.0251773,.2672832,.12,.155,.085,.058,.047,.002,.13,.539,.023,.415,.012,.427,0,.989,0,.989,0,.989,.1384721,.4613067,.0433457,.3260325,.0266452,.3160338,.172,.214,.119,.065,.061,0,-.2685058,-.234649,-.2421059,-.035,.027,.045,-.409,-.392,-.415,-.989,-.989,-.989,-.3228346,-.2826869,-.2893886,-.042,.054,.061
1991-12,2.57062,.1756269,.2166648,.0206715,.1585369,.0191157,.0189661,.135,.192,.052,.105,.051,.017,.2,.232,.002,.191,0,.02,0,0,0,0,0,0,.20807,.2417409,.0241155,.1873076,.0226931,.0225155,.206,.24,.078,.158,.078,.027,-.0410379,-.1378654,.0001496,-.057,-.053,.034,-.032,-.189,-.02,0,0,0,-.0336709,-.1631921,.0001776,-.035,-.08,.051,.1860871,.3261528,.1034681,.2292238,.007814,.1478497,.213,.244,.09,.119,.021,.03,.17,.375,.112,.295,0,.218,0,.26,0,.26,0,.26,.1899327,.3577211,.091852,.2659332,.0088518,.1693304,.22,.273,.03,.162,.03,.025,-.1400657,-.1257557,-.1400357,-.031,-.03,-.01,-.205,-.183,-.218,-.26,-.26,-.26,-.1677884,-.1740812,-.1604786,-.053,-.131,.005,.1834299,.3305908,.0750727,.2209489,.007814,.1503373,.213,.249,.021,.117,.021,.03,.166,.38,.108,.283,0,.222,0,.261,0,.261,0,.261,.1867783,.3629897,.0886976,.2561097,.0088518,.1722834,.22,.279,.03,.159,.03,.025,-.1471608,-.1458762,-.1425232,-.036,-.097,-.01,-.214,-.175,-.222,-.261,-.261,-.261,-.1762114,-.1674121,-.1634316,-.06,-.128,.005
1992-01,2.33245,.1419622,.3836296,.1083804,.1482572,.0046519,.1195149,.024,.558,.015,.101,.012,.066,.212,.279,.164,.177,0,.151,.001,0,0,0,0,0,.1677794,.319277,.1280904,.174285,.0054979,.1403156,.037,.416,.022,.151,.019,.098,-.2416674,-.0398768,-.1148629,-.534,-.086,-.054,-.067,-.012,-.151,.001,0,0,-.1514976,-.0461946,-.1348177,-.379,-.129,-.079,.1500849,.3968019,.1150485,.2308248,.0668602,.1805909,.078,.403,.032,.113,0,.084,.193,.393,.164,.301,.107,.238,0,.261,0,.261,0,.261,.1773792,.3675528,.1359712,.2702144,.0790194,.2108451,.12,.292,.05,.164,0,.119,-.2467171,-.1157763,-.1137307,-.325,-.081,-.084,-.2,-.136,-.132,-.261,-.261,-.261,-.1901735,-.1342433,-.1318257,-.172,-.115,-.119,.1485169,.403348,.1150485,.2304452,.0668602,.185166,.076,.431,.032,.105,0,.084,.192,.387,.164,.305,.107,.246,0,.261,0,.261,0,.261,.1755261,.3830718,.1359712,.2697659,.0790194,.2162522,.117,.334,.05,.152,0,.119,-.2548311,-.1153967,-.1183058,-.355,-.073,-.084,-.195,-.141,-.139,-.261,-.261,-.261,-.2075457,-.1337947,-.1372328,-.218,-.102,-.119
1992-02,2.530376,.1665287,.4627382,.0931208,.1991827,.0929594,.0991188,.144,.269,.013,.151,.013,.013,.18,.579,.142,.228,.141,.151,.001,.988,.001,0,0,0,.1823588,.5136328,.109979,.2239913,.1097885,.1161123,.17,.396,.019,.217,.019,.016,-.2962095,-.1060619,-.0061594,-.125,-.138,0,-.399,-.087,-.01,-.987,.001,0,-.331274,-.1140123,-.0063238,-.226,-.198,.003,.1801027,.4246329,.1214693,.2195665,.0991453,.1480057,.18,.215,.041,.082,.029,.028,.18,.551,.17,.303,.142,.22,0,.989,0,.261,0,.261,.1983902,.4686291,.1434597,.249016,.1170942,.1721597,.225,.314,.063,.115,.043,.034,-.2445302,-.0980972,-.0488605,-.035,-.041,0,-.371,-.133,-.078,-.989,-.261,-.261,-.2702389,-.1055564,-.0550656,-.089,-.053,.009,.1530752,.4130442,.0875729,.2301975,.0875729,.1696416,.182,.215,.029,.082,.029,.028,.136,.532,.123,.32,.123,.255,0,.989,0,.261,0,.261,.1664697,.4596864,.1034268,.2663155,.1034268,.1977125,.228,.304,.043,.105,.043,.034,-.259969,-.1426246,-.0820687,-.033,-.053,0,-.397,-.197,-.132,-.989,-.261,-.261,-.2932166,-.1628887,-.0942857,-.076,-.062,.009
1992-03,2.745079,.2047308,.3545313,.0971082,.3228729,.0768023,.153989,.15,.146,.037,.084,0,.059,.238,.48,.133,.467,.123,.211,.011,.728,0,.728,0,0,.2381121,.4042881,.1143149,.3703444,.0904109,.1715359,.217,.2,.056,.118,0,.081,-.1498005,-.2257646,-.0771867,.004,-.047,-.059,-.242,-.333,-.088,-.717,-.728,0,-.166176,-.2560295,-.081125,.017,-.062,-.081,.149227,.4268065,.0504674,.352687,.0242193,.1656767,.162,.236,.082,.163,.029,.03,.142,.541,.032,.467,.021,.247,.011,.989,0,.989,0,.26,.1727736,.4890547,.0594097,.4051263,.0285107,.1852945,.234,.335,.123,.236,.044,.037,-.2775795,-.3022196,-.1414574,-.075,-.081,-.001,-.4,-.435,-.226,-.978,-.989,-.26,-.3162812,-.3457166,-.1567838,-.101,-.112,.007,.3174976,.3987807,.118264,.3136316,.0762071,.1812806,.452,.163,.12,.084,.029,.037,.236,.54,.117,.452,.105,.268,.011,.989,0,.989,0,.261,.2569754,.4531679,.1392193,.3633595,.0897103,.2078722,.284,.215,.181,.107,.044,.037,-.0812831,-.1953676,-.1050735,.289,.036,-.008,-.304,-.335,-.163,-.978,-.989,-.261,-.1961925,-.2241402,-.1181619,.069,.074,.007
1992-04,2.83116,.1156835,.4885661,.0630363,.291687,.0151374,.2180401,.188,.511,.12,.09,.023,.021,.073,.475,.03,.41,.01,.334,.011,.729,.011,.728,0,.728,.1332192,.4396046,.0713718,.3385448,.0178782,.2548894,.274,.3,.172,.116,.035,.023,-.3728826,-.2286507,-.2029027,-.323,.03,.002,-.402,-.381,-.324,-.718,-.716,-.728,-.3063854,-.267173,-.2370112,-.026,.055,.013,.1149922,.4940271,.0728509,.3110923,.0322491,.2669982,.195,.536,.136,.113,.069,.063,.068,.469,.036,.428,.011,.387,.011,.989,.011,.989,0,.989,.1327349,.4457221,.0829635,.3611315,.0380882,.3123796,.286,.336,.196,.15,.105,.086,-.3790349,-.2382414,-.234749,-.341,.023,.005,-.402,-.392,-.376,-.978,-.978,-.989,-.3129872,-.278168,-.2742915,-.05,.046,.019,.1209735,.3807033,.0771849,.3104526,.0358124,.2600465,.211,.232,.144,.113,.079,.054,.068,.468,.038,.427,.011,.381,.011,.989,.011,.989,0,.989,.142877,.4293641,.0911601,.3603759,.0422966,.3041694,.321,.282,.219,.15,.119,.072,-.2597298,-.2332676,-.2242341,-.02,.031,.025,-.401,-.389,-.371,-.978,-.978,-.989,-.286487,-.2692158,-.2618727,.039,.068,.048
1992-05,2.558423,.0616375,.3661318,.0245712,.3130287,.0145691,.2678991,.129,.17,.043,.106,.016,.057,.022,.482,.014,.435,.014,.392,.011,.729,.011,.729,.011,.729,.0690169,.4245365,.0252208,.3698627,.0172143,.3165393,.184,.231,.052,.161,.025,.087,-.3044944,-.2884575,-.25333,-.041,-.063,-.041,-.46,-.422,-.379,-.717,-.717,-.717,-.3555197,-.3446419,-.299325,-.048,-.109,-.062,.067294,.464676,.038922,.3916188,.0228409,.2846212,.135,.351,.062,.297,.046,.051,.027,.532,.025,.447,.009,.423,.011,.989,.011,.989,.011,.989,.0761216,.4535721,.0459888,.3753213,.0269879,.3358762,.194,.203,.094,.149,.07,.076,-.397382,-.3526968,-.2617803,-.216,-.235,-.005,-.504,-.422,-.413,-.977,-.977,-.977,-.3774505,-.3293325,-.3088883,-.009,-.055,-.006,.0747752,.4432107,.0364099,.3014854,.0228409,.2802501,.155,.308,.055,.066,.046,.051,.027,.523,.025,.44,.009,.416,.011,.989,.011,.989,.011,.989,.0847944,.4282095,.0430205,.3558022,.0269879,.3307116,.224,.137,.084,.099,.07,.076,-.3684355,-.2650755,-.2574093,-.152,-.011,-.005,-.496,-.415,-.406,-.977,-.977,-.977,-.3434151,-.3127817,-.3037237,.087,-.015,-.006
1992-06,2.566532,.1740514,.4199378,.027591,.3042766,.0176778,.2586439,.38,.181,.051,.106,.025,.062,.051,.562,.014,.422,.014,.376,.011,.729,.011,.729,.011,.729,.0677166,.4871532,.0291521,.350773,.0174631,.3049761,.102,.247,.066,.133,.026,.094,-.2458865,-.2766856,-.2409661,.199,-.055,-.037,-.51,-.409,-.362,-.717,-.717,-.717,-.4194366,-.3216209,-.287513,-.145,-.067,-.068,.0988435,.4609872,.0209238,.3519889,.0119977,.2938684,.155,.217,.024,.091,0,.076,.065,.606,.019,.507,.019,.424,.011,.989,.011,.989,.011,.989,.0650574,.5431286,.0212905,.4146048,.0141469,.346073,.057,.327,.025,.137,0,.113,-.3621438,-.3310651,-.2818707,-.062,-.067,-.076,-.541,-.488,-.404,-.977,-.977,-.977,-.4780711,-.3933143,-.3319261,-.27,-.112,-.113,.0980651,.4503345,.0245081,.3270145,.015582,.2733806,.185,.164,.034,.039,.01,.023,.047,.62,.019,.498,.019,.422,.011,.989,.011,.989,.011,.989,.0641396,.5305676,.0255169,.3851567,.0183733,.3219151,.102,.247,.039,.057,.015,.033,-.3522695,-.3025064,-.2577986,.021,-.005,-.013,-.574,-.479,-.403,-.977,-.977,-.977,-.4664281,-.3596398,-.3035418,-.145,-.018,-.019
1992-07,2.7344,.0765692,.5400828,.0324382,.3499814,.0118521,.3076801,.128,.198,.051,.136,.027,.084,.046,.744,.021,.478,.003,.441,.011,.989,.011,.729,.011,.729,.0815992,.6027032,.0382039,.4042612,.0139588,.354441,.193,.255,.077,.177,.04,.1,-.4635135,-.3175433,-.295828,-.07,-.085,-.058,-.698,-.456,-.438,-.977,-.718,-.718,-.521104,-.3660573,-.3404822,-.062,-.101,-.06,.0737275,.5665815,.0426272,.3828816,.0107008,.3193874,.07,.269,.046,.127,.024,.013,.076,.744,.04,.535,.003,.502,.011,.989,.011,.989,.011,.989,.0750908,.6428066,.0470424,.4505708,.0094413,.3757907,.095,.394,.059,.191,.025,.019,-.492854,-.3402545,-.3086866,-.199,-.081,.01,-.668,-.495,-.499,-.977,-.977,-.977,-.5677158,-.4035284,-.3663494,-.299,-.132,.006,.0789295,.5890576,.0382973,.3919795,.0107008,.3140882,.116,.291,.066,.127,.024,.013,.057,.767,.021,.55,.003,.494,.011,.989,.011,.989,.011,.989,.0812174,.6692778,.0419429,.4612857,.0094413,.3695496,.164,.426,.089,.191,.025,.019,-.5101281,-.3536822,-.3033874,-.175,-.061,.01,-.71,-.529,-.491,-.977,-.977,-.977,-.5880604,-.4193428,-.3601083,-.262,-.101,.006
1992-08,2.637991,.12488,.5661955,.033794,.4793652,.0163164,.3178795,.157,.299,.05,.124,.037,.085,.106,.724,.024,.69,.004,.455,.011,.989,.011,.989,.011,.73,.1386215,.6205081,.0314477,.5612666,.019227,.3745842,.238,.291,.076,.175,.056,.129,-.4413155,-.4455711,-.3015631,-.141,-.073,-.048,-.619,-.666,-.452,-.977,-.977,-.718,-.4818867,-.5298189,-.3553573,-.053,-.099,-.073,.1213988,.557716,.0475353,.465676,.0307951,.3627076,.122,.312,.057,.135,.044,.103,.121,.703,.042,.661,.023,.517,.011,.989,.011,.989,.011,.989,.1315379,.5922994,.0446589,.5239378,.0333072,.4270777,.174,.322,.076,.192,.056,.155,-.4363172,-.4181407,-.3319125,-.19,-.078,-.059,-.582,-.62,-.494,-.977,-.977,-.977,-.4607615,-.479279,-.3937705,-.148,-.115,-.098,.1133634,.5789591,.0355865,.4952703,.0188463,.3543022,.101,.282,.057,.13,.044,.098,.121,.755,.023,.712,.004,.506,.011,.989,.011,.989,.011,.989,.1220692,.6173322,.0305787,.5588112,.019227,.4171729,.142,.275,.076,.184,.056,.147,-.4655957,-.4596838,-.3354558,-.181,-.072,-.054,-.634,-.689,-.502,-.977,-.977,-.977,-.495263,-.5282326,-.3979459,-.134,-.107,-.09
1992-09,2.462606,.0833981,.4435436,.0480342,.3290768,.0086215,.2858658,.077,.347,.04,.175,0,.095,.087,.501,.053,.42,.014,.399,0,.989,0,.989,0,.989,.0871296,.5185505,.0481134,.3838691,.0017406,.3330272,.107,.512,.061,.254,0,.132,-.3601455,-.2810427,-.2772444,-.27,-.135,-.095,-.414,-.368,-.386,-.989,-.989,-.989,-.4314209,-.3357557,-.3312866,-.406,-.193,-.132,.1128176,.4142168,.0626293,.335961,.0248694,.2942507,.121,.269,.054,.126,.013,.084,.108,.5,.068,.461,.032,.419,0,.989,0,.989,0,.989,.1079395,.4673171,.0652861,.3752416,.0208578,.3261653,.127,.407,.081,.19,.02,.126,-.3013992,-.2733317,-.2693813,-.148,-.073,-.07,-.393,-.393,-.388,-.989,-.989,-.989,-.3593777,-.3099555,-.3053074,-.28,-.11,-.106,.1009702,.5337095,.0380907,.4451447,.0078861,.386802,.113,.342,.012,.171,0,.084,.094,.648,.054,.608,.013,.567,0,.989,0,.989,0,.989,.0939999,.5770786,.0364139,.4728734,.0008753,.4350609,.115,.41,.018,.152,0,.126,-.4327393,-.407054,-.3789159,-.228,-.159,-.084,-.554,-.555,-.554,-.989,-.989,-.989,-.4830787,-.4364595,-.4341856,-.295,-.134,-.126
1992-10,2.624417,.1896196,.3374684,.0468779,.1774589,.0334409,.1238115,.116,.553,.033,.196,.028,.082,.233,.21,.055,.166,.036,.149,0,0,0,0,0,0,.1769196,.2737774,.0440993,.2058,.030846,.1425815,.044,.484,.042,.284,.043,.111,-.1478488,-.130581,-.0903706,-.437,-.163,-.053,.024,-.111,-.112,0,0,0,-.0968578,-.1617007,-.1117355,-.44,-.243,-.069,.1868212,.3429874,.0567647,.1586657,.0332407,.0992934,.143,.532,.054,.2,.028,.081,.213,.231,.059,.134,.036,.11,0,0,0,0,0,0,.176567,.2973008,.0557499,.164637,.0306101,.0946723,.096,.511,.072,.302,.043,.122,-.1561662,-.101901,-.0660527,-.389,-.147,-.052,-.018,-.075,-.074,0,0,0,-.1207338,-.108887,-.0640622,-.416,-.23,-.079,.1746142,.4981295,.0530272,.3588853,.0228552,.2987556,.121,.527,.054,.182,0,.061,.206,.481,.052,.463,.036,.44,0,.73,0,.73,0,.73,.1933066,.4801212,.0513457,.400577,.0183717,.3297198,.169,.504,.072,.275,0,.091,-.3235153,-.3058581,-.2759005,-.407,-.128,-.061,-.274,-.411,-.403,-.73,-.73,-.73,-.2868147,-.3492313,-.3113481,-.336,-.202,-.091
1992-11,2.602085,.2577638,.3437779,.0611649,.2395526,.0229765,.1210154,.119,.526,.01,.454,0,.16,.34,.236,.092,.112,.037,.098,1,0,0,0,0,0,.2904093,.2950163,.0590501,.1801424,.0184961,.1390713,.164,.416,0,.334,0,.229,-.0860141,-.1783877,-.0980389,-.407,-.444,-.16,.105,-.021,-.061,1,0,0,-.004607,-.1210923,-.1205751,-.252,-.334,-.229,.205722,.3910588,.0581299,.2491156,.029417,.0915612,.103,.485,.024,.36,.021,.101,.267,.335,.078,.183,.034,.086,.741,0,0,0,0,0,.2322389,.3506569,.0585514,.208478,.0260754,.10775,.151,.354,.032,.252,.032,.152,-.1853368,-.1909857,-.0621442,-.382,-.336,-.079,-.069,-.105,-.052,.741,0,0,-.1184179,-.1499266,-.0816746,-.203,-.22,-.12,.1085177,.4659128,.0573019,.3963553,.029417,.2798518,.109,.452,.022,.349,.021,.076,.108,.474,.078,.424,.034,.401,.011,.73,0,.73,0,.73,.1188226,.4387457,.0585514,.3817508,.0260754,.3293319,.163,.304,.032,.235,.032,.115,-.3573951,-.3390534,-.2504348,-.343,-.327,-.055,-.366,-.346,-.366,-.718,-.73,-.73,-.3199231,-.3231995,-.3032565,-.141,-.203,-.083
1992-12,2.528983,.2278727,.4309413,.1976915,.2376465,.0337527,.1470984,.031,.479,.021,.398,.001,.349,.343,.403,.301,.144,.053,.029,1,0,1,0,0,0,.2453047,.4101367,.2327185,.1848331,.0394465,.0858405,.045,.383,.031,.27,0,.223,-.2030686,-.039955,-.1133457,-.448,-.376,-.348,-.06,.157,.024,1,1,0,-.1648321,.0478853,-.046394,-.338,-.239,-.223,.1768662,.5090573,.1502804,.3093312,.0322789,.1978764,.02,.437,.001,.349,.001,.292,.268,.551,.238,.286,.051,.143,.742,0,.742,0,0,0,.1851717,.4992733,.1768242,.2693441,.037709,.1490376,.029,.309,0,.196,0,.148,-.3321911,-.1590508,-.1655975,-.417,-.348,-.291,-.283,-.049,-.093,.742,.742,0,-.3141016,-.0925199,-.1113285,-.28,-.196,-.148,.0915931,.6344212,.0405217,.3908847,.0322789,.363379,.039,.431,.001,.349,.001,.309,.122,.753,.064,.415,.051,.395,.012,.988,.012,.73,0,.73,.0846409,.6460874,.0474267,.3654898,.037709,.3441531,.058,.297,0,.196,0,.174,-.5428281,-.350363,-.3311001,-.392,-.348,-.308,-.631,-.352,-.345,-.977,-.718,-.73,-.5614465,-.3180631,-.306444,-.239,-.196,-.174
1993-01,2.633215,.1233893,.3094455,.0649447,.2411711,.0543184,.1587225,.072,.518,.01,.39,.001,.363,.154,.186,.097,.153,.086,.038,.27,0,.27,0,.27,0,.1445543,.2586453,.075994,.1893316,.0635009,.0923993,.107,.444,.014,.262,0,.221,-.1860563,-.1762264,-.1044042,-.445,-.38,-.362,-.033,-.056,.048,.27,.27,.27,-.114091,-.1133376,-.0288983,-.337,-.248,-.221,.078173,.4592411,.0273965,.3600408,.0208223,.186603,.11,.557,.019,.329,.001,.295,.059,.402,.033,.379,.033,.123,.012,0,.012,0,.012,0,.0913948,.4337745,.0318497,.3261599,.0241207,.1251775,.163,.499,.027,.16,0,.119,-.3810682,-.3326443,-.1657807,-.447,-.31,-.294,-.342,-.346,-.09,.012,.012,.012,-.3423797,-.2943102,-.1010568,-.335,-.133,-.119,.0741961,.6353998,.0425727,.5517628,.0208223,.3440639,.07,.502,.03,.316,.001,.283,.077,.714,.05,.691,.033,.38,.012,.988,.012,.988,.012,.73,.0867194,.638337,.0496919,.5480388,.0241207,.3102996,.103,.408,.044,.128,0,.102,-.5612036,-.5091901,-.3232416,-.432,-.286,-.283,-.638,-.641,-.347,-.977,-.977,-.719,-.5516176,-.4983469,-.2861789,-.304,-.084,-.102
1993-02,2.533021,.0944369,.3208678,.066139,.1289129,.0474667,.0875367,.071,.29,.032,.171,0,.097,.108,.339,.086,.104,.076,.082,.269,.731,.269,0,.269,0,.108013,.3345786,.0774354,.1295843,.0555739,.0916156,.097,.386,.048,.208,0,.107,-.2264308,-.0627739,-.04007,-.219,-.139,-.097,-.231,-.017,-.006,-.462,.269,.269,-.2265656,-.0521489,-.0360417,-.288,-.161,-.107,.0590376,.5038334,.0132836,.3195213,.0066885,.271495,.09,.438,0,.404,0,.293,.04,.543,.021,.269,.011,.259,0,.988,0,0,0,0,.0665676,.4652993,.0155524,.2692531,.0078309,.221559,.126,.32,0,.27,0,.107,-.4447958,-.3062377,-.2648064,-.348,-.404,-.293,-.502,-.248,-.248,-.988,0,0,-.3987316,-.2537008,-.213728,-.194,-.27,-.107,.0508212,.4854929,.0083537,.4412104,.0017587,.4159309,.082,.212,0,.156,0,.106,.033,.648,.013,.61,.003,.6,.012,.988,.012,.988,.012,.988,.0595014,.526381,.0097805,.4942813,.0020591,.4722787,.122,.265,0,.182,0,.107,-.4346716,-.4328567,-.4141722,-.13,-.156,-.106,-.615,-.597,-.597,-.977,-.977,-.977,-.4668797,-.4845008,-.4702197,-.144,-.182,-.107
1993-03,2.496863,.0965112,.3752568,.0248389,.1409665,.0066964,.0922922,.033,.312,.004,.195,0,.108,.134,.412,.037,.109,.011,.083,0,0,0,0,0,0,.113705,.430093,.0292641,.1550272,.0078894,.0976815,.05,.429,.006,.255,0,.125,-.2787456,-.1161275,-.0855958,-.279,-.191,-.108,-.278,-.072,-.072,0,0,0,-.316388,-.1257632,-.0897921,-.379,-.25,-.125,.1102426,.5773919,.0170839,.4562362,.0066964,.2944509,.086,.448,0,.388,0,.358,.124,.653,.027,.496,.011,.257,0,1,0,.988,0,0,.1164455,.5844856,.0201274,.4417455,.0078894,.2511376,.083,.342,0,.253,0,.207,-.4671493,-.4391524,-.2877545,-.361,-.388,-.358,-.529,-.469,-.247,-1,-.988,0,-.46804,-.4216181,-.2432482,-.259,-.253,-.207,.1074513,.5239417,.0171302,.4258441,.0017696,.4040304,.093,.291,.013,.145,0,.092,.116,.66,.019,.59,.003,.586,.012,.988,.012,.988,.012,.988,.113157,.6052666,.0201821,.4896926,.0020848,.4639927,.094,.396,.02,.177,0,.097,-.4164904,-.4087139,-.4022609,-.197,-.131,-.092,-.544,-.571,-.583,-.976,-.976,-.976,-.4921096,-.4695105,-.4619079,-.302,-.156,-.097
1993-04,2.493319,.253366,.2777727,.172565,.1893947,.0184614,.0399472,.052,.235,.003,.104,.003,.058,.37,.302,.271,.239,.027,.029,.732,.256,.732,0,0,0,.2637601,.3078296,.2030781,.219745,.0217257,.0438721,.067,.288,.005,.146,.005,.077,-.0244067,-.0168297,-.0214858,-.183,-.101,-.055,.068,.032,-.002,.476,.732,0,-.0440695,-.0166669,-.0221464,-.221,-.141,-.072,.1366643,.4795676,.0682165,.3972087,.0172614,.2384135,.086,.295,.014,.12,0,.106,.166,.587,.1,.558,.027,.315,0,.988,0,.988,0,.988,.1264232,.5279386,.0802785,.4643048,.0203135,.2774313,.118,.318,.02,.17,0,.149,-.3429033,-.3289922,-.2211521,-.209,-.107,-.106,-.42,-.458,-.288,-.988,-.988,-.988,-.4015154,-.3840262,-.2571178,-.2,-.15,-.149,.1396295,.4727639,.061458,.4004266,.0173091,.3548893,.105,.295,.022,.134,.014,.071,.16,.576,.084,.555,.02,.52,.012,.988,.012,.988,.012,.988,.1299127,.5199319,.0723251,.4680917,.0203698,.4145025,.147,.318,.033,.191,.02,.097,-.3331345,-.3389685,-.3375802,-.19,-.112,-.058,-.416,-.471,-.5,-.976,-.976,-.976,-.3900192,-.3957666,-.3941328,-.171,-.158,-.076
1993-05,2.664285,.3300083,.2210723,.0799251,.1572502,.0514718,.121829,.339,.272,.003,.164,.003,.049,.325,.191,.125,.153,.08,.164,0,0,0,0,0,0,.2964026,.2400871,.085684,.1681396,.0603712,.1398154,.222,.339,.005,.189,.005,.063,.108936,-.0773251,-.0703571,.068,-.161,-.046,.133,-.028,-.085,0,0,0,.0563155,-.0824556,-.0794442,-.117,-.184,-.058,.2612887,.3881395,.0778816,.3378335,.0552882,.2681562,.357,.307,.014,.242,.014,.083,.205,.436,.116,.394,.08,.377,.012,.988,0,.988,0,.988,.2158013,.4194623,.0832872,.3608221,.0648475,.3114424,.249,.336,.02,.24,.02,.113,-.1268508,-.2599519,-.212868,.05,-.229,-.069,-.231,-.278,-.297,-.976,-.988,-.988,-.203661,-.2775349,-.2465949,-.087,-.22,-.093,.3056924,.4676471,.1033513,.4079318,.0459802,.3433667,.419,.348,.037,.264,.014,.118,.239,.538,.142,.493,.065,.476,.012,.988,.012,.988,0,.988,.2463237,.5127167,.0916019,.4430403,.0539301,.3996567,.341,.397,.056,.272,.02,.166,-.1619548,-.3045805,-.2973865,.07,-.227,-.105,-.298,-.35,-.411,-.976,-.976,-.988,-.266393,-.3514385,-.3457266,-.056,-.217,-.145
1993-06,2.524825,.0895209,.2411458,.0759951,.1645049,.0540758,.1256409,.086,.249,.051,.168,0,.103,.092,.236,.091,.162,.086,.139,0,.012,0,0,0,0,.0975043,.2494665,.0816543,.1893796,.0559686,.1441864,.128,.33,.076,.239,0,.144,-.151625,-.0885099,-.0715651,-.163,-.117,-.103,-.145,-.072,-.053,-.012,0,0,-.1519622,-.1077253,-.0882178,-.202,-.163,-.144,.1049694,.445363,.0662505,.359968,.0473192,.3232779,.136,.378,.051,.288,0,.223,.087,.485,.075,.403,.075,.383,0,.988,0,.988,0,.988,.1023653,.4588605,.0702353,.3885153,.048051,.3458696,.157,.42,.076,.315,0,.22,-.3403936,-.2937175,-.2759587,-.243,-.237,-.223,-.398,-.327,-.307,-.988,-.988,-.988,-.3564952,-.31828,-.2978186,-.263,-.239,-.22,.1056387,.4807752,.0757728,.4279318,.0491158,.3890678,.124,.366,.072,.309,0,.244,.094,.549,.078,.498,.078,.475,.012,.988,.012,.988,.012,.988,.1031497,.5212834,.0813938,.4681576,.0501563,.4229644,.14,.401,.107,.347,0,.251,-.3751365,-.352159,-.339952,-.241,-.237,-.244,-.454,-.42,-.397,-.976,-.976,-.976,-.4181338,-.3867638,-.3728081,-.261,-.24,-.251
1993-07,2.359397,.124278,.4772173,.0622696,.1109051,.0479835,.0814148,.204,.252,.073,.172,.035,.113,.078,.608,.056,.075,.055,.063,0,1,0,.012,0,0,.124198,.5512668,.0646134,.1218134,.0478648,.0950911,.258,.347,.108,.228,.052,.167,-.3529393,-.0486355,-.0334313,-.048,-.1,-.078,-.53,-.019,-.007,-1,-.012,0,-.4270689,-.0572,-.0472263,-.089,-.12,-.115,.0983983,.5835649,.06981,.3942637,.0411447,.3282974,.161,.581,.112,.309,.035,.221,.062,.585,.045,.444,.045,.391,0,1,0,.988,0,.988,.0938574,.5622855,.0603414,.4224735,.0398472,.3529878,.194,.444,.121,.322,.052,.218,-.4851666,-.3244537,-.2871527,-.42,-.197,-.185,-.523,-.399,-.346,-1,-.988,-.988,-.4684281,-.3621322,-.3131407,-.25,-.201,-.166,.0995882,.5902657,.0637888,.3531592,.0429533,.3023218,.159,.532,.09,.229,.035,.176,.065,.624,.048,.425,.048,.376,.012,.988,.012,.988,.012,.988,.0952524,.547506,.0532823,.3742837,.0419675,.3225348,.192,.371,.089,.204,.052,.152,-.4906775,-.2893704,-.2593685,-.372,-.139,-.141,-.56,-.377,-.328,-.976,-.976,-.976,-.4522536,-.3210014,-.2805673,-.179,-.115,-.1
1993-08,2.395274,.2502009,.4671325,.0835458,.400627,.0570057,.0658478,.416,.223,.096,.157,.059,.108,.153,.61,.077,.543,.056,.041,0,1,0,1,0,.012,.1798832,.5412391,.0896475,.4688436,.0585639,.0767519,.333,.31,.142,.231,.088,.159,-.2169316,-.3170813,-.0088421,.194,-.061,-.049,-.457,-.467,.015,-1,-1,-.012,-.3613559,-.3791961,-.018188,.023,-.089,-.071,.1320047,.5032974,.078754,.4408206,.0616551,.3180544,.174,.339,.108,.278,.072,.215,.107,.6,.062,.536,.056,.378,0,1,0,1,0,.988,.1454712,.5475826,.0840355,.4769519,.0640093,.3331687,.256,.359,.16,.278,.107,.185,-.3712928,-.3620666,-.2563993,-.164,-.17,-.143,-.493,-.475,-.323,-1,-1,-.988,-.4021114,-.3929164,-.2691594,-.103,-.117,-.078,.1500081,.4943217,.0780382,.4373675,.0588189,.2875606,.233,.252,.101,.206,.059,.124,.102,.636,.064,.573,.058,.384,.012,.988,.012,.988,.012,.988,.1665567,.5403197,.0831971,.4791106,.0606875,.3257008,.342,.316,.15,.267,.088,.145,-.3443136,-.3593293,-.2287417,-.019,-.105,-.064,-.535,-.508,-.325,-.976,-.976,-.976,-.373763,-.3959135,-.2650133,.025,-.117,-.057
1993-09,2.337595,.134408,.4928756,.0730864,.3744919,.0480264,.351038,.134,.178,.041,.1,.024,.083,.134,.675,.092,.533,.062,.506,0,1,0,1,0,1,.1481235,.5613007,.0763943,.4385471,.0479793,.4110587,.196,.209,.057,.147,.036,.122,-.3584677,-.3014055,-.3030116,-.044,-.059,-.059,-.54,-.441,-.444,-1,-1,-1,-.4131772,-.3621527,-.3630794,-.013,-.09,-.086,.1063526,.5483565,.0661133,.4019896,.0410533,.3735617,.091,.304,.041,.2,.024,.176,.115,.69,.081,.519,.051,.488,0,.988,0,.988,0,.988,.115242,.564553,.0682218,.4317487,.0398067,.3984307,.132,.261,.057,.161,.036,.126,-.4420039,-.3358763,-.3325084,-.213,-.159,-.153,-.574,-.438,-.437,-.988,-.988,-.988,-.449311,-.3635269,-.358624,-.129,-.104,-.091,.1120545,.517383,.0679398,.3633678,.0428799,.3375621,.131,.205,.041,.068,.024,.052,.101,.698,.084,.534,.054,.503,.012,.988,.012,.988,.012,.988,.1219248,.564643,.0703625,.3971292,.0419475,.3698333,.191,.239,.057,.081,.036,.067,-.4053285,-.2954279,-.2946821,-.073,-.028,-.028,-.597,-.45,-.449,-.976,-.976,-.976,-.4427182,-.3267667,-.3278858,-.047,-.024,-.032
1993-10,2.299711,.0953096,.495877,.0562674,.4138999,.0295984,.3336236,.09,.186,.045,.092,0,.063,.098,.675,.063,.6,.047,.49,0,.734,0,.734,0,.734,.1088272,.5557817,.0659585,.4818762,.0346962,.3907303,.124,.265,.066,.125,0,.093,-.4005674,-.3576325,-.3040252,-.096,-.047,-.063,-.577,-.537,-.444,-.734,-.734,-.734,-.4469545,-.4159177,-.356034,-.141,-.059,-.093,.1010427,.4813249,.0539261,.4146041,.0280464,.2936449,.111,.206,.042,.118,.015,.058,.095,.641,.061,.586,.036,.43,.012,.734,0,.734,0,.734,.118091,.5390779,.0632139,.4608656,.0328769,.3412639,.164,.296,.063,.166,.022,.076,-.3802823,-.3606781,-.2655986,-.095,-.076,-.043,-.546,-.526,-.394,-.722,-.734,-.734,-.420987,-.3976516,-.308387,-.132,-.103,-.054,.1299739,.5051687,.0594014,.4320029,.0298779,.3358712,.156,.202,.082,.115,.015,.045,.115,.681,.046,.616,.039,.504,.012,.988,.012,.988,.012,.988,.1443243,.5670285,.0696323,.481261,.0350239,.3715288,.204,.291,.122,.16,.022,.067,-.3751949,-.3726015,-.3059933,-.047,-.032,-.031,-.566,-.57,-.466,-.975,-.975,-.975,-.4227042,-.4116287,-.3365049,-.087,-.038,-.046
1993-11,2.292312,.1181768,.4921805,.0581825,.4123136,.0280564,.3559901,.237,.17,.093,.065,.066,.042,.049,.68,.038,.615,.006,.539,.012,.734,0,.734,0,.734,.1178267,.5414754,.0681909,.4580658,.0328826,.4139206,.281,.238,.138,.085,.098,.05,-.3740037,-.3541312,-.3279337,.067,.029,.024,-.631,-.577,-.533,-.722,-.734,-.734,-.4236486,-.389875,-.381038,.043,.054,.048,.1121072,.4745468,.0553992,.4054871,.0186156,.3778077,.183,.128,.068,.072,.028,.072,.071,.677,.048,.6,.013,.556,.012,.734,.012,.734,0,.734,.1103565,.5213034,.0645722,.4504216,.0218178,.4179808,.199,.177,.1,.098,.042,.098,-.3624396,-.3500879,-.3591921,.055,-.004,-.045,-.606,-.552,-.543,-.722,-.722,-.734,-.4109468,-.3858494,-.396163,.022,.003,-.056,.1180014,.4878241,.0726258,.4324899,.0192307,.4029229,.167,.13,.083,.078,.025,.072,.089,.696,.066,.639,.016,.596,.012,.988,.012,.988,.012,.988,.1172646,.5368646,.0770617,.4820693,.0225387,.4474162,.176,.18,.096,.105,.037,.098,-.3698227,-.3598641,-.3836922,.037,.006,-.048,-.607,-.573,-.579,-.975,-.975,-.975,-.4196,-.4050075,-.4248776,-.004,-.009,-.061
1993-12,2.143881,.0920242,.2820784,.0470919,.1852679,.0404947,.1271834,.136,.229,.102,.099,.055,.062,.067,.313,.015,.236,.032,.165,.012,0,.012,0,0,0,.1076613,.3018817,.0550939,.1915569,.0473757,.124674,.201,.315,.151,.131,.082,.081,-.1900542,-.138176,-.0866887,-.093,.003,-.007,-.247,-.221,-.133,.012,.012,0,-.1942204,-.136463,-.0772983,-.114,.02,.001,.0688187,.4347444,.0403952,.3271312,.0317067,.2664363,.092,.298,.044,.126,.026,.07,.055,.515,.038,.445,.035,.381,.012,0,.012,0,.012,0,.0805126,.4809961,.0472593,.358033,.0370944,.2879594,.136,.419,.065,.173,.039,.094,-.3659257,-.286736,-.2347296,-.206,-.082,-.044,-.459,-.407,-.346,.012,.012,.012,-.4004835,-.3107737,-.250865,-.283,-.108,-.055,.0944798,.6028082,.0420779,.4570986,.034085,.4101377,.133,.369,.019,.128,.002,.075,.072,.74,.055,.65,.053,.606,.012,.988,.012,.988,.012,.988,.1079901,.6488255,.0492279,.5100848,.0398769,.4560791,.188,.426,.029,.176,.003,.102,-.5083284,-.4150207,-.3760527,-.237,-.108,-.074,-.667,-.595,-.553,-.975,-.975,-.975,-.5408354,-.4608569,-.4162022,-.238,-.147,-.099
1994-01,1.938906,.2677636,.266787,.0345078,.1623092,.0202155,.1187253,.108,.306,.074,.117,.041,.076,.361,.244,.011,.189,.008,.144,1,0,.012,0,0,0,.3137265,.2629935,.0404312,.1612585,.0236856,.1129983,.161,.357,.11,.149,.06,.098,.0009765,-.1278014,-.0985098,-.197,-.043,-.036,.117,-.177,-.135,1,.012,0,.0507331,-.1208273,-.0893127,-.197,-.039,-.038,.0585847,.3726534,.0311441,.2590728,.0115617,.223615,.078,.339,.069,.146,.026,.1,.047,.392,.009,.325,.003,.296,.012,0,.012,0,.012,0,.0591082,.3899493,.0364901,.278032,.0135463,.239293,.116,.416,.103,.203,.039,.145,-.3140687,-.2279287,-.2120534,-.261,-.077,-.074,-.345,-.316,-.293,.012,.012,.012,-.3308411,-.2415419,-.2257467,-.301,-.101,-.106,.0489617,.5822374,.0308118,.4907762,.0136959,.4071622,.074,.369,.038,.22,.002,.105,.034,.707,.027,.649,.021,.584,.012,.988,.012,.988,.012,.988,.0548221,.6073449,.0335566,.5213441,.0160469,.454347,.101,.365,.048,.216,.003,.153,-.5332756,-.4599644,-.3934663,-.295,-.181,-.104,-.673,-.623,-.563,-.975,-.975,-.975,-.5525228,-.4877875,-.4383,-.264,-.168,-.15
1994-02,2.018067,.2334038,.3241415,.163393,.2430765,.0152752,.1543701,.129,.441,.037,.228,.037,.052,.294,.256,.237,.252,.002,.214,.987,0,.987,0,0,0,.2733905,.2533067,.1913855,.2397653,.0178922,.1564485,.191,.293,.055,.258,.055,.068,-.0907378,-.0796836,-.1390949,-.312,-.191,-.015,.038,-.015,-.211,.987,.987,0,.0200838,-.0483798,-.1385563,-.102,-.202,-.012,.0968034,.3811094,.0085997,.2827596,.0078211,.1985141,.164,.468,.023,.25,.021,.085,.058,.33,0,.302,0,.265,0,0,0,0,0,0,.1133878,.3229685,.0100731,.2891808,.0091611,.2110891,.243,.344,.035,.301,.031,.126,-.284306,-.2741598,-.1906929,-.304,-.227,-.064,-.273,-.302,-.265,0,0,0,-.2095806,-.2791077,-.2019281,-.1,-.266,-.095,.0665444,.5692981,.0053656,.4458869,.004587,.3870873,.141,.474,.015,.187,.012,.09,.023,.625,0,.597,0,.56,0,.987,0,.987,0,.987,.0779448,.5433977,.0062848,.4802551,.0053728,.4319688,.209,.353,.022,.206,.018,.134,-.5027538,-.4405212,-.3825003,-.333,-.172,-.078,-.602,-.597,-.56,-.987,-.987,-.987,-.465453,-.4739703,-.426596,-.144,-.184,-.115
1994-03,2.08684,.323135,.3567605,.1891404,.1784178,.1483335,.1066158,.139,.428,.043,.283,.002,.095,.431,.315,.275,.117,.234,.113,.987,.013,.986,0,.986,0,.3681667,.3018706,.2212998,.0986697,.1735545,.0957617,.203,.31,.063,.114,.003,.114,-.0336255,.0107226,.0417178,-.289,-.24,-.093,.116,.158,.121,.975,.986,.986,.0662961,.1226301,.0777929,-.107,-.051,-.112,.1835906,.4451517,.047874,.2826493,.0007749,.1708994,.137,.461,.061,.327,.002,.09,.211,.436,.04,.257,0,.218,.25,.013,0,0,0,0,.2058288,.4052908,.0560139,.2206236,.0009067,.1709753,.202,.359,.09,.179,.003,.107,-.2615611,-.2347754,-.1701244,-.324,-.266,-.088,-.225,-.217,-.218,.238,0,0,-.1994619,-.1646097,-.1700686,-.157,-.089,-.104,.1443519,.5821986,.0258702,.4721034,.0048323,.380895,.144,.448,.06,.316,.013,.116,.144,.661,.006,.563,0,.536,0,.987,0,.987,0,.987,.1599185,.5733112,.0302689,.4499617,.0056539,.4243478,.213,.367,.088,.19,.019,.172,-.4378467,-.4462332,-.3760628,-.304,-.257,-.103,-.516,-.557,-.536,-.987,-.987,-.987,-.4133926,-.4196928,-.4186939,-.153,-.102,-.153
1994-04,1.941983,.1100642,.2741597,.0089336,.1982091,.0075199,.0704366,.057,.096,.023,.036,.019,.005,.141,.378,.001,.293,.001,.109,0,.013,0,.013,0,0,.1275832,.2907532,.0095256,.2049384,.0087785,.0612686,.08,.114,.031,.034,.028,.008,-.1640955,-.1892755,-.0629167,-.04,-.013,.014,-.237,-.293,-.108,-.013,-.013,0,-.16317,-.1954129,-.0524901,-.033,-.003,.02,.0704594,.4339798,.0112881,.24112,.0007813,.1602149,.045,.202,.014,.105,.002,.023,.085,.57,.01,.321,0,.24,0,.75,0,.013,0,0,.0822527,.4682254,.0131775,.2473165,.0009121,.1583587,.066,.238,.021,.11,.003,.008,-.3635204,-.2298319,-.1594336,-.157,-.091,-.021,-.485,-.311,-.24,-.75,-.013,0,-.3859726,-.234139,-.1574466,-.171,-.089,-.005,.0652165,.5365521,.0284047,.4506277,.00538,.3700175,.069,.214,.032,.107,.013,.05,.063,.726,.026,.652,.001,.558,0,.987,0,.987,0,.987,.0761324,.595812,.033159,.4996064,.0062804,.4109928,.101,.282,.047,.139,.02,.073,-.4713355,-.422223,-.3646376,-.145,-.075,-.036,-.662,-.626,-.557,-.987,-.987,-.987,-.5196796,-.4664474,-.4047124,-.181,-.092,-.053
1994-05,1.781852,.132512,.3134219,.056953,.1733008,.0283613,.086903,.218,.284,.036,.142,.02,.028,.082,.331,.069,.192,.033,.121,0,.262,0,.013,0,.013,.1546457,.3223977,.066466,.1667883,.0330986,.0959401,.321,.297,.053,.088,.03,.023,-.18091,-.1163478,-.0585417,-.065,-.105,-.008,-.249,-.123,-.088,-.262,-.013,-.013,-.167752,-.1003223,-.0628415,.024,-.034,.007,.0670549,.3858269,.0216089,.2482779,0,.1054268,.13,.209,.024,.046,0,.027,.03,.49,.02,.368,0,.152,0,1,0,.75,0,.013,.0782553,.4202333,.0252183,.2804037,0,.1175579,.19,.232,.036,.036,0,.021,-.3187719,-.226669,-.1054268,-.079,-.022,-.027,-.46,-.348,-.152,-1,-.75,-.013,-.341978,-.2551854,-.1175579,-.042,0,-.021,.0624113,.5170359,.0203394,.4191893,.0054017,.3870248,.151,.268,.038,.091,.013,.073,.01,.664,.01,.613,.001,.573,0,.987,0,.987,0,.987,.0728359,.5734878,.0237367,.4799922,.006304,.4461918,.222,.319,.055,.103,.02,.088,-.4546247,-.3988499,-.3816231,-.117,-.054,-.059,-.654,-.602,-.572,-.987,-.987,-.987,-.5006519,-.4562554,-.4398878,-.097,-.048,-.068
1994-06,1.987265,.2429567,.3024948,.1049931,.2113017,.0370868,.1054931,.331,.187,.174,.104,.01,.04,.192,.369,.065,.273,.053,.144,0,.249,0,.249,0,0,.2423411,.3379461,.1226253,.2324868,.0433151,.1176726,.417,.253,.257,.134,.015,.039,-.0595381,-.1063086,-.0684063,.144,.07,-.029,-.177,-.208,-.091,-.249,-.249,0,-.095605,-.1098616,-.0743575,.164,.122,-.024,.2361853,.4278816,.0539805,.2921187,.0181538,.2163847,.312,.174,.097,.077,.015,.03,.192,.575,.029,.417,.02,.325,0,1,0,1,0,.751,.2471934,.48439,.0630458,.3258275,.0212025,.2461384,.435,.234,.143,.091,.022,.021,-.1916964,-.2381381,-.1982309,.138,.02,-.014,-.383,-.388,-.305,-1,-1,-.751,-.2371965,-.2627816,-.224936,.2,.052,.001,.165982,.4892585,.028965,.4309233,.0071826,.386619,.259,.2,.063,.144,.004,.076,.112,.657,.009,.597,.009,.567,0,.987,0,.987,0,.986,.1652005,.5560743,.0338293,.4880713,.0083888,.4450901,.355,.272,.093,.19,.005,.09,-.3232765,-.4019583,-.3794364,.059,-.081,-.072,-.545,-.588,-.557,-.987,-.987,-.986,-.3908738,-.454242,-.4367013,.083,-.097,-.085
1994-07,2.138957,.2489793,.3854302,.1925731,.2311892,.0556282,.1513797,.337,.085,.225,.075,.117,.02,.198,.561,.174,.322,.02,.228,0,1,0,.248,0,.248,.2171856,.4393633,.1810185,.258776,.0651302,.16624,.324,.112,.261,.098,.172,.019,-.1364509,-.0386162,-.0957515,.252,.15,.097,-.363,-.148,-.208,-1,-.248,-.248,-.2221777,-.0777575,-.1011098,.212,.164,.153,.2486395,.4173342,.1957379,.3815019,.0302229,.2644205,.36,.108,.233,.092,.082,.029,.184,.598,.174,.55,0,.402,0,1,0,1,0,1,.2167878,.4741321,.1975395,.4321792,.0353854,.2950987,.359,.137,.318,.114,.121,.021,-.1686947,-.185764,-.2341976,.252,.141,.053,-.414,-.376,-.402,-1,-1,-1,-.2573443,-.2346397,-.2597134,.221,.203,.1,.1621552,.4310495,.1014214,.3598689,.0002731,.3080202,.283,.144,.153,.09,.001,.026,.092,.598,.071,.518,0,.472,0,.987,0,.987,0,.987,.1155308,.4927749,.0871125,.4103418,.0003197,.3496366,.245,.2,.199,.122,.001,.028,-.2688943,-.2584475,-.3077471,.139,.063,-.025,-.507,-.446,-.472,-.987,-.987,-.987,-.3772441,-.3232293,-.3493169,.045,.077,-.027
1994-08,2.197077,.1016286,.3764408,.0454053,.2245519,.0128511,.0890769,.174,.352,.104,.027,.033,.017,.059,.391,.011,.34,.001,.131,0,.752,0,.752,0,0,.0749596,.3559716,.0094423,.2592604,.0023415,.1010869,.107,.233,.005,.031,.005,.015,-.2748122,-.1791466,-.0762258,-.178,.077,.015,-.331,-.329,-.13,-.752,-.752,0,-.281012,-.2498181,-.0987455,-.126,-.026,-.011,.1255594,.483613,.0696154,.3394126,.0286096,.319704,.204,.43,.123,.094,.028,.078,.08,.515,.039,.483,.029,.461,0,.751,0,.751,0,.751,.085332,.4785007,.020141,.3907664,.0130402,.3677556,.16,.34,.041,.12,.041,.097,-.3580536,-.2697972,-.2910944,-.227,.029,-.05,-.435,-.444,-.432,-.751,-.751,-.751,-.3931686,-.3706253,-.3547154,-.179,-.078,-.055,.1100917,.5437561,.0655274,.3825132,.0226661,.3464355,.209,.498,.128,.13,.028,.078,.052,.57,.029,.53,.019,.504,0,.987,0,.987,0,.987,.0876357,.5513201,.0357309,.4436876,.0264637,.4015653,.168,.449,.049,.182,.041,.105,-.4336644,-.3169858,-.3237694,-.29,-.002,-.05,-.518,-.501,-.484,-.987,-.987,-.987,-.4636844,-.4079567,-.3751015,-.281,-.133,-.063
1994-09,2.203634,.1726716,.523807,.0454241,.346681,.0201316,.2047179,.156,.401,.097,.303,.036,.007,.183,.596,.015,.372,.011,.322,0,.751,0,.751,0,.751,.1850823,.4975173,.0376028,.3213953,.008037,.2364515,.173,.271,.091,.162,0,0,-.3511354,-.3012569,-.1845863,-.245,-.206,.029,-.414,-.357,-.311,-.751,-.751,-.751,-.312435,-.2837925,-.2284145,-.098,-.072,0,.0888981,.5441295,.0437605,.3796925,.0224742,.2557215,.149,.469,.114,.312,.057,.029,.053,.589,.002,.419,.002,.39,0,.751,0,.751,0,.751,.0899455,.5390776,.0384486,.3573994,.0135659,.2934875,.172,.362,.126,.167,.041,.024,-.4552314,-.335932,-.2332473,-.32,-.198,.028,-.535,-.417,-.388,-.751,-.751,-.751,-.4491322,-.3189508,-.2799217,-.19,-.041,.017,.0784885,.5725359,.0401867,.4128574,.0235238,.2791634,.142,.462,.107,.368,.062,.109,.041,.638,.001,.439,.001,.38,0,1,0,.987,0,.987,.0777772,.5516885,.0342709,.3987523,.0147928,.3234748,.161,.352,.115,.258,.048,.151,-.4940474,-.3726707,-.2556396,-.32,-.261,-.047,-.597,-.438,-.379,-1,-.987,-.987,-.4739113,-.3644814,-.3086819,-.19,-.143,-.103
1994-10,2.062226,.1835965,.3103114,.1076305,.2567833,.0288718,.18447,.221,.414,.106,.375,.056,.303,.162,.249,.109,.187,.013,.115,0,0,0,0,0,0,.2007596,.2399338,.1120696,.1848752,.0210098,.1314266,.28,.289,.109,.232,.04,.161,-.1267149,-.1491528,-.1555983,-.193,-.27,-.247,-.088,-.078,-.102,0,0,0,-.0391743,-.0728056,-.1104167,-.009,-.122,-.121,.1006144,.4537267,.034984,.2968996,.0243604,.1668581,.204,.457,.086,.393,.064,.251,.04,.452,.005,.24,.001,.117,0,.248,0,0,0,0,.1038783,.4045388,.0272551,.2494575,.0157428,.1082576,.255,.343,.081,.248,.052,.076,-.3531123,-.2619156,-.1424976,-.253,-.307,-.187,-.412,-.236,-.116,-.248,0,0,-.3006605,-.2222024,-.0925147,-.088,-.167,-.024,.1210431,.5996909,.0531099,.4589548,.0214827,.3555318,.15,.518,.079,.429,.057,.359,.104,.647,.038,.477,.001,.353,0,.987,0,.987,0,.987,.1277288,.5467361,.048417,.4386561,.0123832,.3311404,.176,.337,.07,.301,.04,.244,-.4786478,-.4058448,-.334049,-.368,-.35,-.303,-.544,-.439,-.353,-.987,-.987,-.987,-.4190074,-.3902391,-.3187572,-.162,-.232,-.203
1994-11,2.062795,.2541636,.2182613,.0987023,.1313405,.08814,.0857242,.189,.26,.104,.115,.076,.075,.293,.193,.095,.141,.095,.092,.739,0,0,0,0,0,.2555689,.2411672,.1025355,.1427975,.090217,.0971537,.139,.362,.11,.159,.069,.101,.0359024,-.0326382,.0024158,-.071,-.01,0,.099,-.046,.004,.739,0,0,.0144017,-.0402621,-.0069367,-.223,-.048,-.032,.2322036,.3276347,.0683384,.253981,.0348223,.1679817,.192,.313,.116,.128,.086,.084,.256,.336,.04,.329,.005,.218,.739,0,0,0,0,0,.2290489,.3690925,.0662143,.2831924,.0271255,.1904511,.14,.441,.125,.17,.08,.104,-.0954311,-.1856426,-.1331593,-.122,-.012,.002,-.08,-.288,-.213,.739,0,0,-.1400436,-.2169781,-.1633256,-.301,-.045,-.025,.1111647,.4813657,.0897966,.4103542,.0493816,.3282033,.117,.338,.099,.159,.068,.155,.108,.567,.084,.559,.038,.431,0,.987,0,.987,0,.987,.1160398,.5483842,.0912403,.4655657,.0441055,.3773127,.126,.477,.099,.216,.054,.209,-.370201,-.3205576,-.2788217,-.22,-.061,-.087,-.459,-.475,-.393,-.987,-.987,-.987,-.4323443,-.3743254,-.3332072,-.351,-.116,-.154
1994-12,2.103268,.3000995,.3573702,.1569035,.16388,.0086627,.1025887,.299,.275,.099,.175,.023,.094,.3,.406,.191,.157,0,.108,.987,.013,.739,0,0,0,.241589,.4081627,.1550082,.183759,.010086,.112397,.074,.399,.052,.257,.034,.137,-.0572708,-.0069765,-.093926,.025,-.076,-.07,-.106,.034,-.108,.974,.739,0,-.1665737,-.0287508,-.102311,-.326,-.205,-.103,.2841095,.4338914,.1483092,.3102132,.0139954,.2486105,.253,.382,.048,.293,.038,.128,.303,.465,.207,.32,0,.32,.987,.013,.739,0,0,0,.2380071,.4981351,.1600371,.3541357,.0037747,.2824113,.056,.56,.028,.43,.013,.187,-.149782,-.1619039,-.2346151,-.129,-.245,-.09,-.162,-.113,-.32,.974,.739,0,-.2601281,-.1940986,-.2786365,-.503,-.401,-.174,.0672222,.5695983,.0520919,.4572566,.0356259,.3928811,.087,.392,.048,.293,.038,.128,.056,.675,.054,.554,.034,.55,0,1,0,.987,0,.987,.0656268,.6561395,.0480106,.5253394,.0289593,.4503865,.085,.574,.028,.43,.013,.187,-.5023761,-.4051647,-.3572552,-.305,-.245,-.09,-.619,-.5,-.515,-1,-.987,-.987,-.5905126,-.4773288,-.4214272,-.489,-.401,-.174
1995-01,2.268834,.2276131,.3055201,.1596733,.192354,.1489701,.1248686,.117,.261,.078,.143,.076,.128,.293,.332,.208,.221,.192,.123,.74,.013,.74,.013,.739,0,.2339547,.3385905,.1573439,.2170045,.1448709,.1383606,.066,.348,.018,.21,.014,.189,-.0779069,-.0326806,.0241015,-.144,-.065,-.052,-.039,-.014,.069,.727,.727,.739,-.1046357,-.0596606,.0065103,-.282,-.193,-.174,.1564506,.3383431,.1354473,.1885918,.1341066,.1523404,.046,.375,.01,.194,.01,.179,.222,.317,.21,.185,.207,.136,.739,.013,.739,.013,.739,0,.1796375,.3477626,.157724,.2126203,.1561617,.1703749,.058,.418,.014,.286,.014,.264,-.1818924,-.0531445,-.0182338,-.329,-.184,-.169,-.095,.024,.071,.726,.726,.739,-.1681251,-.0548963,-.0142132,-.36,-.271,-.249,.0442584,.3667058,.0139272,.1684388,.0125865,.1471653,.043,.353,.01,.194,.01,.169,.045,.375,.016,.153,.014,.134,0,.261,0,.014,0,.001,.0488946,.380815,.0161109,.1891351,.0145485,.164344,.054,.385,.014,.285,.014,.249,-.3224474,-.1545116,-.1345788,-.31,-.184,-.159,-.33,-.137,-.12,-.261,-.014,-.001,-.3319204,-.1730242,-.1497955,-.331,-.271,-.235
1995-02,2.215745,.2626521,.1862466,.1555198,.1503281,.1422811,.1278873,.228,.202,.097,.118,.076,.081,.283,.177,.19,.169,.181,.155,.739,0,.739,0,.739,0,.244239,.2045858,.1527177,.1654888,.1372871,.1419226,.192,.28,.045,.166,.015,.12,.0764055,.0051917,.0143938,.025,-.022,-.005,.106,.021,.026,.739,.739,.739,.0396532,-.0127711,-.0046355,-.088,-.12,-.105,.0927022,.2919388,.0045445,.2323734,.0007984,.1265736,.099,.324,.01,.278,0,.168,.089,.273,.001,.205,.001,.102,0,.249,0,0,0,0,.087277,.306365,.0052969,.2397059,.0009305,.1475304,.143,.362,.015,.304,0,.247,-.1992367,-.227829,-.1257752,-.225,-.268,-.168,-.184,-.204,-.101,-.249,0,0,-.219088,-.234409,-.1465998,-.219,-.289,-.247,.1018154,.319251,.0084786,.2869292,.0009,.1256499,.126,.337,.021,.265,0,.168,.087,.309,.001,.3,.001,.101,0,.249,0,.249,0,0,.0978992,.3381993,.0097639,.3032944,.0009305,.1464537,.183,.381,.03,.285,0,.247,-.2174356,-.2784506,-.1247499,-.211,-.245,-.168,-.221,-.298,-.1,-.249,-.249,0,-.2403001,-.2935305,-.1455232,-.199,-.255,-.247
1995-03,2.127059,.1984373,.3358948,.0794335,.0917278,.0110519,.0578591,.199,.236,.109,.092,.03,.012,.198,.393,.062,.092,0,.084,.013,.248,0,0,0,0,.2181343,.386383,.0793168,.1042747,.012892,.0674925,.249,.331,.115,.126,.045,.018,-.1374575,-.0122944,-.0468073,-.037,.017,.018,-.195,-.029,-.084,-.235,0,0,-.1682488,-.0249579,-.0546005,-.082,-.011,.026,.1203862,.5474235,.0553919,.1964687,.0045317,.1396331,.143,.43,.053,.253,.01,.215,.107,.615,.057,.164,.001,.096,.013,.987,0,.249,0,0,.1196984,.6070966,.0637274,.1977089,.0052862,.1341359,.166,.527,.075,.266,.015,.218,-.4270373,-.1410768,-.1351014,-.286,-.2,-.204,-.508,-.107,-.095,-.975,-.249,0,-.4873982,-.1339815,-.1288497,-.361,-.19,-.203,.1207241,.5109804,.0638747,.2258791,.0083102,.1956253,.15,.425,.076,.261,.021,.194,.104,.561,.057,.205,.001,.196,0,.987,0,.249,0,.249,.1200925,.5645859,.0736225,.2320161,.0096939,.1994506,.175,.519,.11,.278,.03,.188,-.3902563,-.1620044,-.1873151,-.275,-.185,-.174,-.457,-.149,-.195,-.987,-.249,-.249,-.4444934,-.1583936,-.1897568,-.344,-.168,-.157
1995-04,2.26805,.1104851,.2758188,.0755559,.2031235,.0574449,.055161,.146,.242,.117,.14,.073,.071,.09,.295,.052,.24,.048,.046,.013,0,.013,0,0,0,.1067991,.2913395,.0754807,.2335073,.0544305,.0641128,.163,.321,.129,.197,.065,.104,-.1653337,-.1275675,.002284,-.097,-.023,.003,-.205,-.188,.002,.013,.013,0,-.1845404,-.1580266,-.0096823,-.159,-.068,-.039,.1026255,.4091535,.0721024,.348445,.0440165,.081927,.117,.241,.102,.184,.04,.139,.095,.506,.055,.444,.046,.049,.013,.739,.013,.739,0,0,.1018134,.4487768,.0714666,.4049926,.0511597,.0952226,.111,.328,.108,.271,.059,.205,-.306528,-.2763426,-.0379105,-.125,-.082,-.1,-.412,-.389,-.002,-.726,-.726,0,-.3469634,-.3335259,-.0440628,-.217,-.163,-.146,.0994403,.392414,.0462988,.3296845,.0262891,.1270175,.148,.216,.072,.151,.027,.097,.071,.495,.031,.433,.026,.144,0,.987,0,.987,0,.249,.1006914,.4293207,.0414755,.3831875,.0305554,.1476306,.167,.291,.064,.222,.039,.143,-.2929737,-.2833857,-.1007284,-.068,-.078,-.071,-.424,-.402,-.118,-.987,-.987,-.249,-.3286293,-.341712,-.1170752,-.124,-.158,-.104
1995-05,2.276389,.2640392,.3464441,.0751007,.2148852,.0282925,.1709455,.172,.213,.044,.1,.036,.07,.317,.423,.093,.281,.024,.229,1,0,.261,0,.012,0,.276559,.3821131,.0848745,.2297737,.032946,.1990618,.146,.311,.056,.147,.053,.104,-.0824049,-.1397845,-.1426529,-.041,-.056,-.034,-.106,-.188,-.205,1,.261,.012,-.1055542,-.1448992,-.1661159,-.165,-.091,-.05,.1497639,.3709452,.0448912,.2359453,.0337582,.1849014,.171,.249,.045,.124,.03,.094,.137,.441,.045,.3,.036,.237,.26,0,.012,0,.012,0,.1408144,.4031998,.0470227,.2541824,.0393106,.2153131,.136,.364,.048,.183,.045,.139,-.2211812,-.1910541,-.1511432,-.078,-.079,-.064,-.303,-.255,-.201,.26,.012,.012,-.2623853,-.2071597,-.1760026,-.228,-.135,-.094,.105869,.3785164,.0253526,.2213156,.0138931,.1705248,.18,.178,.032,.098,.017,.06,.064,.494,.021,.292,.012,.234,0,.249,0,.249,0,.249,.0923735,.4120163,.026944,.2371465,.0161782,.198572,.158,.259,.038,.145,.025,.089,-.2726475,-.1959631,-.1566317,.002,-.066,-.044,-.43,-.27,-.221,-.249,-.249,-.249,-.3196428,-.2102025,-.1823938,-.101,-.106,-.064
1995-06,2.133881,.0943217,.3946941,.0724423,.2849175,.0446232,.1664322,.102,.312,.087,.159,.021,.079,.09,.442,.064,.358,.058,.217,.012,0,.012,0,.012,0,.0786151,.4498331,.0559469,.3318672,.0519764,.1938575,.043,.451,.03,.234,.03,.116,-.3003724,-.2124752,-.121809,-.21,-.071,-.058,-.353,-.294,-.159,.012,.012,.012,-.3712181,-.2759203,-.1418811,-.408,-.203,-.086,.0784065,.4840477,.0511043,.292238,.0507698,.1677088,.04,.541,.022,.148,.021,.049,.101,.451,.068,.375,.068,.236,0,.001,0,0,0,0,.0881203,.4745049,.0591359,.333162,.0591359,.1953445,.048,.514,.03,.219,.03,.072,-.4056413,-.2411337,-.116939,-.502,-.127,-.028,-.35,-.307,-.168,-.001,0,0,-.3863846,-.2740262,-.1362087,-.466,-.188,-.042,.0852928,.4920848,.0428371,.2971375,.0184269,.1431378,.103,.5,.079,.095,.012,.03,.075,.487,.022,.413,.022,.209,0,.261,0,.248,0,.248,.0680983,.4838664,.0214633,.3388689,.0214633,.1667245,.044,.453,.018,.14,.018,.044,-.4067921,-.2543004,-.1247109,-.397,-.016,-.017,-.412,-.391,-.187,-.261,-.248,-.248,-.4157681,-.3174056,-.1452613,-.409,-.122,-.026
1995-07,1.94832,.1483352,.4792807,.0292976,.2015854,.0187186,.1452274,.329,.378,.039,.155,.03,.03,.043,.538,.024,.228,.012,.212,.012,.988,.012,0,.012,0,.0907311,.5447678,.0309499,.2318721,.021397,.1689545,.202,.511,.046,.218,.043,.044,-.3309455,-.1722878,-.1265088,-.049,-.116,0,-.494,-.205,-.2,-.975,.012,.012,-.4540367,-.2009221,-.1475575,-.309,-.172,-.002,.0940001,.636652,.0604213,.3618572,.0375262,.2180153,.086,.625,.028,.362,.021,.055,.099,.643,.079,.362,.047,.312,0,1,0,.001,0,0,.1052769,.6210763,.0671585,.3397361,.0432774,.2536344,.111,.506,.03,.251,.03,.081,-.5426518,-.3014359,-.1804891,-.54,-.334,-.034,-.544,-.283,-.265,-1,-.001,0,-.5157995,-.2725776,-.2103569,-.395,-.221,-.051,.0768622,.534224,.0342981,.3145929,.0114031,.2485857,.1,.367,.017,.147,.011,.055,.064,.631,.044,.412,.012,.361,0,1,0,.261,0,.248,.085339,.6086876,.0367674,.3633426,.0128863,.2891993,.132,.494,.015,.206,.015,.081,-.4573618,-.2802948,-.2371826,-.267,-.129,-.044,-.568,-.368,-.349,-1,-.261,-.248,-.5233486,-.3265751,-.2763129,-.362,-.191,-.066
1995-08,1.933832,.1595988,.3805323,.0501852,.2994802,.0207604,.1068359,.199,.293,.078,.228,.032,.141,.137,.431,.034,.341,.015,.087,.012,.988,.012,.988,.012,0,.1856752,.4154307,.0583082,.348621,.024167,.1243662,.291,.335,.114,.335,.046,.207,-.2209335,-.249295,-.0860754,-.094,-.15,-.11,-.294,-.306,-.073,-.975,-.975,.012,-.2297555,-.2903129,-.1001993,-.043,-.22,-.161,.1288598,.5259086,.0761116,.4707691,.045133,.2500156,.14,.479,.071,.479,.021,.312,.123,.553,.079,.466,.059,.214,0,1,0,1,0,.001,.1490698,.5060565,.0876663,.4418693,.0525388,.2124349,.202,.337,.101,.337,.03,.186,-.3970488,-.3946576,-.2048825,-.339,-.408,-.291,-.43,-.387,-.155,-1,-1,-.001,-.3569867,-.354203,-.1598961,-.135,-.235,-.156,.088141,.5398723,.0422422,.4522912,.0243388,.2880263,.079,.283,.025,.216,.01,.096,.093,.687,.052,.588,.032,.399,0,1,0,1,0,.26,.1016695,.6009164,.0482393,.5265062,.0283325,.3352877,.113,.321,.034,.318,.015,.14,-.4517314,-.410049,-.2636875,-.204,-.191,-.085,-.594,-.536,-.366,-1,-1,-.26,-.4992469,-.478267,-.3069552,-.208,-.284,-.125
1995-09,1.892786,.2344768,.395572,.06035,.2812379,.0239595,.238672,.173,.272,.045,.212,.04,.149,.27,.466,.069,.321,.015,.29,.012,.74,.012,.74,.012,.74,.2608306,.430364,.0702378,.3003673,.0278851,.2777763,.212,.295,.066,.217,.059,.217,-.1610952,-.2208879,-.2147124,-.099,-.167,-.109,-.197,-.252,-.276,-.728,-.728,-.728,-.1695334,-.2301295,-.2498913,-.083,-.152,-.159,.1848398,.4861617,.0777811,.4182557,.0338928,.374553,.122,.306,.06,.213,.013,.213,.221,.589,.088,.536,.046,.467,0,.999,0,.999,0,.999,.2029509,.5286708,.0904146,.4598344,.0393356,.4089713,.137,.344,.087,.218,.018,.218,-.3013219,-.3404747,-.3406602,-.184,-.153,-.2,-.369,-.448,-.421,-.999,-.999,-.999,-.32572,-.3694198,-.3696358,-.207,-.131,-.199,.0865461,.5792807,.0401497,.4983539,.0170393,.4216129,.09,.341,.018,.202,.013,.136,.085,.716,.053,.668,.02,.585,0,1,0,1,0,1,.0886628,.6370466,.0467279,.553056,.019831,.4906906,.089,.396,.026,.202,.018,.199,-.4927346,-.4582042,-.4045737,-.252,-.184,-.123,-.631,-.615,-.566,-1,-1,-1,-.5483838,-.5063281,-.4708596,-.306,-.176,-.18
1995-10,1.980314,.2813079,.1830096,.1230133,.1367722,.0325161,.1124681,.34,.186,.074,.118,0,.09,.247,.181,.151,.148,.051,.126,.012,0,.012,0,.012,0,.2484607,.2069298,.1426872,.1560759,.0377166,.1304554,.228,.252,.107,.163,0,.131,.0982983,-.013759,-.0799519,.154,-.044,-.09,.066,.004,-.074,.012,.012,.012,.0415308,-.0133888,-.0927389,-.024,-.055,-.131,.2589123,.2899608,.1274299,.2310493,.0389195,.1970506,.353,.217,.037,.118,.025,.09,.204,.332,.18,.297,.047,.259,0,.259,0,.259,0,.259,.2224832,.322928,.1478103,.2580772,.045144,.2285656,.248,.294,.054,.163,.036,.131,-.0310485,-.1036193,-.1581311,.137,-.081,-.065,-.128,-.117,-.212,-.259,-.259,-.259,-.1004447,-.110267,-.1834216,-.047,-.109,-.095,.2054988,.3467976,.0622901,.2722124,.0335603,.2420739,.341,.244,.034,.118,.01,.09,.127,.406,.079,.362,.047,.33,0,.26,0,.26,0,.26,.1605271,.3887459,.0722524,.3058237,.0389277,.2807896,.229,.334,.049,.163,.015,.131,-.1412989,-.2099223,-.2085136,.096,-.084,-.08,-.279,-.283,-.283,-.26,-.26,-.26,-.2282187,-.2335713,-.2418619,-.105,-.114,-.116
1995-11,1.791137,.1933974,.2324337,.1214188,.1281728,.0447079,.1021061,.189,.168,.048,.035,.021,.022,.196,.269,.163,.181,.058,.148,.012,0,.012,0,.012,0,.2014192,.2481467,.1407972,.1485202,.0518433,.1184022,.266,.195,.07,.051,.031,.033,-.0390362,-.006754,-.0573982,.02,.013,-.001,-.073,-.018,-.089,.012,.012,.012,-.0467274,-.007723,-.0665589,.071,.02,-.002,.1489275,.2422941,.0683771,.181911,.0521919,.1603623,.171,.175,.055,.086,.01,.06,.136,.281,.076,.236,.076,.218,0,0,0,0,0,0,.1498519,.2683644,.07929,.2011063,.0605217,.1769303,.24,.235,.08,.115,.015,.079,-.0933666,-.1135339,-.1081704,-.004,-.031,-.049,-.144,-.16,-.142,0,0,0,-.1185125,-.1218163,-.1164086,.005,-.034,-.064,.1456761,.2930268,.0691366,.2393758,.0336891,.1950405,.162,.217,.057,.114,.021,.06,.136,.337,.076,.311,.041,.272,0,.247,0,.247,0,.247,.1460816,.3151866,.0801707,.2676336,.0390659,.2171431,.227,.254,.083,.156,.031,.079,-.1473507,-.1702392,-.1613513,-.054,-.057,-.038,-.2,-.235,-.231,-.247,-.247,-.247,-.169105,-.1874628,-.1780772,-.027,-.072,-.048
1995-12,1.916545,.1406059,.2432678,.0654779,.1186627,.0275107,.0737876,.186,.181,.14,.121,.036,.025,.114,.279,.023,.117,.023,.102,.259,0,.012,0,.012,0,.1599952,.2601961,.0756103,.123171,.0319293,.0830227,.26,.187,.203,.126,.052,.027,-.1026619,-.0531847,-.0462769,.006,.019,.011,-.165,-.095,-.079,.259,.012,.012,-.1002008,-.0475608,-.0510934,.074,.077,.026,.1456051,.3820414,.0863981,.1411025,.0366543,.1197953,.128,.295,.109,.083,.03,.049,.156,.432,.073,.174,.041,.16,.259,0,0,0,0,0,.1689912,.4331928,.1002747,.1611492,.0425414,.1364198,.186,.395,.159,.112,.043,.062,-.2364363,-.0547045,-.083141,-.168,.026,-.019,-.276,-.101,-.12,.259,0,0,-.2642016,-.0608745,-.0938784,-.209,.047,-.019,.1136989,.4292521,.081038,.176638,.0353672,.1557591,.143,.329,.095,.129,.026,.051,.097,.487,.073,.204,.041,.216,.012,0,0,0,0,0,.1319604,.4760519,.0940538,.190458,.0410476,.1781598,.209,.402,.138,.138,.038,.065,-.3155532,-.0956,-.1203919,-.185,-.035,-.025,-.39,-.13,-.175,.012,0,0,-.3440914,-.0964041,-.1371122,-.193,-.001,-.027
1996-01,1.935663,.2700768,.1702882,.0548153,.1179675,.047814,.0748179,.549,.159,.132,.077,.125,.05,.108,.177,.01,.142,.003,.089,.012,0,.012,0,.012,0,.1981182,.1651445,.0603305,.1249768,.0551166,.0748821,.43,.191,.181,.071,.181,.032,.0997886,-.0631522,-.0270038,.39,.055,.075,-.068,-.132,-.086,.012,.012,.012,.0329736,-.0646463,-.0197655,.239,.11,.149,.1673731,.4424581,.0653634,.2865304,.0582758,.1085248,.232,.162,.075,.1,.066,.077,.13,.605,.06,.395,.054,.127,.012,.742,.012,0,0,0,.1573024,.4811212,.0758839,.3326486,.0676556,.1259923,.237,.195,.109,.145,.096,.111,-.275085,-.221167,-.050249,.07,-.025,-.01,-.475,-.335,-.073,-.73,.012,0,-.3238187,-.2567647,-.0583367,.041,-.036,-.015,.2470849,.3377487,.0835869,.3077239,.0727573,.1313127,.431,.143,.091,.111,.072,.092,.14,.45,.079,.422,.073,.154,.012,0,.012,0,0,0,.171819,.3595584,.0970405,.3452753,.0844678,.1404699,.259,.168,.132,.121,.104,.093,-.0906638,-.2241371,-.0585554,.288,-.02,-.02,-.31,-.342,-.081,.012,.012,0,-.1877394,-.2482347,-.0560021,.092,.011,.011
1996-02,1.916569,.2131468,.2585544,.1395766,.0985513,.0240065,.0815844,.38,.137,.291,.084,.059,.048,.118,.328,.053,.107,.004,.101,0,.743,0,0,0,0,.1530739,.2887727,.0752908,.1026609,.027525,.0829255,.255,.159,.152,.082,.085,.029,-.0454076,.0410253,-.0575779,.243,.207,.011,-.21,-.054,-.097,-.743,0,0,-.1356988,-.0273701,-.0554005,.096,.07,.056,.0835285,.4134309,.051448,.3261582,.022359,.1783489,.174,.173,.048,.092,.025,.047,.032,.55,.054,.46,.021,.253,0,.744,0,.743,0,0,.080395,.4481811,.0512707,.3467728,.0260074,.2074512,.224,.212,.067,.093,.036,.069,-.3299024,-.2747102,-.1559899,.001,-.044,-.022,-.518,-.406,-.232,-.744,-.743,0,-.3677861,-.2955022,-.1814438,.012,-.026,-.033,.1728128,.3848653,.1329838,.220558,.0389841,.1865543,.38,.11,.232,.067,.03,.022,.055,.541,.077,.308,.044,.28,0,.744,0,0,0,0,.1061584,.4149543,.0680212,.2239412,.0453454,.2169954,.255,.12,.066,.057,.044,.033,-.2120524,-.0875741,-.1475701,.269,.165,.008,-.486,-.231,-.236,-.744,0,0,-.3087959,-.15592,-.17165,.135,.009,.011
1996-03,2.031498,.2663261,.2409834,.1153854,.0818022,.1128036,.036752,.366,.282,.284,.109,.235,.06,.209,.218,.018,.066,.043,.023,.243,.012,0,0,0,0,.2026131,.2682958,.0484584,.0832279,.0531424,.0308514,.239,.37,.12,.119,.074,.047,.0253427,.0335831,.0760516,.084,.175,.174,-.008,-.048,.02,.231,0,0,-.0656827,-.0347695,.022291,-.131,.001,.027,.1814435,.3424062,.0486561,.2305615,.0364944,.1771019,.388,.301,.101,.107,.025,.064,.063,.366,.018,.302,.043,.242,0,.013,0,.001,0,0,.1252592,.3648797,.0484584,.2348464,.0424293,.1726929,.271,.398,.12,.115,.037,.053,-.1609627,-.1819054,-.1406075,.087,-.006,-.039,-.303,-.283,-.199,-.013,-.001,0,-.2396205,-.186388,-.1302636,-.127,.005,-.016,.1789653,.3123193,.1183722,.1905032,.1032237,.1762316,.381,.256,.293,.072,.208,.049,.063,.345,.018,.259,.043,.249,0,.013,0,.001,0,0,.122378,.3511291,.051931,.2095027,.0424293,.1930137,.261,.332,.132,.063,.037,.031,-.133354,-.072131,-.0730079,.125,.221,.159,-.282,-.24,-.206,-.013,-.001,0,-.2287511,-.1575717,-.1505845,-.071,.069,.006
1996-04,2.067476,.288818,.2550585,.1785335,.180983,.0962288,.054632,.317,.181,.229,.14,.198,.043,.273,.298,.149,.205,.037,.061,0,.256,0,.012,0,0,.2063687,.2958793,.1092778,.2105951,.0340487,.0635708,.089,.262,.068,.205,.022,.063,.0337595,-.0024495,.0415967,.136,.089,.155,-.025,-.055,-.024,-.256,-.012,0,-.0895106,-.1013173,-.0295222,-.172,-.137,-.04,.2184771,.226907,.1335772,.1475383,.0343159,.0745154,.332,.222,.251,.144,.029,.046,.153,.23,.065,.15,.037,.091,0,.256,0,.012,0,0,.1450609,.2632241,.0775079,.1716783,.0395187,.0867075,.111,.322,.1,.211,.041,.067,-.0084299,-.0139612,-.0401996,.11,.107,-.017,-.077,-.084,-.054,-.256,-.012,0,-.1181632,-.0941704,-.0471888,-.211,-.11,-.026,.2385897,.323893,.131826,.239667,.0991786,.1532261,.334,.215,.247,.123,.206,.024,.184,.387,.065,.307,.037,.228,0,.256,0,.013,0,.001,.1452858,.3759764,.0754703,.2787786,.0374811,.1781943,.104,.312,.093,.18,.034,.035,-.0853032,-.107841,-.0540475,.119,.123,.182,-.203,-.241,-.19,-.256,-.013,-.001,-.2306906,-.2033083,-.1407132,-.207,-.087,-.001
1996-05,2.085625,.2349148,.2202466,.1185913,.1787728,.0660911,.1534556,.074,.199,0,.103,0,.08,.329,.233,.188,.223,.105,.196,0,.012,0,.012,0,.012,.2652689,.2555822,.1380408,.2073065,.0769303,.178623,.108,.288,0,.148,0,.118,.0146682,-.0601815,-.0873645,-.125,-.103,-.08,.096,-.035,-.091,-.012,-.012,-.012,.0096867,-.0692657,-.1016927,-.18,-.148,-.118,.1749523,.193194,.0740583,.1562197,.0285474,.1209882,.048,.27,0,.153,0,.081,.249,.149,.117,.158,.045,.144,0,.255,0,.255,0,.255,.1954724,.2222458,.0862042,.1818404,.0332294,.1408308,.07,.386,0,.224,0,.119,-.0182417,-.0821613,-.0924408,-.222,-.153,-.081,.1,-.041,-.099,-.255,-.255,-.255,-.0267734,-.0956362,-.1076014,-.316,-.224,-.119,.1176101,.3041925,.0763312,.2449719,.0285474,.2122956,.036,.324,.006,.144,0,.076,.165,.293,.117,.304,.045,.292,0,.243,0,.243,0,.243,.1260802,.3514485,.0862042,.2851483,.0332294,.2471129,.044,.466,0,.21,0,.111,-.1865824,-.1686407,-.1837481,-.288,-.137,-.076,-.128,-.187,-.246,-.243,-.243,-.243,-.2253683,-.1989441,-.2138836,-.421,-.21,-.111
1996-06,1.988682,.2005877,.1958107,.0886591,.0988572,.0405626,.0695878,.122,.288,.061,.131,0,.061,.246,.142,.105,.08,.064,.075,.243,.012,0,.012,0,.012,.2127243,.1628486,.0954991,.1150674,.0472139,.0809986,.134,.27,.09,.192,0,.089,.004777,-.010198,-.0290253,-.166,-.07,-.061,.104,.024,-.011,.231,-.012,-.012,.0498757,-.0195684,-.0337848,-.136,-.102,-.089,.1323145,.2370381,.0439262,.100662,.0060962,.0701849,.073,.294,.035,.141,0,.055,.167,.204,.049,.077,.01,.079,.001,.012,0,.012,0,.012,.1428099,.2108363,.043431,.1171682,.0070958,.0816936,.095,.278,.051,.206,0,.081,-.1047236,-.0567358,-.0640887,-.22,-.106,-.055,-.038,-.028,-.069,-.011,-.012,-.012,-.0680265,-.0737372,-.0745978,-.183,-.155,-.081,.1194071,.3257635,.0216806,.153872,.0083526,.1012725,.058,.395,.024,.195,.006,.044,.155,.285,.02,.13,.01,.134,0,0,0,0,0,0,.127786,.3141106,.0149111,.1791034,.0070958,.1178788,.073,.427,.027,.286,0,.064,-.2063564,-.1321914,-.0929199,-.337,-.171,-.038,-.13,-.11,-.125,0,0,0,-.1863246,-.1641922,-.110783,-.354,-.259,-.064
1996-07,2.072591,.3032368,.3072917,.1639383,.1229475,.0633404,.0908593,.316,.341,.041,.191,.007,.13,.296,.288,.235,.084,.096,.069,.243,.757,.243,.012,0,.012,.2597929,.3455074,.1754818,.1311435,.0664385,.1056554,.169,.459,.033,.24,.011,.19,-.0040548,.0409908,-.027519,-.025,-.15,-.122,.008,.151,.027,-.515,.23,-.012,-.0857145,.0443383,-.0392169,-.291,-.207,-.179,.2319915,.3913491,.082829,.1584936,.0283043,.0909676,.325,.307,.023,.196,.007,.134,.178,.44,.118,.137,.04,.066,.243,.757,.001,.012,0,.012,.1821395,.4406578,.0890009,.1698826,.0256969,.1057813,.199,.401,.033,.238,.011,.196,-.1593576,-.0756646,-.0626633,.018,-.174,-.126,-.261,-.019,-.026,-.515,-.011,-.012,-.2585183,-.0808818,-.0800844,-.202,-.205,-.185,.2279199,.367204,.0753101,.1936526,.0102182,.1442396,.334,.386,.023,.298,.007,.189,.167,.356,.106,.134,.012,.119,.242,.757,0,0,0,0,.1774047,.4125807,.0802576,.2107672,.0046656,.1677285,.213,.517,.033,.387,.011,.277,-.1392841,-.1183425,-.1340214,-.052,-.275,-.181,-.19,-.028,-.107,-.516,0,0,-.2351759,-.1305096,-.1630629,-.304,-.354,-.266
1996-08,1.955182,.2616632,.376415,.1157348,.2360494,.0343978,.0679721,.23,.372,.204,.222,.007,.111,.28,.379,.065,.244,.05,.043,0,.758,0,.758,0,.012,.1969861,.4334713,.0494808,.2739809,.0325415,.0788947,.058,.533,.03,.325,.011,.162,-.1147518,-.1203146,-.0335743,-.142,-.018,-.103,-.099,-.179,.007,-.758,-.758,-.012,-.2364852,-.2245,-.0463532,-.474,-.295,-.152,.222981,.4326352,.1254505,.2849264,.0518077,.1127316,.23,.325,.204,.217,.007,.12,.219,.495,.08,.324,.077,.109,0,.758,0,.758,0,.012,.1547087,.5013924,.0607578,.330712,.0527491,.1308468,.068,.473,.03,.317,.011,.176,-.2096542,-.1594759,-.060924,-.095,-.013,-.113,-.276,-.244,-.031,-.758,-.758,-.012,-.3466837,-.2699542,-.0780978,-.406,-.287,-.165,.2085946,.3661607,.0588402,.3039244,.0491892,.1388658,.045,.335,.021,.263,0,.191,.303,.384,.08,.328,.077,.109,0,.758,0,.758,0,0,.2154784,.4242358,.0609116,.3527629,.0497098,.1611805,.065,.488,.031,.385,0,.28,-.157566,-.2450842,-.0896766,-.29,-.242,-.191,-.082,-.247,-.032,-.758,-.758,0,-.2087574,-.2918513,-.1114707,-.423,-.354,-.28
1996-09,2.16406,.2631727,.2899453,.2236117,.1920539,.0917788,.1622375,.287,.23,.194,.147,.184,.086,.25,.324,.24,.218,.039,.206,0,.758,0,.758,0,.758,.2050874,.3359835,.1591409,.2222914,.0292055,.1884242,.142,.334,.007,.213,.003,.126,-.0267726,.0315578,-.0704587,.056,.047,.098,-.074,.023,-.167,-.758,-.758,-.758,-.130896,-.0631505,-.1592187,-.192,-.205,-.123,.2554571,.3588038,.1701673,.2187188,.1139564,.1755057,.258,.331,.195,.113,.194,.083,.254,.375,.156,.279,.068,.229,0,1,0,.758,0,.758,.1934622,.3853546,.0996558,.2532603,.0549628,.203834,.091,.376,.017,.163,.017,.121,-.1033467,-.0485515,-.0615494,-.074,.082,.112,-.12,-.124,-.161,-1,-.758,-.758,-.1918924,-.1536045,-.1488712,-.285,-.146,-.103,.1391248,.3915298,.0992787,.2599695,.0430677,.2167564,.075,.318,.001,.125,0,.095,.176,.434,.156,.338,.068,.287,0,1,0,.758,0,.758,.1356422,.4233627,.0946146,.3011692,.0499215,.2517429,.09,.357,0,.18,0,.138,-.252405,-.1606908,-.1736887,-.243,-.124,-.094,-.258,-.182,-.219,-1,-.758,-.758,-.2877205,-.2065547,-.2018214,-.267,-.18,-.138
1996-10,2.206315,.3658708,.2375819,.1354246,.1789153,.1274269,.1488935,.374,.137,.014,.053,.008,.03,.361,.296,.205,.252,.196,.217,0,.759,0,.759,0,.759,.3139812,.2628922,.1536771,.2065976,.1444089,.171807,.166,.156,.008,.074,0,.041,.128289,-.0434906,-.0214666,.238,-.039,-.022,.065,-.046,-.021,-.759,-.759,-.759,.051089,-.0529205,-.0273981,.01,-.066,-.041,.3426834,.2951676,.2017585,.226926,.1356658,.1516045,.275,.174,.214,.083,.196,.03,.382,.365,.195,.309,.101,.221,0,1,0,1,0,.759,.3141278,.320665,.1508175,.2604499,.0796094,.1756862,.115,.205,.026,.113,.018,.044,.0475159,-.0251675,-.0159387,.101,.131,.165,.017,-.115,-.12,-1,-1,-.759,-.0065372,-.1096323,-.0960767,-.09,-.086,-.026,.2492436,.4002746,.0714801,.2615886,.0647077,.2023482,.357,.119,.02,.025,.001,.015,.188,.562,.101,.398,.101,.31,0,.999,0,.999,0,.759,.1788282,.4424678,.0769553,.3006185,.0744902,.2344903,.14,.125,.008,.027,0,.022,-.1510311,-.1901085,-.1376406,.237,-.005,-.014,-.374,-.296,-.209,-.999,-.999,-.759,-.2636396,-.2236633,-.1600001,.016,-.019,-.022
1996-11,2.382828,.2623917,.2701594,.1720598,.1946747,.1158631,.1609437,.287,.233,.156,.091,.008,.033,.248,.291,.181,.254,.178,.235,0,.759,0,.759,0,.759,.2634824,.2738002,.1685301,.2135671,.1312803,.1861212,.304,.271,.121,.09,0,.045,-.0077677,-.0226148,-.0450806,.054,.065,-.025,-.043,-.073,-.057,-.759,-.759,-.759,-.0103177,-.045037,-.0548409,.032,.031,-.045,.2113123,.3006161,.1343033,.2157466,.0774478,.16033,.245,.259,.082,.121,.019,.047,.192,.325,.165,.271,.111,.226,0,.759,0,.759,0,.759,.2141068,.3099173,.1526916,.2387875,.0870666,.186162,.25,.312,.108,.136,.018,.068,-.0893037,-.0814433,-.0828822,-.014,-.039,-.028,-.133,-.106,-.115,-.759,-.759,-.759,-.0958105,-.0860958,-.0990954,-.062,-.028,-.051,.1941252,.2963317,.1242786,.2092367,.0669464,.1545195,.245,.209,.136,.081,.008,.001,.165,.347,.118,.283,.101,.243,0,.759,0,.759,0,.759,.1941506,.3049426,.1130505,.2312286,.0744824,.1794153,.25,.239,.091,.078,0,.002,-.1022065,-.084958,-.0875731,.035,.055,.006,-.182,-.166,-.142,-.759,-.759,-.759,-.1107921,-.1181781,-.1049329,.011,.013,-.002
1996-12,2.308551,.190178,.4482853,.0808242,.2605853,.0590637,.2065998,.199,.478,.128,.182,.079,.081,.185,.431,.054,.306,.048,.279,0,.76,0,.76,0,.76,.1842185,.4113286,.0649889,.2705457,.0397069,.2276129,.192,.391,.087,.223,.016,.076,-.2581072,-.1797611,-.1475361,-.279,-.054,-.002,-.246,-.252,-.231,-.76,-.76,-.76,-.22711,-.2055568,-.187906,-.199,-.136,-.06,.1752404,.4959541,.1265926,.2540485,.0759263,.1957473,.258,.431,.144,.149,.03,.083,.128,.533,.116,.315,.102,.261,0,.76,0,.76,0,.76,.1641644,.4783966,.1154646,.2753711,.0850222,.2274242,.268,.362,.102,.218,.033,.121,-.3207137,-.1274559,-.119821,-.173,-.005,-.053,-.406,-.198,-.158,-.76,-.76,-.76,-.3142322,-.1599065,-.1424021,-.094,-.115,-.088,.1707446,.4486777,.1228276,.2450851,.096016,.1861641,.228,.405,.134,.095,.085,.043,.138,.474,.116,.332,.102,.269,0,.76,0,.76,0,.76,.1589411,.4234697,.1110903,.2649572,.0799399,.2162903,.225,.324,.087,.138,.016,.063,-.2779331,-.1222574,-.0901481,-.177,.039,.042,-.336,-.216,-.166,-.76,-.76,-.76,-.2645286,-.1538669,-.1363504,-.099,-.051,-.048
1997-01,2.218413,.0989811,.618182,.0596472,.3513961,.0199013,.2021727,.113,.494,.089,.373,.017,.097,.091,.69,.043,.339,.021,.263,0,.76,0,.76,0,.76,.1073351,.6037742,.0616578,.2992145,.0231108,.2030167,.166,.396,.131,.237,.026,.1,-.5192009,-.2917489,-.1822714,-.38,-.284,-.08,-.599,-.296,-.241,-.76,-.76,-.76,-.4964391,-.2375566,-.179906,-.23,-.107,-.074,.1163756,.6463904,.101462,.4454198,.0565648,.2171792,.134,.44,.123,.362,.017,.08,.106,.765,.089,.493,.079,.296,0,.999,0,.76,0,.748,.1275348,.6509531,.1102161,.4200403,.065687,.232791,.196,.367,.179,.261,.026,.117,-.5300148,-.3439578,-.1606144,-.307,-.24,-.063,-.658,-.404,-.217,-.999,-.76,-.748,-.5234182,-.3098242,-.167104,-.172,-.082,-.092,.1138558,.5397741,.0980438,.3352058,.0565648,.2036435,.125,.412,.112,.333,.017,.071,.107,.613,.09,.336,.079,.28,0,.999,0,.76,0,.748,.1246087,.5465554,.1062467,.3114648,.065687,.2364851,.184,.325,.164,.219,.026,.104,-.4259182,-.2371619,-.1470787,-.286,-.222,-.054,-.506,-.246,-.201,-.999,-.76,-.748,-.4219467,-.2052181,-.1707981,-.141,-.056,-.079
1997-02,2.267965,.0907184,.3137387,.0600993,.2788815,.0479718,.108184,.161,.155,.105,.111,.1,.09,.05,.405,.034,.375,.018,.119,0,0,0,0,0,0,.0972339,.3214416,.0616697,.2891143,.0475836,.0935902,.235,.147,.154,.111,.145,.089,-.2230204,-.2187823,-.0602122,.006,-.006,.01,-.355,-.341,-.101,0,0,0,-.2242077,-.2274447,-.0460066,.088,.043,.057,.0629572,.5117153,.049361,.4369703,.0461264,.2926604,.107,.268,.079,.081,.071,.065,.038,.652,.032,.642,.032,.423,0,.987,0,.987,0,.748,.0731252,.5427235,.0573331,.5068741,.053576,.3392574,.156,.213,.116,.116,.103,.093,-.448758,-.3876092,-.246534,-.161,-.001,.005,-.614,-.61,-.391,-.987,-.987,-.748,-.4695984,-.449541,-.2856814,-.058,0,.01,.0837135,.3725536,.054605,.3072579,.0513704,.2249036,.11,.216,.094,.071,.085,.045,.069,.463,.032,.443,.032,.328,0,.987,0,.987,0,.748,.0774132,.3926632,.063424,.3562125,.059667,.2605576,.16,.177,.137,.101,.124,.064,-.2888401,-.2526529,-.1735332,-.106,.023,.04,-.394,-.411,-.296,-.987,-.987,-.748,-.3152499,-.2927885,-.2008906,-.017,.035,.06
1997-03,2.076184,.1348137,.254709,.0268324,.1444586,.0065573,.1309193,.13,.286,.041,.124,.008,.104,.138,.237,.019,.157,.006,.146,.012,0,0,0,0,0,.1537589,.2736422,.0311523,.1456417,.007613,.1380669,.181,.343,.059,.105,.011,.105,-.1198953,-.1176262,-.124362,-.156,-.083,-.097,-.099,-.138,-.14,.012,0,0,-.1198833,-.1144893,-.1304539,-.162,-.045,-.093,.1480987,.2916229,.0305919,.1884442,.0235342,.1402265,.185,.315,.077,.203,.064,.071,.127,.278,.004,.18,0,.18,.012,0,0,0,0,0,.1498281,.2794201,.0355171,.1671594,.0273232,.1628028,.261,.282,.113,.12,.094,.105,-.1435242,-.1578523,-.1166923,-.13,-.126,-.007,-.151,-.176,-.18,.012,0,0,-.129592,-.1316423,-.1354796,-.021,-.006,-.01,.0951307,.4386925,.0071513,.3205746,.0015111,.2711883,.057,.328,.005,.176,.002,.041,.117,.502,.008,.404,.001,.404,0,.987,0,.987,0,.987,.1077795,.4501677,.0083027,.332093,.0017543,.3148493,.074,.302,.007,.12,.003,.06,-.3435619,-.3134233,-.2696773,-.271,-.171,-.039,-.385,-.395,-.402,-.987,-.987,-.987,-.3423882,-.3237903,-.3130949,-.228,-.112,-.057
1997-04,1.87925,.1984172,.3203066,.0515885,.1306397,.017115,.0875989,.054,.503,.022,.136,.013,.086,.282,.215,.069,.128,.02,.089,.251,0,.012,0,0,0,.2108551,.2507698,.059764,.1430336,.0198273,.0931719,.076,.344,.032,.169,.019,.096,-.1218894,-.0790512,-.0704839,-.449,-.114,-.073,.067,-.059,-.069,.251,.012,0,-.0399148,-.0832696,-.0733446,-.267,-.137,-.078,.2174511,.3285093,.080225,.1692989,.0274464,.1352566,.155,.515,.095,.215,.069,.175,.254,.221,.072,.143,.003,.112,.251,0,.012,0,0,0,.2329053,.2577514,.0746067,.1495358,.031796,.1169486,.223,.352,.138,.177,.101,.119,-.1110582,-.0890739,-.1078102,-.36,-.12,-.106,.033,-.071,-.109,.251,.012,0,-.0248461,-.0749291,-.0851526,-.129,-.038,-.018,.0699518,.4225432,.0253548,.2052129,-.0152209,.1711706,.072,.59,.012,.215,.003,.175,.069,.326,.033,.2,-.026,.169,.001,0,0,0,0,0,.080363,.3666875,.029373,.1911414,-.017633,.1585541,.103,.462,.018,.177,.005,.119,-.3525914,-.179858,-.1863915,-.518,-.203,-.172,-.257,-.167,-.195,.001,0,0,-.2863246,-.1617684,-.1761871,-.359,-.159,-.115
1997-05,1.665196,.3105165,.4278489,.0899863,.2668349,.0145879,.1143697,.236,.51,.041,.416,.019,.09,.353,.381,.118,.182,.012,.128,.762,0,.013,0,.012,0,.3479114,.3765495,.1036494,.1898775,.0169125,.1170052,.301,.355,.058,.218,.027,.105,-.1173323,-.1768486,-.0997818,-.274,-.375,-.072,-.028,-.065,-.116,.762,.013,.012,-.0286381,-.0862281,-.1000928,-.054,-.161,-.078,.1196797,.4237987,.0524264,.2737547,.029589,.1543758,.221,.553,.126,.424,.075,.173,.062,.351,.011,.188,.004,.144,0,0,0,0,0,0,.1241826,.3690427,.0601043,.1950889,.034304,.1327049,.272,.408,.182,.221,.11,.118,-.3041191,-.2213284,-.1247869,-.331,-.298,-.097,-.289,-.178,-.14,0,0,0,-.2448601,-.1349846,-.0984009,-.136,-.039,-.008,.1594369,.5280265,.0474408,.3754932,.0262739,.1768317,.213,.561,.046,.462,0,.135,.129,.509,.048,.326,.041,.2,0,0,0,0,0,0,.1702753,.4898794,.0543242,.3130395,.0304607,.1587391,.26,.42,.065,.277,0,.063,-.3685896,-.3280524,-.1505578,-.348,-.416,-.135,-.38,-.278,-.159,0,0,0,-.3196041,-.2587153,-.1282784,-.16,-.211,-.063
1997-06,1.792415,.1528105,.3003162,.1053838,.2125348,.0667503,.1634751,.017,.344,.006,.262,0,.224,.229,.276,.161,.185,.104,.129,0,.001,0,0,0,0,.17668,.2896898,.1218451,.2114923,.0771769,.1547692,.025,.363,.008,.261,0,.207,-.1475058,-.1071511,-.0967248,-.327,-.256,-.224,-.047,-.024,-.025,-.001,0,0,-.1130098,-.0896472,-.0775923,-.338,-.253,-.207,.0766685,.4323517,.0586424,.2063461,.0256044,.1376401,.088,.371,.071,.257,.071,.17,.07,.467,.052,.178,0,.12,0,.762,0,0,0,0,.0885559,.4710093,.0678025,.2279978,.0296039,.1485596,.128,.503,.104,.337,.104,.21,-.3556832,-.1477038,-.1120357,-.283,-.186,-.098,-.397,-.126,-.12,-.762,0,0,-.3824534,-.1601953,-.1189557,-.375,-.233,-.106,.0820844,.5013944,.0519666,.3000888,0,.2401998,.048,.352,0,.239,0,.162,.101,.585,.081,.335,0,.284,0,.761,0,0,0,0,.0948178,.5508366,.060084,.3363834,0,.2671395,.07,.475,0,.31,0,.199,-.41931,-.2481221,-.2401998,-.303,-.239,-.162,-.484,-.253,-.284,-.761,0,0,-.4560188,-.2762994,-.2671395,-.404,-.31,-.199
1997-07,1.643606,.2022842,.3367558,.1145775,.2453422,.0939197,.1684476,.058,.458,.017,.249,.006,.191,.284,.268,.17,.243,.144,.156,.238,0,.238,0,.238,0,.2335494,.3327881,.1322867,.2283457,.108436,.1600666,.084,.532,.025,.232,.008,.158,-.1344716,-.1307647,-.0745279,-.4,-.231,-.186,.016,-.074,-.012,.238,.238,.238,-.0992388,-.0960589,-.0516307,-.448,-.207,-.15,.1647849,.2695396,.0408858,.2025193,.0135331,.1449383,.049,.313,.027,.213,.01,.177,.23,.245,.049,.196,.016,.127,0,0,0,0,0,0,.1901674,.2794071,.0471183,.2052197,.0156248,.1567729,.07,.406,.039,.273,.014,.22,-.1047547,-.1616336,-.1314052,-.265,-.187,-.167,-.014,-.148,-.111,0,0,0,-.0892397,-.1581014,-.1411481,-.336,-.234,-.206,.1518566,.3667154,.036066,.2711154,.0289755,.2085204,.114,.332,.017,.153,0,.107,.173,.386,.047,.338,.045,.266,.001,.011,0,.011,0,0,.1413265,.3916024,.0415536,.284418,.0334539,.2301823,.072,.434,.025,.185,0,.119,-.2148588,-.2350494,-.1795449,-.218,-.136,-.107,-.213,-.291,-.22,-.01,-.011,0,-.2502759,-.2428645,-.1967284,-.361,-.16,-.119
1997-08,1.628105,.1627659,.3174188,.027253,.2099029,.0083856,.1432894,.061,.265,.006,.236,.006,.064,.22,.347,.04,.195,.01,.188,.75,0,0,0,0,0,.1855238,.3369336,.0314806,.2200992,.0096864,.1466584,.08,.371,.008,.329,.008,.092,-.1546528,-.1826499,-.1349038,-.203,-.23,-.058,-.127,-.156,-.178,.75,0,0,-.1514098,-.1886186,-.1369721,-.291,-.32,-.084,.1610133,.2698725,.0096285,.184525,.0020777,.154511,.092,.281,.006,.199,.006,.135,.2,.263,.012,.177,0,.166,.75,.237,0,0,0,0,.1747131,.2820971,.0110368,.1908698,.0023147,.1568738,.094,.395,.008,.275,.008,.185,-.1088592,-.1748964,-.1524333,-.189,-.193,-.129,-.063,-.165,-.166,.513,0,0,-.107384,-.179833,-.1545591,-.301,-.267,-.177,.0828703,.2920314,.030988,.2244067,.0028985,.1552894,.195,.297,.069,.278,.006,.105,.02,.289,.01,.194,.001,.184,0,.249,0,.011,0,.011,.0580668,.3150532,.0093283,.2369382,.0032627,.1577729,.151,.418,.008,.39,.008,.143,-.2091611,-.1934187,-.152391,-.102,-.209,-.1,-.27,-.185,-.182,-.249,-.011,-.011,-.2569864,-.2276099,-.1545102,-.267,-.382,-.135
1997-09,1.587369,.1592664,.3369907,.0379358,.1857215,.0185996,.1386207,.181,.358,.049,.153,0,.124,.147,.325,.032,.204,.029,.147,0,0,0,0,0,0,.183747,.3537373,.0437669,.1929472,.0214586,.1386067,.261,.457,.07,.209,0,.168,-.1777243,-.1477857,-.1200211,-.177,-.104,-.124,-.178,-.173,-.118,0,0,0,-.1699903,-.1491804,-.1171481,-.196,-.138,-.168,.1168998,.3057429,.0232083,.1644665,.002886,.1354634,.097,.308,.056,.164,0,.139,.128,.305,.004,.164,.004,.133,0,.011,0,0,0,0,.1347842,.3290933,.0266916,.1687489,.0032455,.1352879,.14,.424,.081,.227,0,.19,-.1888431,-.1412581,-.1325775,-.21,-.108,-.139,-.176,-.16,-.129,-.011,0,0,-.1943091,-.1420573,-.1320423,-.284,-.146,-.19,.1841277,.4195281,.0359944,.19069,.0014149,.1439801,.135,.294,.095,.148,0,.13,.212,.491,.002,.215,.002,.152,0,.762,0,.011,0,.011,.2123456,.4782834,.0414429,.2169182,.0015483,.1630287,.195,.405,.137,.203,0,.178,-.2354005,-.1546956,-.1425652,-.159,-.052,-.13,-.279,-.213,-.15,-.762,-.011,-.011,-.2659378,-.1754753,-.1614804,-.21,-.065,-.178
1997-10,1.41843,.1099458,.5035142,.0875864,.2580494,.0352599,.150868,.108,.562,.092,.265,.046,.13,.111,.471,.085,.254,.029,.163,.001,.762,0,0,0,0,.1197997,.4473222,.1011707,.2733715,.0407285,.1522218,.157,.412,.133,.364,.066,.177,-.3935683,-.170463,-.1156081,-.453,-.173,-.084,-.36,-.169,-.133,-.761,0,0,-.3275225,-.1722009,-.1114933,-.255,-.23,-.111,.0934549,.4777642,.0552946,.2206095,.0163837,.1055084,.102,.442,.063,.139,.045,.05,.089,.498,.051,.267,0,.137,0,.762,0,.011,0,0,.100751,.4178946,.0638705,.2304409,.0189247,.1001434,.147,.24,.092,.181,.066,.061,-.3843093,-.1653149,-.0891247,-.34,-.075,-.004,-.409,-.216,-.137,-.762,-.011,0,-.3171436,-.1665704,-.0812186,-.092,-.089,.004,.0958893,.4595575,.0590628,.3308499,.0307364,.1498727,.113,.467,.09,.175,.085,.085,.086,.455,.042,.419,0,.187,0,.762,0,.762,0,.011,.1035631,.4155676,.0682231,.3764826,.0355035,.1700918,.163,.276,.131,.234,.123,.113,-.3636681,-.2717871,-.1191363,-.354,-.085,0,-.369,-.377,-.187,-.762,-.762,-.011,-.3120045,-.3082594,-.1345884,-.113,-.103,.011
1997-11,1.248657,.0602888,.3115278,.0570651,.20818,.0213895,.1701092,.041,.338,.032,.263,.016,.164,.071,.297,.071,.177,.025,.173,.001,.237,.001,0,0,0,.062286,.3199577,.0585578,.2004344,.0247373,.191102,.059,.349,.046,.24,.023,.218,-.251239,-.1511149,-.1487197,-.297,-.231,-.148,-.225,-.106,-.149,-.236,.001,0,-.2576717,-.1418766,-.1663647,-.289,-.194,-.195,.0656442,.3860047,.0284449,.2700905,.0029283,.195406,.106,.364,.003,.243,.003,.119,.043,.399,.043,.285,.003,.238,0,.237,0,0,0,0,.0684796,.4060913,.0254581,.2720348,.0033867,.2203581,.154,.385,.004,.211,.004,.152,-.3203605,-.2416456,-.1924777,-.257,-.24,-.116,-.356,-.243,-.235,-.237,0,0,-.3376117,-.2465767,-.2169714,-.232,-.207,-.148,.0467177,.3600365,.0319907,.2483409,.0037452,.1881355,.044,.376,.003,.27,.003,.158,.048,.351,.048,.236,.004,.205,0,.237,0,0,0,0,.0465909,.3760586,.0295589,.2468811,.0043313,.2119496,.063,.404,.004,.251,.004,.208,-.3133188,-.2163502,-.1843903,-.332,-.267,-.155,-.303,-.188,-.201,-.237,0,0,-.3294677,-.2173222,-.2076183,-.34,-.247,-.204
1997-12,1.113138,.1743899,.2490876,.0161558,.1379322,.0129253,.0947069,.129,.32,.022,.145,.013,.089,.2,.209,.013,.134,.013,.098,0,0,0,0,0,0,.2011128,.270711,.018639,.1534225,.014912,.1035532,.186,.403,.031,.189,.018,.108,-.0746977,-.1217764,-.0817816,-.191,-.123,-.076,-.009,-.121,-.085,0,0,0,-.0695982,-.1347834,-.0886412,-.218,-.158,-.09,.0912229,.36732,.0055559,.2589549,.0018827,.1718347,.072,.337,.01,.149,0,.087,.102,.384,.003,.322,.003,.22,.011,.237,0,.237,0,0,.1051626,.4077882,.0064098,.2937189,.0021721,.1932079,.103,.431,.015,.197,0,.107,-.2760971,-.253399,-.169952,-.266,-.139,-.087,-.282,-.319,-.217,-.226,-.237,0,-.3026257,-.2873091,-.1910358,-.328,-.182,-.107,.0757968,.3684273,.0211646,.2238964,.0211646,.1477841,.009,.387,0,.167,0,.133,.114,.358,.033,.256,.033,.156,0,.236,0,.236,0,0,.0873654,.3820861,.0244177,.2262921,.0244177,.1384809,.013,.409,0,.13,0,.082,-.2926305,-.2027318,-.1266195,-.377,-.167,-.133,-.244,-.223,-.123,-.236,-.236,0,-.2947207,-.2018744,-.1140632,-.396,-.13,-.082
1998-01,1.03342,.1085862,.2645228,.0726724,.1003275,.0036946,.0491445,.081,.297,.015,.161,0,.064,.124,.246,.105,.066,.006,.041,0,0,0,0,0,0,.125156,.2749991,.0837619,.112682,.0042584,.0536887,.117,.414,.021,.221,0,.082,-.1559366,-.0276551,-.04545,-.215,-.146,-.064,-.123,.039,-.035,0,0,0,-.149843,-.0289201,-.0494303,-.297,-.2,-.082,.0930067,.3230483,.0653229,.1620476,.0018786,.1167475,.062,.266,0,.139,0,.06,.11,.355,.102,.175,.003,.149,.011,.001,.011,.001,0,.001,.1071992,.3431265,.075291,.1844914,.0021652,.1322786,.089,.373,0,.192,0,.078,-.2300416,-.0967247,-.1148689,-.204,-.139,-.06,-.245,-.073,-.146,.01,.01,-.001,-.2359273,-.1092004,-.1301134,-.284,-.192,-.078,.0784207,.3711521,.0213438,.1991865,.0213438,.1297205,.125,.35,0,.223,0,.134,.052,.383,.033,.186,.033,.127,0,.001,0,0,0,0,.0828212,.3722051,.0246008,.200932,.0246008,.1208657,.153,.403,0,.222,0,.093,-.2927314,-.1778428,-.1083767,-.226,-.223,-.134,-.331,-.152,-.094,-.001,0,0,-.2893839,-.1763312,-.0962649,-.25,-.222,-.093
1998-02,.775117,.0986071,.3313229,.0146554,.1711788,0,.0417483,.073,.385,.027,.19,0,.083,.113,.301,.008,.16,0,.019,0,0,0,0,0,0,.1132453,.3183742,.016831,.1700687,0,.0452983,.105,.418,.039,.263,0,.11,-.2327158,-.1565233,-.0417483,-.312,-.164,-.083,-.188,-.153,-.019,0,0,0,-.2051289,-.1532376,-.0452983,-.314,-.224,-.11,.0716281,.3517067,.0129721,.2129808,0,.0701099,.093,.371,.021,.145,0,.055,.06,.341,.008,.251,0,.079,0,.001,0,.001,0,.001,.0822613,.3445245,.0148978,.2190455,0,.0785644,.133,.408,.03,.201,0,.072,-.2800786,-.2000087,-.0701099,-.278,-.124,-.055,-.281,-.243,-.079,-.001,-.001,-.001,-.2622632,-.2041477,-.0785644,-.275,-.171,-.072,.0794361,.3878092,.0300492,.2769295,.0198589,.1236794,.089,.344,.013,.202,0,.112,.074,.412,.039,.319,.031,.13,0,.001,0,.001,0,0,.0912284,.3910779,.03451,.2669768,.0228069,.1145756,.128,.386,.019,.194,0,.065,-.3083731,-.2468804,-.1038205,-.255,-.189,-.112,-.338,-.279,-.099,-.001,-.001,0,-.2998495,-.2324668,-.0917687,-.259,-.175,-.065
1998-03,.6859002,.1146518,.3644813,.0542542,.2147529,.0049844,.1377774,.143,.366,.005,.216,0,.115,.099,.363,.082,.214,.008,.15,0,.236,0,0,0,0,.1316406,.3677313,.0622934,.1985355,.005723,.13687,.204,.411,.006,.205,0,.155,-.2498294,-.1604987,-.132793,-.224,-.211,-.115,-.264,-.132,-.143,-.236,0,0,-.2360907,-.1362421,-.131147,-.208,-.199,-.155,.1171575,.4001272,.0407278,.2459698,.005309,.1501055,.125,.415,.006,.24,0,.103,.113,.392,.06,.249,.008,.176,0,.236,0,.001,0,.001,.1345176,.4004359,.0467627,.236882,.0060957,.1517247,.179,.452,.009,.249,0,.14,-.2829697,-.205242,-.1447965,-.29,-.234,-.103,-.279,-.189,-.168,-.236,-.001,-.001,-.2659183,-.1901193,-.145629,-.273,-.24,-.14,.1006004,.3377699,.0403815,.1981071,.0250538,.1050041,.12,.412,.006,.221,0,.098,.09,.297,.059,.186,.039,.109,0,.236,0,.001,0,.001,.1152299,.3263346,.0463651,.1794231,.0287662,.0999402,.171,.439,.009,.212,0,.133,-.2371694,-.1577256,-.0799503,-.292,-.214,-.098,-.207,-.126,-.07,-.236,-.001,-.001,-.2111047,-.133058,-.071174,-.268,-.203,-.133
1998-04,.7118845,.2038441,.2649924,.0427158,.2034709,.0026548,.1484122,.215,.317,.082,.248,0,.182,.198,.236,.021,.179,.004,.13,0,0,0,0,0,0,.2232806,.2780329,.0490383,.2074055,.0030478,.1441974,.27,.362,.117,.263,0,.168,-.0611483,-.1607551,-.1457574,-.102,-.167,-.182,-.038,-.157,-.126,0,0,0,-.0547523,-.1583672,-.1411496,-.092,-.147,-.168,.10169,.311213,.0580496,.2523085,.0285807,.1780475,.101,.313,.063,.244,.002,.161,.102,.31,.055,.257,.043,.188,0,0,0,0,0,0,.1167415,.3119833,.0666417,.2446456,.032811,.159393,.144,.355,.091,.256,.003,.138,-.209523,-.1942589,-.1494668,-.213,-.18,-.159,-.208,-.202,-.144,0,0,0,-.1952418,-.1780038,-.126582,-.211,-.166,-.135,.1055123,.2941817,.0594092,.1815727,.0282337,.133398,.124,.309,.058,.229,.002,.14,.095,.286,.06,.156,.043,.13,0,0,0,0,0,0,.1068314,.2927166,.0682025,.1634399,.0324127,.1081348,.151,.35,.082,.235,.003,.108,-.1886694,-.1221635,-.1051643,-.185,-.171,-.138,-.191,-.095,-.087,0,0,0,-.1858853,-.0952374,-.0757222,-.199,-.153,-.106
1998-05,.8928697,.2424992,.2205761,.1279914,.10281,.0216026,.0593569,.129,.281,.08,.148,.06,.099,.306,.187,.155,.078,0,.037,.235,.011,0,0,0,0,.2597552,.2382848,.1466021,.1170338,.0247437,.0672623,.183,.37,.114,.208,.086,.138,.0219231,.0251814,-.0377543,-.152,-.068,-.039,.119,.077,-.037,.224,0,0,.0214704,.0295683,-.0425186,-.187,-.094,-.052,.1479354,.2638056,.0563685,.1386655,.0246834,.0912832,.111,.302,.015,.131,.011,.095,.169,.243,.079,.143,.032,.089,.235,.011,0,0,0,0,.1694461,.2878002,.0645648,.1581028,.0282725,.1038308,.157,.4,.022,.183,.016,.133,-.1158702,-.0822969,-.0665998,-.191,-.116,-.084,-.074,-.064,-.057,.224,0,0,-.1183541,-.0935379,-.0755583,-.243,-.162,-.117,.1463458,.2479145,.0443315,.132784,.0225839,.0842667,.133,.284,.02,.138,.006,.091,.154,.228,.058,.13,.032,.081,.235,0,0,0,0,0,.1676253,.2832372,.0507776,.1513661,.0258678,.0957941,.189,.4,.029,.193,.008,.127,-.1015687,-.0884525,-.0616827,-.151,-.118,-.085,-.074,-.072,-.048,.235,0,0,-.1156119,-.1005886,-.0699263,-.212,-.165,-.119
1998-06,.6818663,.1962068,.2336564,.0489527,.1449438,.0311829,.0687867,.075,.301,.03,.128,.02,.075,.264,.196,.059,.154,.038,.065,.754,.011,0,.011,0,0,.2249425,.2486141,.0561221,.1600114,.0357498,.078861,.106,.381,.043,.181,.028,.106,-.0374497,-.0959912,-.0376038,-.227,-.098,-.055,.068,-.095,-.028,.742,-.011,0,-.0236717,-.1038892,-.0431111,-.276,-.139,-.078,.1963431,.2784025,.002716,.1824514,.002716,.0855437,.063,.351,.008,.184,.008,.075,.271,.238,0,.181,0,.092,.754,0,0,0,0,0,.2248225,.2999135,.0031138,.2030121,.0031138,.0980721,.089,.452,.011,.261,.011,.106,-.0820594,-.1797354,-.0828276,-.288,-.177,-.067,.033,-.181,-.092,.754,0,0,-.075091,-.1998983,-.0949583,-.363,-.25,-.095,.2399424,.2755431,.0285356,.1645967,.0234997,.0735281,.119,.344,.018,.183,.008,.075,.308,.237,.034,.154,.032,.073,.765,0,0,0,0,0,.2520184,.2966354,.0327148,.1887029,.0269414,.0842968,.089,.443,.026,.26,.011,.106,-.0356007,-.1360611,-.0500284,-.226,-.165,-.067,.071,-.12,-.04,.765,0,0,-.044617,-.1559881,-.0573554,-.354,-.234,-.095
1998-07,.8674834,.20327,.274687,.1426844,.1114355,.0182015,.076315,.205,.32,.036,.169,.008,.095,.202,.249,.202,.08,.024,.066,.754,.011,.754,.011,0,.011,.2332945,.2766968,.1637599,.1147945,.02089,.0875873,.291,.321,.051,.194,.012,.135,-.0714169,.0312489,-.0581135,-.116,-.132,-.086,-.047,.122,-.042,.743,.743,-.011,-.0434023,.0489653,-.0666973,-.031,-.143,-.123,.089082,.4007733,.0401013,.192223,.0021215,.1325311,.151,.344,.014,.197,.006,.119,.055,.432,.055,.19,0,.14,0,0,0,0,0,0,.1019658,.3953019,.0457503,.2005459,.0024349,.1451378,.213,.356,.019,.234,.008,.169,-.3116913,-.1521216,-.1304095,-.193,-.183,-.113,-.378,-.135,-.14,0,0,0,-.293336,-.1547955,-.1427029,-.143,-.215,-.16,.1327983,.3667561,.0851743,.1925243,.0230936,.1147819,.146,.285,.014,.199,.006,.119,.126,.412,.125,.189,.033,.112,0,0,0,0,0,0,.1521393,.3813733,.0974809,.2008916,.0265047,.131736,.206,.359,.019,.237,.008,.169,-.2339578,-.10735,-.0916882,-.139,-.185,-.113,-.287,-.064,-.08,0,0,0,-.229234,-.1034107,-.1052313,-.153,-.218,-.161
1998-08,.925353,.2303086,.2246152,.0507253,.1588494,.0246176,.0958836,.379,.282,.103,.235,.03,.153,.148,.193,.022,.116,.022,.064,.235,.011,0,.011,0,.011,.1922152,.1954817,.0581402,.1461759,.0282162,.0992844,.29,.251,.146,.209,.043,.18,.0056934,-.1081241,-.071266,.097,-.132,-.123,-.045,-.095,-.043,.223,-.011,-.011,-.0032665,-.0880357,-.0710682,.039,-.063,-.137,.2296028,.4173236,.0483351,.2364465,.0160538,.1114663,.378,.305,.096,.248,.006,.16,.147,.48,.022,.23,.022,.085,.235,.765,0,0,0,0,.1914063,.4102835,.0554007,.2103041,.0184005,.1107837,.288,.285,.137,.229,.009,.19,-.1877208,-.1881114,-.0954125,.072,-.152,-.154,-.332,-.208,-.063,-.531,0,0,-.2188772,-.1549034,-.0923832,.003,-.092,-.181,.2366413,.2824366,.0538727,.2165029,.0351651,.1122656,.34,.293,.052,.169,0,.145,.179,.276,.055,.243,.055,.094,.235,.011,0,0,0,0,.1994735,.2549254,.0617477,.2124391,.0403055,.1116998,.233,.265,.074,.203,0,.17,-.0457953,-.1626302,-.0771005,.046,-.117,-.145,-.097,-.188,-.039,.223,0,0,-.0554519,-.1506913,-.0713944,-.032,-.129,-.17
1998-09,.6289839,.1985637,.4106956,.068358,.1420626,.0205431,.0881841,.109,.201,.019,.088,.019,.074,.248,.527,.096,.172,.022,.096,.234,.766,.234,.011,0,.011,.2248283,.4431312,.0782641,.1418758,.0235201,.0987337,.146,.277,.027,.117,.027,.097,-.2121318,-.0737045,-.0676409,-.092,-.07,-.055,-.279,-.076,-.075,-.531,.223,-.011,-.2183029,-.0636117,-.0752135,-.131,-.091,-.07,.1878623,.3219467,.0325506,.2559083,.0205431,.1004514,.11,.179,.019,.126,.019,.111,.231,.402,.04,.328,.022,.094,0,.766,0,.766,0,0,.212576,.3415212,.0372676,.2661743,.0235201,.0881895,.146,.245,.027,.171,.027,.151,-.1340843,-.2233577,-.0799083,-.069,-.107,-.093,-.17,-.288,-.073,-.766,-.766,0,-.1289452,-.2289067,-.0646693,-.099,-.145,-.124,.2335273,.2130789,.0875966,.125552,.0360237,.1037822,.094,.169,.012,.101,.002,.072,.311,.237,.129,.139,.055,.121,.234,.011,.234,.011,0,0,.2648586,.2140184,.1002906,.1160371,.041244,.093971,.125,.222,.018,.133,.003,.102,.0204484,-.0379555,-.0677585,-.075,-.089,-.07,.073,-.01,-.066,.223,.223,0,.0508402,-.0157465,-.052727,-.097,-.115,-.099
1998-10,.7174649,.1103505,.3288026,.0602193,.2088575,.0206583,.0725961,.133,.267,.03,.067,.019,.021,.098,.363,.077,.288,.022,.101,0,.011,0,.011,0,.011,.1084712,.3465269,.0688889,.2121748,.0236325,.0809058,.127,.36,.042,.087,.027,.023,-.2184521,-.1486382,-.0519377,-.134,-.037,-.002,-.266,-.211,-.08,-.011,-.011,-.011,-.2380557,-.1432858,-.0572734,-.233,-.045,.004,.0970691,.277639,.044689,.1474136,.0095261,.0944484,.187,.265,.019,.086,.002,.039,.047,.285,.059,.182,.014,.125,0,.233,0,0,0,0,.0685671,.2879975,.048628,.1418848,.0108976,.0815534,.117,.357,.018,.113,.003,.049,-.1805699,-.1027246,-.0849223,-.078,-.067,-.037,-.238,-.123,-.112,-.233,0,0,-.2194303,-.0932568,-.0706558,-.239,-.095,-.046,.256731,.2268237,.2136163,.1255512,.0578763,.0779515,.159,.281,.003,.084,.002,.029,.311,.196,.331,.149,.089,.105,.989,0,.989,0,.234,0,.2537101,.2298663,.2443704,.1168749,.0662087,.0645641,.087,.38,.005,.111,.003,.041,.0299073,.0880651,-.0200751,-.122,-.081,-.027,.115,.182,-.016,.989,.989,.234,.0238438,.1274955,.0016445,-.293,-.106,-.039
1998-11,.7160307,.1809723,.3466853,.0348627,.1494377,.0322558,.078361,.338,.339,.049,.128,.022,.039,.092,.351,.027,.162,.038,.1,0,.011,0,.011,0,.011,.1358636,.3824803,.0398004,.1597815,.0368243,.081503,.234,.451,.069,.162,.032,.048,-.165713,-.114575,-.0461052,-.001,-.078,-.017,-.259,-.135,-.063,-.011,-.011,-.011,-.2466167,-.1199811,-.0446786,-.217,-.093,-.017,.0712948,.4378524,.0243326,.1988952,.0215097,.0882548,.168,.389,.06,.191,.011,.067,.017,.465,.004,.203,.027,.1,0,.234,0,.234,0,0,.0709507,.4890455,.017337,.2162439,.0245562,.092798,.2,.53,.048,.251,.016,.087,-.3665576,-.1745626,-.0667451,-.222,-.131,-.056,-.448,-.199,-.073,-.234,-.234,0,-.4180948,-.1989069,-.0682418,-.33,-.203,-.072,.0921874,.3534963,.0463383,.1080755,.0460489,.0688522,.137,.293,.042,.075,0,.051,.067,.388,.049,.127,.072,.079,.001,0,.001,0,.001,0,.0948024,.390256,.0424594,.1125611,.0525709,.0706473,.157,.386,.023,.088,0,.064,-.2613089,-.0617373,-.0228033,-.156,-.033,-.051,-.321,-.078,-.007,.001,.001,.001,-.2954536,-.0701017,-.0180764,-.229,-.065,-.064
1998-12,.8373306,.2001431,.3821111,.06073,.1941048,.0332266,.1037367,.116,.323,.041,.191,.011,.079,.248,.416,.072,.196,.046,.118,0,.767,0,.011,0,.011,.2282971,.398237,.0692728,.2167669,.0379005,.1161825,.163,.325,.058,.252,.015,.103,-.181968,-.1333748,-.0705101,-.207,-.149,-.068,-.168,-.124,-.072,-.767,-.011,-.011,-.1699399,-.1474941,-.078282,-.163,-.194,-.088,.0959704,.5319386,.0189066,.2432981,0,.1288002,.041,.544,.031,.247,0,.147,.127,.525,.012,.241,0,.119,0,1,0,.233,0,.232,.1094705,.5087703,.0215662,.2753759,0,.1447716,.058,.43,.043,.34,0,.199,-.4359682,-.2243915,-.1288002,-.503,-.217,-.147,-.398,-.229,-.119,-1,-.233,-.232,-.3992998,-.2538098,-.1447716,-.372,-.297,-.199,.1017828,.5028423,.0308892,.182935,.0298331,.0401771,.014,.438,.004,.153,.004,.033,.151,.539,.046,.2,.045,.044,0,.999,0,0,0,0,.1161005,.475581,.0352344,.2040259,.0340297,.043682,.02,.281,.005,.199,.005,.039,-.4010594,-.1520458,-.010344,-.424,-.149,-.029,-.388,-.154,0,-.999,0,0,-.3594805,-.1687915,-.0096523,-.261,-.194,-.034
1999-01,.9271969,.1777116,.3990295,.1008784,.3234369,.0139696,.1377978,.055,.35,.043,.17,.004,.101,.247,.427,.134,.411,.02,.159,0,.768,0,.767,0,.011,.2027192,.4319278,.115074,.3456978,.0159354,.1551917,.077,.411,.06,.159,.005,.134,-.2213179,-.2225585,-.1238282,-.295,-.127,-.097,-.179,-.277,-.139,-.768,-.767,-.011,-.2292086,-.2306238,-.1392563,-.334,-.099,-.129,.1666473,.4550827,.0710897,.3309228,.0091358,.1715128,.033,.291,.004,.124,.004,.087,.243,.548,.11,.449,.012,.22,0,1,0,1,0,.233,.1900979,.4975805,.0810935,.3729685,.0104214,.1936512,.046,.392,.005,.157,.005,.114,-.2884353,-.259833,-.162377,-.259,-.12,-.083,-.305,-.34,-.208,-1,-1,-.233,-.3074825,-.291875,-.1832298,-.346,-.153,-.109,.158096,.4213447,.0860769,.28071,.0241229,.1239962,.033,.293,.004,.048,.004,.028,.23,.495,.133,.414,.036,.179,0,.768,0,.767,0,0,.1803433,.4590949,.0981896,.3156897,.0275175,.1369232,.046,.394,.005,.051,.005,.024,-.2632487,-.1946331,-.0998732,-.26,-.044,-.024,-.265,-.28,-.143,-.768,-.767,0,-.2787517,-.2175001,-.1094057,-.349,-.047,-.019
1999-02,.9235125,.0802942,.4229176,.0309503,.2941864,.0200732,.2415602,.063,.358,.004,.276,.004,.156,.09,.46,.046,.304,.029,.29,0,.768,0,.768,0,.767,.0716361,.4597374,.0353304,.312788,.022914,.2527142,.079,.423,.005,.309,.005,.141,-.3426234,-.263236,-.221487,-.295,-.272,-.153,-.369,-.258,-.26,-.768,-.768,-.767,-.3881013,-.2774576,-.2298002,-.345,-.304,-.136,.0626873,.3842304,.0311066,.3157246,0,.2452393,.051,.246,0,.203,0,.094,.069,.462,.049,.379,0,.33,0,1,0,1,0,1,.0714899,.4365821,.0355088,.3583813,0,.2779209,.071,.338,0,.277,0,.125,-.3215431,-.284618,-.2452393,-.195,-.203,-.094,-.393,-.331,-.33,-1,-1,-1,-.3650923,-.3228725,-.2779209,-.267,-.277,-.125,.0674846,.3631245,.0320223,.2937037,.0228113,.2108246,.042,.255,0,.205,0,.031,.082,.424,.05,.344,.036,.312,0,.757,0,.757,0,.756,.076966,.4124894,.0365541,.333244,.0260396,.2386358,.059,.351,0,.28,0,.036,-.29564,-.2616814,-.1880133,-.213,-.205,-.031,-.342,-.294,-.277,-.757,-.757,-.756,-.3355233,-.2966899,-.2125962,-.292,-.28,-.036
1999-03,.9830281,.1111004,.5285307,.0560564,.2275819,.0188375,.1673841,.176,.488,.051,.168,0,.084,.074,.552,.059,.262,.03,.215,0,.989,0,.758,0,.758,.1100892,.5303324,.0473485,.2591357,.0214715,.1905206,.246,.438,.071,.234,0,.116,-.4174303,-.1715254,-.1485466,-.312,-.117,-.084,-.477,-.203,-.185,-.989,-.758,-.758,-.4202432,-.2117873,-.1690491,-.192,-.163,-.116,.1297116,.6420791,.044272,.348083,.0217901,.3059869,.156,.603,.049,.217,0,.174,.115,.664,.042,.422,.034,.381,0,.988,0,.988,0,.988,.1313028,.659758,.0503944,.3964863,.024837,.348504,.218,.6,.068,.303,0,.243,-.5123674,-.303811,-.2841967,-.447,-.169,-.174,-.549,-.381,-.346,-.988,-.988,-.988,-.5284552,-.3460919,-.323667,-.382,-.235,-.243,.1142884,.5861602,.0477193,.3092456,.0217901,.280028,.126,.583,.039,.191,0,.17,.108,.588,.053,.376,.034,.342,.011,.988,0,.757,0,.757,.1137909,.59602,.0543918,.3522184,.024837,.3189153,.176,.571,.054,.266,0,.237,-.4718718,-.2615263,-.2582379,-.457,-.152,-.17,-.48,-.324,-.308,-.977,-.757,-.757,-.4822291,-.2978265,-.2940783,-.395,-.212,-.237
1999-04,1.336455,.2052381,.4300596,.0884862,.3607259,.0419705,.177498,.348,.374,.136,.345,.029,.101,.125,.462,.061,.37,.049,.221,.011,.757,0,.757,0,.757,.1834274,.4111435,.0835093,.3403725,.0304171,.2022671,.374,.274,.191,.241,.04,.14,-.2248215,-.2722398,-.1355275,-.027,-.209,-.072,-.337,-.308,-.172,-.746,-.757,-.757,-.2277161,-.2568632,-.17185,.1,-.05,-.099,.1307958,.4123955,.0722837,.365205,.0363175,.2330446,.207,.175,.116,.162,.027,.067,.087,.547,.047,.48,.042,.327,.012,.757,0,.757,0,.757,.1159474,.4647999,.0825034,.4168386,.0414521,.2659931,.177,.246,.163,.226,.037,.093,-.2815998,-.2929213,-.1967272,.032,-.046,-.04,-.459,-.433,-.285,-.745,-.757,-.757,-.3488525,-.3343353,-.224541,-.068,-.064,-.056,.1873717,.4092229,.0594783,.3492363,.0328412,.2246038,.204,.16,.076,.147,.017,.068,.178,.55,.05,.464,.042,.313,.012,.757,.011,.757,0,.757,.1805223,.4586475,.0678875,.3986123,.0374844,.2563589,.173,.216,.107,.206,.024,.096,-.2218512,-.289758,-.1917626,.044,-.071,-.051,-.372,-.414,-.271,-.745,-.746,-.757,-.2781253,-.3307248,-.2188745,-.043,-.099,-.072
1999-05,1.265946,.1777363,.3952075,.0935469,.3221987,.0380378,.2775565,.195,.348,.122,.295,.034,.286,.168,.422,.077,.338,.04,.273,.242,.757,.011,.757,0,.757,.1904189,.3727903,.0947028,.2892818,.0435081,.2466533,.232,.242,.131,.168,.048,.163,-.2174712,-.2286518,-.2395187,-.152,-.173,-.252,-.255,-.261,-.233,-.515,-.746,-.757,-.1823714,-.194579,-.2031452,-.01,-.037,-.115,.1900208,.3814734,.0441495,.3363488,.0302046,.2931071,.199,.191,.03,.138,0,.133,.185,.49,.052,.45,.047,.385,.243,.757,.012,.757,0,.757,.2041856,.4132897,.0382015,.3788048,.0345484,.3352596,.236,.269,0,.194,0,.187,-.1914526,-.2921993,-.2629025,.008,-.108,-.133,-.306,-.397,-.337,-.515,-.745,-.757,-.2091041,-.3406033,-.3007112,-.033,-.194,-.187,.1904524,.3473566,.0667721,.2950626,.0318539,.282784,.227,.205,.03,.142,0,.129,.169,.429,.088,.383,.05,.371,.011,.757,.011,.757,.011,.757,.1973418,.3717481,.0640775,.3290626,.0364349,.323452,.251,.28,0,.192,0,.182,-.1569042,-.2282905,-.2509301,.023,-.112,-.129,-.26,-.295,-.321,-.746,-.746,-.746,-.1744063,-.2649852,-.2870171,-.029,-.192,-.182
1999-06,1.379723,.1512458,.4533731,.0963989,.288747,.0621558,.2296713,.206,.308,.153,.227,.095,.216,.12,.537,.064,.325,.043,.238,.011,.759,.011,.758,.011,.758,.1699405,.4203134,.1076193,.2592697,.0690501,.1917419,.279,.16,.206,.08,.127,.065,-.3021274,-.1923481,-.1675155,-.102,-.074,-.121,-.417,-.261,-.195,-.748,-.747,-.747,-.2503729,-.1516503,-.1226918,.119,.126,.062,.0967882,.5148244,.0878121,.2865305,.0335827,.256871,.145,.395,.132,.07,.005,.059,.069,.584,.063,.411,.05,.371,.011,.758,.011,.758,.011,.758,.1076916,.4905566,.0974962,.310657,.0363891,.2936217,.193,.282,.175,.098,0,.083,-.4180362,-.1987184,-.2232882,-.25,.062,-.054,-.514,-.349,-.321,-.747,-.747,-.747,-.382865,-.2131608,-.2572326,-.089,.077,-.083,.1458863,.544902,.1117936,.2681715,.0563487,.236848,.157,.436,.131,.046,.005,.04,.139,.608,.101,.396,.086,.35,.011,.989,.011,.758,.011,.758,.1638142,.508729,.1249087,.2896713,.0624123,.2707341,.211,.285,.174,.064,0,.056,-.3990158,-.1563779,-.1804993,-.278,.085,-.035,-.468,-.295,-.264,-.978,-.747,-.747,-.3449148,-.1647626,-.2083218,-.074,.109,-.056
1999-07,1.398281,.1878488,.3536119,.0710742,.2903105,.037675,.2531506,.228,.303,.047,.225,.023,.206,.165,.383,.085,.328,.046,.28,.011,.989,.011,.759,.011,.758,.1808368,.3062169,.0792707,.2441549,.0410985,.2190311,.226,.154,.059,.079,.025,.053,-.1657631,-.2192363,-.2154756,-.075,-.178,-.184,-.218,-.243,-.234,-.978,-.748,-.747,-.1253801,-.1648842,-.1779326,.072,-.02,-.028,.1793734,.4213191,.0589346,.3300404,.0565965,.2267645,.275,.375,.076,.291,.074,.04,.124,.448,.049,.353,.046,.334,.011,.989,.011,.758,.011,.758,.1711502,.3835998,.0653962,.2895625,.062724,.2418243,.292,.255,.1,.171,.098,.056,-.2419458,-.2711058,-.170168,-.1,-.214,.035,-.324,-.304,-.288,-.978,-.747,-.747,-.2124497,-.2241663,-.1791003,.037,-.071,.042,.1360793,.4876006,.0712242,.3502556,.070534,.2172759,.203,.334,.047,.261,.045,.04,.097,.576,.085,.402,.085,.319,.011,.989,.011,.989,.011,.758,.1451081,.4593535,.0794421,.3126665,.0786533,.2309796,.27,.198,.06,.13,.057,.056,-.3515213,-.2790314,-.1467419,-.131,-.214,.006,-.478,-.317,-.235,-.978,-.978,-.747,-.3142454,-.2332244,-.1523263,.072,-.07,.001
1999-08,1.441481,.263911,.4194004,.1453746,.2774801,.0343442,.2250606,.246,.35,.191,.105,.029,.057,.274,.459,.119,.376,.037,.321,.011,.989,.011,.989,.011,.759,.2667306,.4518852,.1340106,.2894316,.0373175,.2397208,.247,.458,.18,.113,.035,.08,-.1554894,-.1321056,-.1907164,-.104,.086,-.027,-.185,-.257,-.284,-.978,-.978,-.748,-.1851546,-.155421,-.2024033,-.211,.066,-.045,.2306992,.4752786,.1060206,.398462,.0463557,.3259065,.234,.466,.199,.324,.056,.291,.229,.481,.053,.441,.041,.346,.011,.989,.011,.989,.011,.758,.2287136,.4557213,.0889628,.3677907,.0510669,.2847376,.23,.418,.192,.218,.073,.172,-.2445794,-.2924414,-.2795507,-.232,-.124,-.234,-.252,-.388,-.305,-.978,-.978,-.747,-.2270077,-.2788279,-.2336708,-.188,-.026,-.099,.18064,.5589647,.1081203,.4661843,.0586443,.3470782,.237,.44,.143,.286,.028,.262,.148,.627,.088,.569,.076,.396,.011,.989,.011,.989,.011,.989,.1714117,.5515153,.1157399,.4453112,.0651334,.3089725,.235,.381,.195,.165,.033,.13,-.3783248,-.358064,-.2884339,-.203,-.143,-.233,-.479,-.481,-.32,-.978,-.978,-.978,-.3801036,-.3295713,-.2438391,-.147,.03,-.097
1999-09,1.85065,.2188597,.3374284,.1259249,.2599193,.0838232,.1842467,.39,.256,.137,.212,.12,.073,.12,.384,.12,.287,.063,.248,.011,.758,.011,.758,.011,.758,.1463561,.3862342,.1112127,.2975142,.0630214,.2108962,.219,.36,.102,.299,.079,.103,-.1185687,-.1339945,-.1004235,.134,-.075,.047,-.264,-.168,-.185,-.747,-.747,-.747,-.2398781,-.1863015,-.1478747,-.141,-.197,-.024,.208716,.4146161,.1793736,.2811211,.0730946,.232185,.211,.265,.131,.181,.115,.092,.207,.5,.207,.339,.049,.313,.011,.758,.011,.758,.011,.758,.2051064,.4643123,.1723922,.3115085,.0507411,.2554942,.204,.339,.094,.22,.071,.094,-.2059001,-.1017475,-.1590903,-.054,-.05,.023,-.293,-.131,-.264,-.747,-.747,-.747,-.2592059,-.1391162,-.2047531,-.135,-.126,-.023,.1455255,.4235659,.1093235,.2796631,.0734238,.2404648,.212,.211,.114,.144,.053,.056,.107,.546,.107,.357,.085,.346,.011,.758,.011,.758,.011,.758,.1327759,.4848307,.0922101,.3201137,.0759851,.2752458,.205,.297,.07,.203,.068,.079,-.2780404,-.1703396,-.167041,.001,-.03,-.003,-.438,-.251,-.261,-.747,-.747,-.747,-.3520547,-.2279036,-.1992607,-.092,-.133,-.011
1999-10,1.800659,.183312,.3346334,.0610382,.2880156,.0555784,.2092498,.139,.208,.025,.184,.012,.16,.209,.408,.082,.348,.081,.237,.011,.759,.011,.759,.011,.759,.1794981,.3802422,.0669694,.3298534,.0616409,.2396459,.151,.284,.026,.26,.01,.226,-.1513214,-.2269774,-.1536714,-.07,-.159,-.148,-.198,-.266,-.157,-.747,-.747,-.747,-.2007442,-.262884,-.178005,-.133,-.234,-.216,.1227089,.3261956,.070382,.2929027,.0454826,.2148958,.132,.276,.078,.195,.009,.115,.117,.355,.066,.349,.066,.273,.011,.759,.011,.759,.011,.759,.1203785,.3705788,.0776704,.3354503,.0500785,.246112,.176,.38,.1,.276,.007,.162,-.2034867,-.2225207,-.1694132,-.145,-.118,-.105,-.237,-.283,-.207,-.747,-.747,-.747,-.2502003,-.2577798,-.1960335,-.204,-.176,-.155,.1366406,.3054744,.0693014,.2859868,.0438764,.1979082,.146,.197,.075,.165,.007,.104,.131,.368,.066,.356,.065,.252,.011,.759,.011,.759,.011,.759,.136334,.3468475,.0764329,.3275298,.048239,.2266568,.196,.268,.095,.233,.002,.147,-.1688338,-.2166854,-.1540319,-.051,-.091,-.097,-.237,-.289,-.187,-.747,-.747,-.747,-.2105135,-.2510969,-.1784178,-.072,-.138,-.144
1999-11,1.884453,.1208218,.189636,.0409857,.118402,.003139,.0738496,.104,.275,.015,.155,.013,.133,.131,.141,.056,.098,-.002,.04,.011,0,.011,0,.011,0,.1189729,.2140506,.027591,.1325148,.0012013,.0845297,.138,.378,.013,.208,.01,.188,-.0688142,-.0774163,-.0707107,-.171,-.14,-.12,-.01,-.042,-.042,.011,.011,.011,-.0950777,-.1049238,-.0833284,-.24,-.196,-.178,.0983211,.2364878,.0586763,.1225546,.0288894,.1163968,.046,.367,.021,.158,.006,.148,.128,.162,.08,.102,.042,.099,.011,0,.011,0,.011,0,.0932182,.2416427,.04784,.137268,.0306758,.13323,.056,.42,.022,.213,0,.209,-.1381667,-.0638783,-.0875074,-.321,-.137,-.142,-.034,-.022,-.056,.011,.011,.011,-.1484244,-.089428,-.1025542,-.363,-.191,-.209,.120701,.1905334,.07169,.0729587,.0292449,.061223,.117,.327,.033,.119,.007,.094,.123,.112,.094,.046,.042,.043,.011,0,.011,0,.011,0,.119151,.1890424,.0630521,.0804996,.031399,.070077,.158,.364,.039,.159,.002,.133,-.0698324,-.0012687,-.0319781,-.21,-.087,-.087,.01,.047,-.001,.011,.011,.011,-.0698914,-.0174475,-.038678,-.206,-.119,-.13
1999-12,2.013386,.2115985,.1926611,.0648152,.1067666,.0419135,.0636948,.109,.331,.013,.261,.007,.147,.27,.114,.094,.019,.062,.017,.24,0,.012,0,.012,0,.1963366,.2193313,.0558775,.1218505,.0297403,.0726935,.053,.464,.011,.367,.002,.206,.0189373,-.0419515,-.0217813,-.222,-.248,-.139,.156,.075,.045,.24,.012,.012,-.0229948,-.0659729,-.0429532,-.41,-.356,-.204,.1332026,.1614053,.0364347,.1178908,.0149565,.0551949,.061,.331,.019,.241,.007,.102,.174,.065,.046,.048,.019,.029,.013,0,.012,0,.012,0,.1472849,.1836598,.0393171,.1345462,.0148046,.0629928,.07,.464,.019,.34,.002,.144,-.0282028,-.0814561,-.0402384,-.27,-.222,-.095,.109,-.001,-.009,.013,.012,.012,-.0363749,-.095229,-.0481882,-.394,-.321,-.141,.1396757,.1984707,.0339567,.1293846,.0146869,.0699885,.054,.311,.012,.242,.006,.112,.188,.135,.046,.065,.019,.046,.012,0,.012,0,.012,0,.1549803,.2259616,.0367968,.1476638,.0148046,.0798763,.062,.436,.011,.341,.002,.157,-.058795,-.0954279,-.0553016,-.256,-.23,-.105,.054,-.019,-.027,.012,.012,.012,-.0709814,-.110867,-.0650717,-.374,-.33,-.155
2000-01,2.14224,.280412,.2607689,.16051,.1242773,.0256569,.0638835,.12,.51,.018,.209,.006,.15,.374,.115,.244,.075,.037,.014,.241,0,.241,0,.012,0,.3088324,.2192488,.1817412,.1419669,.027066,.0732737,.127,.457,.017,.296,0,.213,.0196432,.0362327,-.0382266,-.391,-.192,-.144,.259,.169,.023,.241,.241,.012,.0895836,.0397743,-.0462077,-.33,-.278,-.213,.197202,.2361667,.1101473,.080592,.0220671,.0551765,.076,.457,.023,.141,.006,.078,.268,.108,.161,.046,.032,.042,.013,0,.013,0,.012,0,.2133913,.1828751,.1239757,.0924382,.0229486,.0632869,.065,.408,.025,.2,0,.111,-.0389647,.0295553,-.0331094,-.381,-.117,-.073,.16,.115,-.01,.013,.013,.012,.0305163,.0315375,-.0403383,-.343,-.175,-.111,.1902221,.2937428,.1083078,.1277824,.0212284,.0773841,.061,.513,.022,.138,.005,.108,.265,.166,.158,.122,.031,.059,.012,0,.012,0,.012,0,.2053854,.2413701,.1222022,.1465652,.0223229,.0887588,.044,.462,.025,.196,0,.154,-.1035207,-.0194746,-.0561557,-.451,-.115,-.104,.099,.036,-.029,.012,.012,.012,-.0359846,-.024363,-.0664359,-.418,-.171,-.154
2000-02,2.504406,.2693806,.2109661,.1551481,.1262964,.0929591,.0912875,.139,.317,.054,.237,.006,.153,.343,.151,.213,.063,.142,.056,0,0,0,0,0,0,.2895334,.2377459,.1647137,.1441298,.103604,.1041775,.154,.435,.034,.334,0,.215,.0584144,.0288517,.0016716,-.178,-.184,-.147,.193,.15,.086,0,0,0,.0517876,.0205839,-.0005735,-.281,-.3,-.215,.2416738,.2151943,.0871076,.1308255,.0151903,.0706173,.212,.353,.054,.234,.006,.114,.259,.137,.106,.072,.02,.046,0,0,0,0,0,0,.2500653,.2455803,.0870658,.1492984,.0148541,.0805887,.229,.496,.034,.329,0,.16,.0264795,-.0437178,-.0554271,-.141,-.18,-.108,.122,.034,-.026,0,0,0,.004485,-.0622326,-.0657346,-.267,-.294,-.16,.1309321,.281967,.0685488,.1965405,.00495,.1084723,.162,.376,.031,.256,.006,.094,.113,.228,.09,.163,.004,.117,0,0,0,0,0,0,.1309202,.3187722,.0658864,.2242926,.0031678,.1237889,.183,.519,.002,.359,0,.132,-.1510348,-.1279917,-.1035223,-.215,-.225,-.088,-.115,-.073,-.112,0,0,0,-.1878521,-.1584062,-.1206211,-.335,-.357,-.132
2000-03,2.847425,.2568367,.2815332,.0761223,.0691836,.046174,.0637892,.437,.168,.122,.096,.045,.083,.154,.347,.05,.054,.047,.053,0,.772,0,0,0,0,.1812953,.3215978,.0770724,.079029,.0428622,.072867,.236,.236,.138,.135,.03,.116,-.0246964,.0069388,-.0176152,.269,.026,-.037,-.193,-.004,-.006,-.772,0,0,-.1403025,-.0019566,-.0300047,0,.003,-.086,.2552507,.3485968,.1232026,.108139,.0446414,.0709962,.423,.15,.176,.12,.041,.076,.159,.462,.093,.101,.047,.068,0,.772,0,0,0,0,.1794267,.3982052,.1229399,.1235282,.0411115,.0810996,.217,.211,.188,.169,.025,.107,-.0933461,.0150636,-.0263547,.273,.056,-.035,-.304,-.009,-.021,-.772,0,0,-.2187786,-.0005883,-.039988,.005,.019,-.082,.2074589,.4187088,.0729102,.1427131,.0277957,.1055702,.403,.133,.132,.126,.024,.082,.095,.583,.039,.152,.03,.119,0,.772,0,0,0,0,.1168411,.4782948,.0672639,.1630224,.0218685,.1205938,.18,.187,.151,.177,0,.116,-.2112499,-.0698029,-.0777745,.27,.006,-.059,-.487,-.113,-.089,-.772,0,0,-.3614537,-.0957585,-.0987252,-.008,-.027,-.116
2000-04,2.296988,.2179627,.3862023,.0880666,.2426758,.0402791,.046755,.306,.126,.074,.1,.06,.037,.167,.537,.096,.325,.029,.052,0,.772,0,.772,0,0,.2487502,.4240305,.1001616,.2775977,.0460754,.0534832,.433,.17,.102,.142,.086,.053,-.1682397,-.1546093,-.0064759,.181,-.026,.023,-.37,-.229,-.024,-.772,-.772,0,-.1752804,-.1774361,-.0074078,.262,-.04,.033,.1943094,.4371862,.1045399,.2386773,.0660789,.0799123,.312,.14,.078,.1,.06,.078,.126,.609,.12,.319,.07,.081,0,.772,0,.772,0,0,.2216372,.497724,.1189495,.2730238,.0749539,.0914119,.44,.191,.108,.142,.083,.11,-.2428768,-.1341375,-.0138333,.171,-.022,-.018,-.482,-.199,-.011,-.772,-.772,0,-.2760868,-.1540743,-.016458,.249,-.034,-.027,.2108143,.3902022,.0803303,.2765876,.0361571,.1244599,.31,.143,.065,.084,.041,.081,.153,.533,.089,.388,.033,.15,0,.772,0,.772,0,0,.2330575,.4439788,.0837965,.3163895,.0357725,.1423701,.429,.195,.082,.119,.056,.115,-.1793879,-.1962574,-.0883029,.167,-.019,-.04,-.38,-.299,-.116,-.772,-.772,0,-.2109213,-.2325931,-.1065976,.234,-.038,-.058
2000-05,2.314128,.2545604,.1942875,.1504833,.1449903,.0562712,.0638965,.201,.209,.174,.066,.039,.048,.285,.186,.137,.19,.066,.073,0,.013,0,.013,0,.013,.2857802,.1988239,.17224,.1496926,.0644068,.0731346,.285,.272,.247,.094,.055,.068,.0602729,.005493,-.0076253,-.008,.108,-.009,.099,-.053,-.007,-.013,-.013,-.013,.0869563,.0225474,-.0087278,.014,.153,-.013,.160824,.2448243,.1161879,.1430113,.0672386,.0721899,.178,.184,.158,.038,.035,.013,.151,.28,.092,.203,.086,.106,0,.239,0,.013,0,.013,.1784914,.2698258,.1329863,.1636877,.0769599,.082627,.252,.225,.224,.053,.05,.018,-.0840004,-.0268234,-.0049513,-.006,.121,.022,-.129,-.111,-.021,-.239,-.013,-.013,-.0913344,-.0307015,-.0056672,.027,.171,.032,.1198958,.2212346,.0798487,.1423068,.0406871,.1059584,.098,.245,.061,.034,.02,.015,.133,.207,.09,.204,.052,.158,0,.013,0,.013,0,.013,.1316459,.2150707,.0858088,.1628814,.0409853,.1212777,.138,.218,.087,.049,.029,.021,-.1013388,-.0624581,-.0652713,-.148,.027,.005,-.075,-.114,-.106,-.013,-.013,-.013,-.0834249,-.0770726,-.0802925,-.08,.038,.007
2000-06,2.614095,.4712157,.2094201,.1363691,.1593456,.1032034,.1212727,.191,.28,.051,.142,.031,.044,.631,.169,.185,.169,.144,.165,.987,.013,0,.013,0,.013,.5038542,.2397563,.1505446,.1824281,.1181532,.13884,.168,.396,.072,.201,.044,.063,.2617956,-.0229765,-.0180693,-.089,-.091,-.013,.462,.016,-.021,.975,-.013,-.013,.2640978,-.0318835,-.0206867,-.228,-.13,-.019,.3778386,.242012,.0938473,.1555368,.057277,.1146745,.17,.281,.032,.115,.013,.009,.497,.22,.129,.179,.083,.175,.761,.013,0,.013,0,.013,.3969507,.2739304,.1018632,.1749285,.065574,.131286,.139,.387,.046,.151,.018,.013,.1358266,-.0616895,-.0573975,-.111,-.082,.004,.277,-.05,-.092,.748,-.013,-.013,.1230203,-.0730653,-.065712,-.249,-.106,.005,.3462566,.343753,.0827453,.1533677,.0603416,.1156204,.109,.366,.032,.111,.013,.007,.482,.331,.112,.178,.087,.178,.987,.013,0,.013,0,.013,.3882382,.3904093,.089153,.1724452,.0635039,.132369,.146,.508,.046,.147,.018,.01,.0025036,-.0706224,-.0552788,-.257,-.079,.006,.151,-.066,-.09,.975,-.013,-.013,-.0021711,-.0832922,-.068865,-.362,-.101,.008
2000-07,2.59944,.2474612,.1472325,.2014887,.0941781,.0532664,.0586059,.131,.258,.073,.137,.029,.044,.313,.084,.274,.07,.067,.067,.226,.013,.226,.013,0,0,.2577994,.1659436,.222377,.1081868,.0547806,.0673233,.179,.358,.095,.196,.041,.063,.1002287,.1073107,-.0053395,-.127,-.064,-.016,.229,.205,.001,.214,.214,0,.0918558,.1141902,-.0125427,-.179,-.101,-.023,.2330065,.2082527,.1437864,.1307009,.0172086,.0766043,.117,.315,.049,.141,.01,.017,.299,.147,.198,.125,.021,.11,.226,.013,.001,0,0,0,.240587,.2360403,.1560916,.1469529,.0133593,.0848096,.157,.44,.061,.191,.014,.014,.0247538,.0130855,-.0593957,-.198,-.092,-.007,.151,.073,-.089,.214,.001,0,.0045467,.0091386,-.0714503,-.283,-.13,.001,.1430161,.1983397,.0829693,.1479075,.0174424,.0776983,.078,.288,.017,.182,.01,.015,.18,.147,.121,.129,.022,.113,.226,.013,.226,.013,0,.013,.1371567,.2246529,.0862281,.166719,.013628,.0860663,.1,.401,.014,.249,.014,.01,-.0553236,-.0649382,-.0602558,-.21,-.165,-.005,.033,-.008,-.092,.214,.214,-.013,-.0874962,-.0804909,-.0724384,-.301,-.234,.004
2000-08,2.415668,.3079406,.218124,.153241,.1049074,.1212446,.0619443,.352,.358,.063,.191,.03,.072,.283,.139,.204,.056,.173,.056,.226,.013,.226,.013,.226,.013,.2653747,.214796,.1567223,.1171537,.1364606,.0710704,.256,.39,.081,.262,.034,.103,.0898165,.0483336,.0593003,-.006,-.128,-.042,.144,.148,.117,.213,.213,.213,.0505787,.0395685,.0653902,-.133,-.181,-.07,.2741489,.1927979,.1424734,.0897738,.0680582,.0369767,.317,.33,.05,.201,.011,.062,.25,.115,.195,.027,.1,.023,.226,.013,.226,.013,0,0,.2289844,.1889226,.146748,.0997905,.0778181,.0392149,.215,.361,.07,.276,.015,.078,.081351,.0526996,.0310815,-.013,-.151,-.051,.135,.168,.078,.213,.213,0,.0400618,.0469575,.0386032,-.145,-.206,-.063,.2327737,.2072097,.084816,.1134919,.0454064,.0903484,.318,.332,.051,.173,.011,.109,.185,.137,.104,.08,.065,.08,.226,.013,.226,.013,.226,.013,.1815135,.2055111,.080596,.127003,.051829,.1004497,.215,.363,.072,.236,.015,.144,.025564,-.0286759,-.044942,-.014,-.122,-.098,.048,.024,-.015,.213,.213,.213,-.0239977,-.0464069,-.0486207,-.147,-.164,-.13
2000-09,2.484782,.3001799,.1534437,.1504228,.0644964,.0887418,.0382192,.126,.243,.126,.14,.027,.106,.399,.103,.164,.022,.124,0,.761,0,0,0,0,0,.3246782,.1633332,.1530302,.0712921,.0823329,.0438059,.17,.302,.17,.19,.029,.15,.1467362,.0859264,.0505227,-.117,-.014,-.079,.296,.143,.124,.761,0,0,.161345,.081738,.0385271,-.132,-.02,-.122,.3616263,.1978723,.1842255,.0695325,.1173213,.0514263,.132,.206,.12,.118,.025,.113,.492,.193,.22,.042,.169,.016,.987,.013,.226,.013,.226,.013,.3975079,.2162747,.1941755,.0796965,.1174915,.0589435,.186,.257,.17,.168,.035,.161,.1637539,.114693,.0658951,-.075,.003,-.088,.298,.178,.153,.974,.213,.213,.1812331,.114479,.0585479,-.071,.003,-.126,.3430545,.1879624,.1536648,.1104076,.0703936,.0769313,.139,.242,.12,.137,.026,.09,.458,.157,.172,.095,.095,.07,.987,.013,.226,.013,.226,.013,.3762214,.2049162,.1591475,.1265465,.0637041,.0881768,.196,.308,.17,.195,.037,.128,.1550921,.0432572,-.0065377,-.103,-.017,-.063,.301,.077,.026,.974,.213,.213,.1713052,.032601,-.0244728,-.112,-.025,-.091
2000-10,2.453163,.3130768,.2615117,.1894363,.0936326,.0761877,.0250083,.255,.346,.09,.15,.09,.069,.346,.213,.247,.061,.068,0,.761,0,.761,0,0,0,.3006693,.2221055,.1981927,.0975906,.0682689,.0286906,.245,.227,.119,.18,.119,.098,.0515651,.0958037,.0511795,-.091,-.061,.021,.133,.185,.068,.761,.761,0,.0785638,.1006021,.0395783,.018,-.061,.021,.3595354,.295004,.2558073,.1720727,.1072849,.0470113,.189,.429,.097,.191,.097,.107,.457,.218,.347,.161,.113,.013,.987,.013,.987,.013,.226,.013,.3853948,.2599209,.276818,.1869722,.1064266,.0539334,.257,.342,.137,.235,.137,.152,.0645314,.0837346,.0602736,-.24,-.094,-.01,.239,.186,.101,.974,.974,.213,.1254739,.0898458,.0524931,-.085,-.098,-.014,.3087082,.2536699,.2573881,.1513263,.1347536,.0819324,.185,.431,.102,.2,.102,.11,.379,.152,.346,.124,.153,.066,.987,.013,.987,.013,.226,.013,.3270836,.2125005,.2786317,.163171,.1379399,.0939965,.252,.345,.145,.248,.145,.156,.0550383,.1060618,.0528211,-.246,-.097,-.007,.227,.222,.087,.974,.974,.213,.114583,.1154606,.0439434,-.093,-.102,-.01
2000-11,2.502115,.1941627,.1901544,.1002928,.1563444,.0441865,.0241307,.187,.25,.095,.226,.028,.056,.198,.156,.103,.117,.053,.006,.225,.013,0,0,0,0,.1962559,.1493367,.098618,.1108495,.0342622,.0276787,.232,.12,.135,.087,.04,.08,.0040083,-.0560517,.0200559,-.063,-.131,-.028,.042,-.013,.047,.213,0,0,.0469192,-.0122316,.0065834,.112,.048,-.04,.1733551,.2111212,.1263443,.1796705,.0733539,.1020436,.141,.236,.097,.205,.03,.036,.192,.197,.143,.165,.098,.139,.225,.013,.225,.013,.225,.013,.1699382,.1736804,.1259979,.1376053,.0652675,.1170476,.158,.101,.13,.057,.034,.051,-.0377661,-.0533262,-.0286897,-.095,-.108,-.006,-.006,-.023,-.042,.213,.213,.213,-.0037422,-.0116075,-.0517801,.058,.073,-.017,.1566019,.2820218,.1076649,.1545472,.0789571,.0802855,.147,.352,.099,.219,.04,.047,.162,.242,.113,.118,.101,.099,.225,.013,.225,.013,.225,.013,.1507217,.2266394,.1045719,.108788,.0716945,.0920903,.166,.169,.132,.076,.048,.066,-.1254199,-.0468823,-.0013284,-.205,-.12,-.007,-.08,-.006,.002,.213,.213,.213,-.0759177,-.0042161,-.0203958,-.002,.056,-.018
2000-12,2.424535,.2755371,.1844501,.1507991,.0625327,.0976588,.0161505,.289,.237,.159,.108,.066,.034,.268,.155,.146,.037,.115,.006,.001,0,.001,0,0,0,.2884141,.1781785,.1461742,.0440852,.0952906,.0185303,.374,.222,.191,.059,.094,.049,.091087,.0882664,.0815083,.052,.05,.032,.113,.11,.109,.001,.001,0,.1102356,.102089,.0767603,.151,.132,.045,.2627644,.2428885,.1418521,.1264986,.1145848,.1049426,.256,.151,.105,.044,.078,.036,.267,.294,.163,.173,.135,.144,.225,.013,.225,.013,.225,.013,.2712569,.2753923,.1334064,.1451384,.1121573,.1204061,.318,.204,.105,.062,.103,.052,.0198759,.0153535,.0096422,.104,.061,.042,-.028,-.01,-.009,.212,.212,.212,-.0041354,-.011732,-.0082489,.113,.043,.051,.2984639,.3204294,.1215341,.1968147,.1020852,.080457,.331,.274,.116,.148,.084,.039,.28,.346,.125,.224,.112,.103,.225,.013,.225,.013,.225,.013,.3122167,.3366971,.1100945,.1981539,.0978158,.0923126,.425,.284,.121,.115,.11,.056,-.0219656,-.0752806,.0216282,.057,-.032,.044,-.066,-.1,.009,.212,.212,.212,-.0244804,-.0880594,.0055033,.141,.006,.054
2001-01,2.630385,.4277414,.1374279,.1888769,.0744205,.11633,.011247,.227,.165,.118,.054,.101,.009,.541,.122,.229,.086,.125,.013,.987,0,.001,0,.001,0,.4618301,.1522869,.196628,.0796904,.1133814,.0129586,.314,.215,.158,.057,.135,.013,.2903135,.1144564,.1050831,.061,.064,.092,.419,.143,.112,.987,.001,.001,.3095432,.1169377,.1004228,.098,.102,.123,.3650927,.1599673,.1842022,.0976769,.110406,.0736895,.186,.102,.094,.044,.059,.009,.466,.193,.235,.128,.139,.11,.987,.013,.225,.013,.225,.013,.3896468,.1810592,.1912419,.1092888,.1065558,.0849044,.256,.134,.123,.052,.075,.013,.2051254,.0865253,.0367165,.085,.049,.05,.273,.108,.029,.975,.212,.212,.2085876,.0819531,.0216514,.122,.071,.063,.3667915,.1857183,.1799038,.1407539,.078491,.0820065,.169,.1,.055,.076,.034,.036,.478,.234,.25,.177,.103,.108,.987,.013,.225,.013,.225,.013,.3916041,.2107293,.1862892,.1589218,.0697837,.0944871,.231,.132,.068,.097,.04,.051,.1810732,.0391498,-.0035154,.068,-.021,-.001,.245,.073,-.005,.975,.212,.212,.1808748,.0273674,-.0247035,.098,-.029,-.011
2001-02,2.474416,.3470501,.1413507,.2553234,.0705096,.07073,.02792,.225,.22,.122,.101,.055,.031,.415,.098,.33,.053,.079,.026,.987,0,.987,0,.001,0,.3961886,.1491153,.2907721,.0750868,.0786289,.0261408,.311,.267,.165,.124,.07,.023,.2056994,.1848138,.0428101,.005,.021,.025,.317,.276,.053,.987,.987,.001,.2470733,.2156853,.0524881,.045,.041,.047,.3443164,.1613569,.2181859,.0650044,.0707645,.0258873,.242,.311,.108,.091,.029,.034,.402,.078,.279,.05,.094,.022,.987,0,.987,0,.225,0,.393047,.1721073,.248092,.0713895,.0786686,.0264343,.335,.398,.145,.119,.032,.036,.1829596,.1531814,.0448772,-.07,.017,-.005,.324,.229,.072,.987,.987,.225,.2209397,.1767025,.0522343,-.063,.026,-.004,.3353669,.1497451,.2091785,.0468588,.0677939,.0345177,.223,.274,.083,.035,.017,.02,.398,.081,.279,.053,.096,.042,.987,.013,.987,.013,.225,.013,.3827618,.1620791,.2377403,.0538522,.0752546,.0396693,.308,.356,.11,.051,.014,.029,.1856218,.1623197,.0332762,-.051,.048,-.004,.317,.226,.054,.975,.975,.212,.2206827,.183888,.0355853,-.047,.059,-.015
2001-03,2.065152,.4691529,.2743579,.2877157,.1038212,.2324895,.0538573,.419,.34,.205,.218,.122,.084,.497,.238,.334,.04,.294,.037,1,0,.988,0,.988,0,.4504578,.2822259,.310885,.1060655,.2474859,.0560199,.35,.402,.283,.265,.164,.099,.194795,.1838945,.1786322,.08,-.013,.038,.259,.294,.258,1,.988,.988,.1682319,.2048195,.191466,-.053,.018,.064,.4531848,.305723,.2804226,.0908069,.2279633,.0301203,.385,.415,.199,.201,.113,.033,.491,.245,.326,.029,.292,.028,1,0,.988,0,.988,0,.4321266,.2943926,.3025127,.1017286,.2422898,.0345777,.301,.427,.273,.277,.152,.047,.1474618,.1896157,.197843,-.03,-.002,.08,.247,.297,.264,1,.988,.988,.137734,.2007841,.2077121,-.125,-.004,.105,.3926392,.315774,.2776762,.1006405,.2172931,.0277537,.364,.418,.173,.222,.084,.02,.409,.259,.336,.033,.292,.032,.988,0,.988,0,.988,0,.3626209,.30264,.2993598,.1097265,.2300405,.0285701,.27,.42,.237,.295,.11,.017,.0768653,.1770357,.1895393,-.054,-.049,.063,.15,.304,.26,.988,.988,.988,.0599809,.1896333,.2014704,-.149,-.058,.092
2001-04,2.31822,.4274088,.2102615,.2967865,.1589808,.1845733,.038038,.201,.187,.042,.153,.021,.076,.552,.223,.437,.162,.275,.017,.988,0,.988,0,.988,0,.4435779,.2165188,.3201558,.1576713,.1913849,.0380055,.184,.211,.05,.162,.02,.088,.2171473,.1378058,.1465352,.014,-.111,-.055,.329,.275,.258,.988,.988,.988,.2270591,.1624845,.1533794,-.027,-.112,-.068,.4195293,.2437848,.3275853,.1721944,.2224073,.040669,.093,.178,.049,.145,.048,.082,.6,.28,.481,.187,.319,.018,.988,0,.988,0,.988,0,.4610099,.2549887,.355499,.1761417,.2348016,.0443317,.122,.198,.06,.162,.059,.109,.1757445,.1553909,.1817383,-.085,-.096,-.035,.319,.294,.301,.988,.988,.988,.2060212,.1793574,.1904698,-.075,-.102,-.05,.345929,.1853432,.261699,.1218349,.2146753,.0548463,.082,.178,.027,.149,.022,.122,.492,.19,.391,.107,.321,.018,.988,0,.988,0,.988,0,.3765495,.1879237,.2798908,.1150444,.2259287,.057294,.107,.198,.029,.157,.022,.154,.1605858,.1398641,.159829,-.096,-.122,-.101,.302,.284,.303,.988,.988,.988,.1886258,.1648465,.1686347,-.091,-.128,-.132
2001-05,2.493865,.3263032,.2657192,.2653211,.1070566,.164408,.0856688,.184,.363,.119,.074,.006,.033,.405,.212,.346,.125,.252,.115,.764,0,.764,0,.764,0,.3203211,.2223444,.2577404,.1092349,.1691024,.0880462,.133,.256,.066,.084,0,.037,.060584,.1582645,.0787392,-.179,.045,-.026,.193,.221,.137,.764,.764,.764,.0979766,.1485055,.0810562,-.124,-.018,-.037,.3754244,.2174952,.3156831,.1660972,.2146997,.1122773,.159,.266,.039,.135,.011,.103,.495,.191,.468,.183,.327,.117,.988,.012,.988,0,.988,0,.376649,.2260009,.3425715,.1670621,.2436299,.108683,.097,.324,.046,.137,.007,.104,.1579292,.1495858,.1024224,-.107,-.096,-.092,.304,.285,.21,.976,.988,.988,.1506481,.1755093,.1349469,-.227,-.091,-.097,.3747363,.1776467,.3047414,.1070761,.2154502,.0658741,.157,.263,.037,.123,.009,.109,.495,.131,.453,.098,.329,.042,.988,0,.988,0,.988,0,.3758599,.187817,.3300245,.1068929,.2444906,.059646,.095,.32,.044,.12,.004,.1,.1970896,.1976653,.1495761,-.105,-.086,-.1,.364,.354,.287,.988,.988,.988,.1880429,.2231316,.1848446,-.225,-.076,-.096
2001-06,2.335867,.4054846,.1619788,.2516127,.0647557,.2133186,.0249897,.261,.141,.108,.027,.076,.027,.486,.174,.331,.086,.289,.024,.999,0,.764,0,.764,0,.4019646,.1780058,.2355835,.0663014,.216011,.0206122,.21,.201,.028,.037,.008,.037,.2435058,.1868569,.1883288,.12,.082,.049,.312,.245,.266,.999,.764,.764,.2239588,.1692822,.1953988,.009,-.01,-.03,.410289,.197072,.2785019,.0908111,.2627111,.0828954,.285,.268,.044,.095,.015,.078,.48,.158,.409,.089,.4,.086,.988,.012,.988,.012,.988,0,.3782386,.2260992,.2955594,.1040107,.2848622,.0949159,.143,.383,.037,.135,.022,.11,.2132169,.1876908,.1798157,.017,-.051,-.062,.322,.32,.314,.976,.976,.988,.1521394,.1915487,.1899463,-.24,-.097,-.088,.400648,.1887061,.2903947,.1102298,.2641709,.0930168,.297,.279,.045,.101,.015,.086,.458,.139,.427,.115,.403,.097,.988,0,.988,0,.988,0,.3666036,.213122,.3092236,.1229567,.2865395,.1031797,.158,.387,.038,.132,.022,.11,.2119419,.1801648,.1711542,.018,-.056,-.071,.319,.312,.306,.988,.988,.988,.1534816,.1862669,.1833598,-.229,-.094,-.088
2001-07,2.058469,.2745847,.0632798,.2037056,.0593915,.0873912,.0346015,.421,.069,.3,.043,.036,.001,.193,.06,.15,.069,.116,.053,0,.001,0,0,0,0,.2122261,.0645217,.1309883,.0600652,.0762427,.0316522,.301,.097,.128,.059,.026,0,.2113049,.1443141,.0527897,.352,.257,.035,.133,.082,.063,-.001,0,0,.1477044,.0709232,.0445905,.204,.068,.025,.2332733,.1777498,.1730439,.1106855,.0873524,.0431514,.368,.284,.276,.14,.036,.065,.159,.119,.116,.094,.116,.031,0,.012,0,.012,0,.012,.1751933,.1682408,.1061616,.1265422,.0761982,.0491384,.261,.308,.13,.199,.026,.091,.0555235,.0623584,.044201,.083,.136,-.029,.04,.022,.085,-.012,-.012,-.012,.0069526,-.0203806,.0270598,-.048,-.069,-.065,.4133442,.1565408,.3510018,.0748923,.2394368,.0523768,.376,.248,.278,.107,.037,.071,.434,.106,.391,.057,.352,.042,.988,.012,.988,0,.988,0,.3810374,.1405581,.3095839,.082144,.250509,.056338,.27,.245,.131,.139,.027,.089,.2568035,.2761095,.18706,.128,.172,-.035,.328,.334,.31,.976,.988,.988,.2404793,.2274399,.1941709,.025,-.008,-.062
2001-08,2.053415,.2085651,.2715113,.1290163,.0394136,.0967878,.0323545,.092,.323,.069,.067,.046,.043,.273,.243,.162,.024,.125,.027,0,.224,0,.001,0,0,.2212022,.274615,.1301437,.0372674,.093252,.0367088,.069,.359,.037,.094,.004,.06,-.0629462,.0896027,.0644333,-.231,.002,.003,.03,.138,.098,-.224,-.001,0,-.0534128,.0928762,.0565432,-.29,-.058,-.056,.2653061,.2415754,.1758867,.1495811,.1505859,.0821704,.288,.369,.264,.277,.26,.133,.253,.171,.128,.079,.09,.054,0,0,0,0,0,0,.2277111,.2370061,.1259165,.1371909,.0969549,.0937325,.144,.413,.111,.301,.106,.188,.0237307,.0263056,.0684155,-.081,-.014,.127,.082,.048,.036,0,0,0,-.009295,-.0112744,.0032224,-.269,-.19,-.082,.4146319,.2217574,.327531,.1286896,.3022302,.0545916,.297,.314,.262,.231,.259,.104,.48,.171,.363,.072,.326,.027,.988,0,.988,0,.988,0,.3986426,.2143207,.2989392,.1098899,.2699777,.0587767,.156,.335,.107,.224,.102,.135,.1928744,.1988414,.2476386,-.018,.031,.155,.309,.291,.299,.988,.988,.988,.1843219,.1890493,.211201,-.179,-.117,-.032
2001-09,1.296077,.2673416,.3245332,.056342,.1414242,.0155452,.030744,.1,.542,.049,.144,.031,.07,.36,.205,.06,.14,.007,.009,.764,0,0,0,0,0,.2941758,.28343,.0566273,.1614414,.0105855,.0351051,.103,.519,.043,.204,.019,.099,-.0571916,-.0850822,-.0151988,-.441,-.095,-.039,.155,-.08,-.002,.764,0,0,.0107458,-.1048141,-.0245197,-.416,-.161,-.079,.2845981,.1918631,.0883727,.1114788,.0391566,.0836858,.137,.326,.113,.147,.098,.131,.366,.118,.075,.092,.007,.058,.765,0,0,0,0,0,.3172626,.195235,.0932018,.1200465,.0375462,.0883109,.166,.459,.133,.206,.113,.184,.092735,-.023106,-.0445292,-.189,-.033,-.033,.248,-.017,-.051,.765,0,0,.1220276,-.0268447,-.0507647,-.292,-.073,-.071,.3416264,.2541538,.2364251,.129013,.190712,.0697182,.154,.374,.118,.141,.096,.125,.445,.188,.302,.122,.243,.039,.988,0,.988,0,.988,0,.3823806,.2663619,.2622561,.140068,.2100583,.072362,.191,.527,.14,.198,.109,.175,.0874726,.1074122,.1209938,-.22,-.023,-.028,.257,.179,.203,.988,.988,.988,.1160187,.1221881,.1376963,-.336,-.058,-.066
2001-10,1.508769,.1867609,.2178229,.1629449,.1298683,.0372025,.053069,.059,.198,.027,.15,.016,.047,.257,.229,.238,.119,.049,.056,.764,0,.764,0,0,0,.2108149,.2209476,.1834864,.1299742,.0426895,.0608509,.073,.24,.027,.206,.023,.068,-.031062,.0330767,-.0158665,-.139,-.123,-.031,.029,.119,-.007,.764,.764,0,-.0101327,.0535122,-.0181614,-.167,-.179,-.045,.1803485,.2062915,.1476396,.1098271,.0216633,.0483052,.084,.13,.017,.106,.006,.049,.233,.248,.22,.112,.03,.048,.765,0,.765,0,0,0,.2008357,.2127382,.1694146,.1020917,.0248583,.0478779,.1,.186,.025,.152,.009,.07,-.025943,.0378125,-.026642,-.046,-.089,-.043,-.015,.108,-.018,.765,.765,0,-.0119025,.0673229,-.0230196,-.086,-.127,-.061,.2193146,.1997703,.1906009,.1089725,.1806793,.0559825,.077,.112,.017,.076,.017,.043,.298,.248,.287,.127,.271,.063,.988,0,.988,0,.988,0,.2490399,.2052552,.2187122,.1011111,.2073273,.0566875,.101,.16,.025,.108,.025,.061,.0195443,.0816284,.1246967,-.035,-.059,-.026,.05,.159,.208,.988,.988,.988,.0437847,.1176012,.1506398,-.058,-.083,-.036
2001-11,1.304331,.2198709,.3818453,.1271302,.157308,.1193105,.1018842,.127,.362,.018,.117,.006,.095,.273,.393,.19,.18,.184,.106,.764,.224,.764,0,.764,0,.2506201,.3846286,.1449095,.1623222,.1359962,.0991474,.177,.391,.025,.163,.008,.132,-.1619744,-.0301777,.0174263,-.235,-.1,-.089,-.12,.01,.078,.541,.764,.764,-.1340086,-.0174126,.0368489,-.213,-.138,-.124,.2737259,.343687,.1418498,.1120115,.1222376,.0795874,.141,.363,.044,.126,.014,.109,.35,.333,.198,.104,.184,.063,.776,.223,.764,0,.764,0,.2998584,.3411338,.1591501,.1104201,.1393327,.0735049,.155,.392,.053,.174,.02,.151,-.0699612,.0298383,.0426502,-.222,-.081,-.095,.017,.094,.122,.554,.764,.764,-.0412754,.04873,.0658278,-.237,-.121,-.132,.3175354,.236907,.173097,.1278397,.1595036,.1043493,.157,.258,.026,.099,.008,.071,.41,.225,.257,.144,.246,.123,1,0,.988,0,.988,0,.3497948,.2160091,.1947672,.1284618,.1818104,.1017297,.177,.235,.028,.137,.012,.098,.0806284,.0452574,.0551543,-.101,-.073,-.063,.185,.113,.123,1,.988,.988,.1337857,.0663054,.0800806,-.057,-.109,-.087
2001-12,1.050914,.2342376,.4470968,.1797405,.2640019,.1220875,.1173424,.124,.541,.04,.251,.001,.08,.296,.394,.258,.271,.19,.138,.765,.012,.765,0,.765,0,.2659276,.3933732,.2040575,.2527708,.1386047,.1176611,.173,.416,.056,.241,.001,.112,-.2128592,-.0842614,.0047451,-.417,-.211,-.079,-.099,-.014,.052,.753,.765,.765,-.1274457,-.0487133,.0209436,-.243,-.186,-.11,.2152123,.3345976,.1819728,.1808899,.1287195,.1181537,.122,.445,.042,.191,.02,.083,.267,.273,.26,.175,.19,.138,.765,0,.765,0,.765,0,.2417472,.2656541,.2040107,.1584146,.1435529,.1183242,.161,.282,.05,.158,.018,.115,-.1193853,.0010828,.0105658,-.322,-.149,-.064,-.006,.085,.052,.765,.765,.765,-.0239068,.0455961,.0252287,-.12,-.108,-.097,.3375447,.3506783,.2266451,.1419886,.162076,.0813927,.205,.55,.095,.143,.016,.044,.412,.239,.3,.141,.244,.103,.988,0,.988,0,.988,0,.38063,.2839102,.2547267,.1142503,.1814221,.0765899,.276,.428,.123,.092,.014,.06,-.0131336,.0846565,.0806832,-.345,-.048,-.027,.173,.159,.141,.988,.988,.988,.0967198,.1404764,.1048322,-.152,.031,-.046
2002-01,.6615317,.1312985,.2549315,.0672431,.1848954,.0440561,.1425761,.071,.343,.027,.243,.001,.144,.164,.207,.089,.153,.067,.142,0,.012,0,.012,0,0,.1491099,.2618143,.076365,.1919447,.0500325,.1438846,.099,.439,.037,.333,.002,.195,-.123633,-.1176523,-.0985201,-.272,-.217,-.143,-.043,-.064,-.074,-.012,-.012,0,-.1127045,-.1155798,-.0938521,-.34,-.296,-.193,.1398746,.2084773,.0688799,.1283553,.0534891,.065728,.18,.272,.061,.169,.024,.103,.118,.174,.073,.106,.07,.045,0,.012,0,0,0,0,.1562411,.2088348,.0756156,.127511,.0581369,.056388,.242,.339,.076,.229,.024,.137,-.0686027,-.0594754,-.0122389,-.092,-.108,-.079,-.056,-.033,.024,-.012,0,0,-.0525936,-.0518954,.0017489,-.097,-.153,-.113,.2734307,.2280966,.208574,.1395438,.1668251,.0534054,.183,.308,.145,.204,.033,.068,.323,.185,.243,.104,.24,.046,.764,.012,.764,0,.764,0,.307915,.2253204,.23426,.1402173,.1868476,.0423937,.246,.389,.193,.278,.037,.088,.0453342,.0690302,.1134197,-.125,-.06,-.035,.138,.139,.194,.752,.764,.764,.0825946,.0940427,.1444539,-.143,-.085,-.051
2002-02,.6749781,.3140216,.3514607,.1008848,.1063957,.0579609,.0571175,.27,.297,.013,.142,.001,.089,.338,.382,.149,.087,.089,.04,0,1,0,.012,0,.012,.255911,.369102,.1143083,.0940068,.0656731,.0477125,.048,.364,.018,.159,.002,.117,-.0374391,-.0055109,.0008433,-.027,-.13,-.088,-.043,.063,.05,-1,-.012,-.012,-.113191,.0203015,.0179605,-.316,-.141,-.116,.3664847,.3369738,.0965904,.140308,.0466492,.0938866,.364,.285,.109,.165,.022,.125,.368,.366,.09,.127,.06,.077,0,1,0,.012,0,0,.3155721,.3550481,.1094426,.1322141,.0528563,.0891567,.179,.356,.152,.19,.031,.167,.0295109,-.0437175,-.0472374,.079,-.056,-.103,.002,-.037,-.017,-1,-.012,0,-.0394759,-.0227715,-.0363005,-.177,-.038,-.136,.3484848,.1823629,.1190691,.1609764,.0739205,.1027795,.325,.258,.109,.2,.099,.15,.361,.141,.124,.14,.06,.077,0,.012,0,.012,0,0,.3207245,.1800822,.1349123,.15585,.0837563,.0994502,.195,.319,.152,.238,.137,.202,.1661218,-.0419073,-.028859,.067,-.09,-.051,.221,-.015,-.017,-.012,-.012,0,.1406424,-.0209377,-.015694,-.124,-.086,-.064
2002-03,.9344931,.3608907,.3281913,.2125998,.2570301,.0652466,.0431963,.324,.232,.238,.152,.006,.082,.381,.381,.198,.315,.098,.022,0,1,0,1,0,.012,.3215026,.3693227,.1534551,.2886808,.0739393,.0489513,.148,.314,.03,.202,.009,.114,.0326993,-.0444303,.0220503,.091,.086,-.076,.001,-.116,.076,-1,-1,-.012,-.0478201,-.1352257,.0249881,-.166,-.173,-.105,.3648651,.2022774,.2261498,.1289714,.0255693,.0739134,.338,.198,.231,.13,.01,.072,.38,.205,.224,.129,.034,.075,0,.235,0,.235,0,.012,.3260065,.2264144,.1688104,.1459352,.0289758,.0835418,.168,.265,.019,.179,.014,.099,.1625877,.0971784,-.0483441,.14,.101,-.062,.175,.095,-.041,-.235,-.235,-.012,.0995921,.0228752,-.054566,-.097,-.16,-.085,.3697821,.1677149,.2072934,.0828384,.0463789,.0820383,.284,.197,.176,.074,.01,.072,.417,.151,.224,.088,.066,.088,.223,.012,0,.012,0,.012,.3465212,.1874661,.1679399,.0938749,.0525579,.0929682,.163,.265,.014,.103,.014,.1,.2020672,.1244549,-.0356594,.087,.102,-.062,.265,.137,-.021,.211,-.012,-.012,.1590551,.0740649,-.0404103,-.102,-.089,-.086
2002-04,1.173764,.371366,.2239076,.3381428,.1090682,.1981283,.0716369,.379,.243,.32,.139,.242,.089,.367,.213,.348,.093,.174,.062,0,.234,0,.234,0,.234,.3216364,.2480932,.2952116,.1213888,.1360529,.0788395,.182,.317,.138,.185,.03,.116,.1474584,.2290747,.1264913,.136,.181,.153,.154,.255,.112,-.234,-.234,-.234,.0735432,.1738228,.0572134,-.135,-.047,-.086,.3973987,.1987846,.2412907,.1048075,.1700927,.0703656,.379,.182,.329,.136,.235,.086,.408,.208,.193,.088,.135,.062,.766,.234,0,.234,0,.234,.3512286,.2197632,.1851169,.1165455,.1041839,.0799867,.181,.232,.151,.181,.019,.12,.1986141,.1364833,.0997271,.197,.193,.149,.199,.105,.073,.531,-.234,-.234,.1314653,.0685714,.0241972,-.052,-.03,-.101,.4161149,.1988024,.2348481,.0887837,.1765622,.0558295,.382,.137,.265,.087,.177,.04,.435,.233,.219,.09,.176,.065,.766,.012,0,.012,0,.012,.3664677,.2197835,.1936075,.0983307,.1333883,.0634631,.185,.17,.135,.112,.014,.055,.2173125,.1460644,.1207327,.245,.178,.137,.202,.129,.112,.754,-.012,-.012,.1466842,.0952768,.0699252,.015,.023,-.042
2002-05,.9785892,.3067989,.1262094,.2288061,.0860287,.2240815,.0783297,.304,.145,.214,.088,.201,.079,.309,.116,.237,.085,.237,.078,0,.234,0,.234,0,.234,.3167307,.139872,.2350835,.0942043,.2316329,.0890263,.313,.19,.213,.11,.201,.11,.1805895,.1427774,.1457518,.159,.126,.122,.193,.152,.159,-.234,-.234,-.234,.1768587,.1408792,.1426066,.123,.103,.091,.2431325,.1944797,.131769,.0934901,.1277464,.0750263,.251,.156,.111,.097,.099,.053,.239,.216,.144,.091,.144,.087,0,.234,0,.234,0,.234,.2441272,.201057,.1247951,.1026846,.1221424,.0852717,.239,.206,.068,.123,.059,.074,.0486528,.0382789,.0527201,.094,.013,.046,.023,.052,.057,-.234,-.234,-.234,.0430702,.0221105,.0368707,.033,-.055,-.015,.1945628,.2409372,.1165723,.1056266,.1037561,.0747436,.216,.222,.068,.086,.032,.048,.183,.251,.144,.116,.144,.09,0,.234,0,.012,0,.012,.2119738,.2538587,.1303291,.1164785,.117682,.0849505,.269,.297,.087,.108,.044,.066,-.0463744,.0109457,.0290125,-.006,-.018,-.016,-.069,.027,.054,-.234,-.012,-.012,-.0418849,.0138506,.0327315,-.028,-.021,-.023
2002-06,.9275172,.2990293,.3564638,.1748343,.0653086,.1127957,.0443603,.293,.43,.157,.152,.114,.113,.302,.316,.184,.018,.112,.007,0,.767,0,0,0,0,.3051282,.3230636,.1664683,.0744088,.1028377,.0505416,.287,.338,.107,.213,.07,.16,-.0574345,.1095257,.0684354,-.138,.006,0,-.014,.166,.106,-.767,0,0,-.0179354,.0920595,.0522961,-.05,-.107,-.09,.2464831,.3868378,.144976,.0809465,.0845214,.0349522,.218,.414,.209,.075,.089,.038,.262,.372,.11,.084,.082,.034,0,.779,0,.012,0,.012,.2452601,.3411254,.1321859,.0756812,.0706236,.0398225,.182,.315,.179,.106,.035,.053,-.1403548,.0640295,.0495692,-.196,.134,.051,-.11,.026,.049,-.779,-.012,-.012,-.0958652,.0565047,.0308011,-.132,.073,-.018,.226982,.3531359,.1389524,.1693017,.0809594,.0975291,.161,.55,.133,.195,.019,.071,.263,.246,.142,.155,.114,.112,0,.012,0,.012,0,.012,.246739,.2991549,.1490202,.1727755,.0899987,.1075464,.184,.494,.154,.262,.019,.087,-.1261539,-.0303493,-.0165697,-.39,-.062,-.051,.017,-.013,.002,-.012,-.012,-.012,-.0524159,-.0237553,-.0175477,-.309,-.107,-.067
2002-07,1.178118,.2399679,.2232102,.2105854,.1411131,.1675539,.0342921,.225,.353,.214,.311,.163,.085,.248,.152,.209,.048,.17,.007,0,0,0,0,0,0,.2642123,.1556284,.2307669,.0789225,.1817852,.0390339,.285,.23,.269,.172,.198,.119,.0167576,.0694723,.1332618,-.128,-.098,.078,.096,.161,.163,0,0,0,.1085839,.1518444,.1427513,.055,.097,.079,.2291542,.2426959,.1479138,.1701861,.0999066,.0552405,.198,.399,.144,.289,.142,.027,.246,.158,.15,.105,.077,.071,.221,.012,0,.012,0,.012,.2482859,.1872277,.1594293,.1046914,.1047839,.0461356,.234,.327,.171,.174,.168,.038,-.0135417,-.0222723,.0446662,-.201,-.145,.115,.089,.045,.006,.209,-.012,-.012,.0610582,.0547378,.0586483,-.093,-.003,.131,.3113669,.2686068,.1355527,.2089726,.1093628,.0839491,.241,.436,.132,.363,.132,.097,.35,.177,.137,.125,.097,.077,.767,.012,0,.012,0,.012,.321551,.2188337,.1453589,.1509536,.1155477,.0752404,.224,.367,.154,.265,.154,.123,.0427601,-.0734199,.0254137,-.195,-.231,.035,.173,.013,.02,.756,-.012,-.012,.1027173,-.0055946,.0403073,-.143,-.111,.031
2002-08,1.383536,.2732147,.3254729,.1601371,.1556117,.1430757,.1112111,.208,.336,.106,.237,.097,.229,.309,.32,.19,.111,.168,.046,0,.232,0,0,0,0,.3091004,.2862939,.1803661,.095457,.1609423,.0449088,.285,.198,.142,.07,.129,.058,-.0522582,.0045254,.0318646,-.127,-.131,-.132,-.011,.079,.122,-.232,0,0,.0228065,.0849091,.1160336,.087,.072,.071,.2130392,.2893257,.1006799,.1647035,.0706206,.1204345,.148,.348,.087,.279,.051,.202,.248,.257,.108,.102,.081,.075,0,.012,0,.012,0,.012,.2295059,.2545211,.1021251,.115187,.0714543,.0647886,.163,.249,.078,.16,.041,.053,-.0762866,-.0640236,-.0498139,-.2,-.192,-.151,-.008,.006,.006,-.012,-.012,-.012,-.0250151,-.0130619,.0066658,-.086,-.082,-.013,.2255672,.3593576,.1151654,.18725,.0706206,.1565295,.212,.365,.141,.297,.051,.258,.233,.356,.101,.127,.081,.101,0,.232,0,.012,0,.012,.2237248,.340222,.0985725,.1468278,.0714543,.1118536,.183,.271,.085,.185,.041,.131,-.1337904,-.0720846,-.0859089,-.152,-.155,-.207,-.124,-.026,-.019,-.232,-.012,-.012,-.1164972,-.0482553,-.0403993,-.089,-.1,-.091
2002-09,1.896167,.1672054,.3495741,.1234412,.2666835,.046535,.1149967,.094,.384,.035,.278,.018,.198,.207,.331,.173,.26,.062,.069,0,.22,0,.22,0,0,.1472738,.3223131,.138473,.2349841,.0510021,.0649729,.041,.276,.042,.153,.019,.049,-.1823687,-.1432424,-.0684617,-.289,-.244,-.18,-.123,-.088,-.007,-.22,-.22,0,-.1750393,-.0965111,-.0139709,-.235,-.111,-.031,.1405913,.3862409,.1146986,.221142,.0484465,.1176745,.102,.414,.042,.278,.042,.232,.162,.371,.155,.19,.052,.054,0,.22,0,0,0,0,.1170036,.370922,.1285294,.1831864,.0531761,.0680185,.052,.342,.052,.152,.052,.097,-.2456496,-.1064434,-.069228,-.311,-.236,-.19,-.209,-.035,-.002,-.22,0,0,-.2539183,-.054657,-.0148424,-.29,-.1,-.045,.1531768,.318281,.1141349,.1914464,.0478828,.1371819,.135,.416,.102,.249,.102,.222,.163,.264,.121,.16,.018,.09,0,0,0,0,0,0,.131318,.2936263,.1038216,.1494115,.0284683,.0902057,.097,.346,.052,.111,.052,.083,-.1651042,-.0773114,-.0892991,-.282,-.147,-.121,-.101,-.039,-.072,0,0,0,-.1623082,-.0455898,-.0617374,-.248,-.059,-.031
2002-10,1.729996,.1849382,.3285679,.0768444,.2129205,.0376838,.2043745,.182,.437,.121,.242,.061,.232,.186,.27,.053,.197,.025,.19,0,0,0,0,0,0,.1613675,.3048388,.0439681,.1737911,.0409518,.16411,.164,.371,.078,.1,.079,.085,-.1436297,-.1360762,-.1666908,-.254,-.121,-.171,-.084,-.144,-.165,0,0,0,-.1434713,-.129823,-.1231582,-.207,-.021,-.006,.1343018,.3381691,.0737096,.2283284,.035577,.1617371,.106,.436,.066,.255,.005,.236,.15,.285,.078,.214,.052,.121,0,0,0,0,0,0,.1037472,.3157643,.040401,.1913241,.0385545,.1155919,.057,.37,0,.118,0,.091,-.2038673,-.1546188,-.1261601,-.33,-.19,-.231,-.135,-.136,-.069,0,0,0,-.2120171,-.1509232,-.0770374,-.313,-.118,-.091,.2037988,.2918084,.1245557,.2127959,.10834,.1428351,.164,.451,.066,.295,.065,.247,.225,.205,.157,.168,.132,.086,0,0,0,0,0,0,.1828295,.2630093,.09826,.1736493,.0973432,.0940828,.138,.392,0,.174,0,.106,-.0880096,-.0882402,-.0344951,-.288,-.229,-.182,.02,-.012,.046,0,0,0,-.0801799,-.0753894,.0032603,-.254,-.174,-.106
2002-11,1.893442,.2363014,.3353959,.1145693,.1645645,.0290344,.0816281,.252,.286,.104,.182,.061,.063,.228,.362,.12,.155,.012,.092,.219,.781,0,0,0,0,.2463231,.3706713,.1110048,.1851924,.0134544,.0906055,.335,.362,.139,.248,.078,.08,-.0990945,-.0499952,-.0525937,-.034,-.078,-.002,-.134,-.035,-.08,-.563,0,0,-.1243483,-.0741876,-.0771511,-.027,-.109,-.002,.1737924,.3408242,.104821,.1454754,.0230371,.0829584,.189,.339,.032,.193,.006,.078,.166,.342,.144,.12,.032,.085,.219,.781,.219,0,0,0,.185208,.3793516,.110062,.1659111,.0239531,.094612,.245,.445,.037,.272,0,.11,-.1670318,-.0406544,-.0599213,-.151,-.161,-.072,-.176,.024,-.053,-.563,.219,0,-.1941436,-.0558491,-.0706589,-.2,-.235,-.11,.2267004,.3185937,.161576,.1339616,.0915005,.1183572,.129,.305,.015,.157,.006,.117,.28,.326,.241,.122,.138,.119,.218,.781,.218,0,0,0,.2353734,.3515089,.1646148,.1502905,.0846954,.1324941,.16,.388,.013,.212,0,.157,-.0918933,.0276144,-.0268567,-.176,-.142,-.112,-.046,.119,.019,-.564,.218,0,-.1161355,.0143242,-.0477987,-.227,-.199,-.157
2002-12,2.089098,.2130108,.3265922,.0874772,.2533609,.0379349,.111456,.193,.28,.11,.18,.061,.129,.224,.352,.075,.293,.026,.102,0,.782,0,.782,0,0,.2192746,.3452206,.0767057,.2863754,.0237508,.124581,.249,.299,.134,.245,.077,.173,-.1135814,-.1658836,-.0735211,-.087,-.07,-.068,-.128,-.218,-.076,-.782,-.782,0,-.125946,-.2096697,-.1008302,-.051,-.111,-.096,.1817864,.3302024,.0864306,.2813168,.0275508,.1147665,.107,.315,.093,.271,.006,.162,.222,.338,.083,.287,.039,.089,0,.782,0,.782,0,0,.194858,.3739871,.0861801,.3207466,.022579,.1308524,.13,.436,.111,.382,0,.229,-.148416,-.1948863,-.0872157,-.208,-.177,-.156,-.116,-.204,-.05,-.782,-.782,0,-.1791292,-.2345665,-.1082734,-.307,-.271,-.229,.1892805,.3790924,.1400318,.2622093,.1012516,.0818608,.102,.404,.038,.233,.006,.123,.237,.365,.195,.278,.153,.059,0,.782,0,.782,0,0,.1921752,.4050793,.1366263,.2964641,.095942,.0908377,.12,.475,.032,.32,0,.165,-.1898119,-.1221775,.0193908,-.303,-.195,-.117,-.129,-.083,.093,-.782,-.782,0,-.2129041,-.1598377,.0051043,-.355,-.287,-.165
2003-01,2.292717,.1802013,.2567928,.1175223,.1210214,.0241554,.0699279,.067,.312,.014,.168,.006,.072,.242,.227,.174,.096,.034,.069,0,.011,0,.011,0,.011,.1895341,.2924171,.1313678,.1378105,.0250483,.0796289,.061,.439,.011,.235,0,.102,-.0765914,-.0034991,-.0457725,-.246,-.154,-.066,.016,.079,-.035,-.011,-.011,-.011,-.102883,-.0064427,-.0545806,-.378,-.224,-.101,.2156646,.3399198,.12472,.1514577,.0455505,.118932,.155,.548,.054,.254,.04,.225,.249,.227,.163,.096,.049,.061,0,.011,0,.011,0,.011,.2054065,.3180948,.1395213,.1699362,.0494115,.1354312,.099,.528,.067,.348,.048,.316,-.1242552,-.0267377,-.0733816,-.393,-.2,-.185,.022,.068,-.013,-.011,-.011,-.011,-.1126883,-.0304149,-.0860198,-.429,-.281,-.268,.1801681,.3307579,.12405,.1535621,.1032651,.1108874,.088,.541,.054,.279,.023,.197,.23,.216,.162,.085,.147,.064,0,.011,0,.011,0,.011,.1894536,.308227,.1387584,.1723326,.1151327,.1237376,.091,.521,.067,.384,.024,.268,-.1505898,-.0295121,-.0076223,-.453,-.226,-.174,.015,.078,.083,-.011,-.011,-.011,-.1187735,-.0335741,-.0086049,-.431,-.317,-.244
2003-02,2.538503,.2483107,.3052495,.0979431,.1418011,.0441618,.0985222,.338,.427,.067,.222,.014,.126,.2,.239,.115,.098,.06,.084,0,0,0,0,0,0,.1786359,.3185792,.1024357,.1620319,.0479291,.1125784,.108,.561,.061,.315,.011,.179,-.0569388,-.0438579,-.0543604,-.089,-.155,-.112,-.039,.016,-.023,0,0,0,-.1399433,-.0595962,-.0646493,-.453,-.254,-.168,.1660711,.2615152,.1148274,.147385,.0450352,.1075517,.124,.336,.103,.237,.014,.152,.189,.221,.121,.099,.062,.084,0,0,0,0,0,0,.1539328,.2859683,.0953782,.1684124,.0489271,.1228961,.072,.431,.044,.336,.011,.215,-.0954441,-.0325576,-.0625165,-.212,-.134,-.138,-.032,.022,-.022,0,0,0,-.1320355,-.0730342,-.0739691,-.359,-.292,-.204,.2454462,.2503941,.1418647,.1328766,.1208503,.0908717,.146,.325,.031,.216,.014,.124,.299,.21,.202,.088,.179,.073,0,0,0,0,0,0,.2446324,.2707542,.152829,.1493276,.1355587,.1013299,.105,.407,.035,.298,.011,.167,-.004948,.0089881,.0299786,-.179,-.185,-.11,.089,.114,.106,0,0,0,-.0261217,.0035014,.0342288,-.302,-.263,-.156
2003-03,2.524284,.2951009,.4252405,.1653712,.1524578,.0675836,.0512828,.392,.324,.293,.264,.048,.07,.243,.48,.096,.092,.078,.041,.011,.989,0,0,0,0,.2290073,.4742327,.088184,.1617039,.0745993,.058755,.198,.419,.059,.332,.059,.1,-.1301396,.0129134,.0163008,.068,.03,-.022,-.237,.004,.037,-.978,0,0,-.2452254,-.0735198,.0158442,-.221,-.274,-.042,.2924853,.4674291,.0783613,.1812849,.0611095,.1083065,.316,.362,.028,.269,.027,.155,.28,.524,.105,.134,.08,.083,.011,.989,0,0,0,0,.2382251,.5225685,.0869474,.1947313,.0671818,.1240875,.192,.473,.03,.34,.029,.223,-.1749438,-.1029236,-.047197,-.046,-.241,-.128,-.244,-.029,-.003,-.978,0,0,-.2843434,-.107784,-.0569056,-.281,-.309,-.194,.3108414,.3564534,.1560145,.1624194,.139135,.0956983,.325,.346,.027,.256,.027,.16,.303,.362,.226,.112,.2,.061,.011,.772,0,0,0,0,.2617756,.395423,.1686842,.173117,.1493452,.1096421,.215,.45,.029,.321,.029,.23,-.045612,-.0064049,.0434366,-.021,-.229,-.134,-.059,.114,.139,-.761,0,0,-.1336474,-.0044328,.039703,-.235,-.293,-.202
2003-04,1.949918,.1405713,.3936782,.0661822,.3293196,.0313997,.1052428,.04,.283,.038,.248,.026,.205,.195,.454,.082,.374,.034,.051,.011,.773,.011,.773,0,0,.1412854,.4400926,.0726108,.3732793,.0333989,.1169252,.045,.367,.043,.341,.028,.281,-.2531069,-.2631374,-.0738432,-.243,-.21,-.179,-.259,-.292,-.017,-.762,-.762,0,-.2988071,-.3006685,-.0835263,-.322,-.298,-.252,.1696938,.3899256,.11153,.3012374,.0637979,.1422767,.059,.385,.036,.273,.02,.208,.23,.392,.152,.317,.088,.107,.011,.773,.011,.773,0,0,.175184,.4141151,.1086821,.341152,.0729878,.1592937,.075,.437,.043,.377,.028,.285,-.2202318,-.1897074,-.0784788,-.326,-.237,-.188,-.163,-.164,-.019,-.762,-.762,0,-.2389311,-.2324699,-.0863059,-.361,-.335,-.256,.2404215,.4345632,.180025,.2958089,.1284301,.1362079,.055,.392,.047,.281,.02,.21,.341,.458,.252,.304,.187,.096,.011,.773,.011,.773,0,0,.2560996,.4651825,.1895673,.3349416,.1469299,.1523507,.07,.446,.067,.388,.028,.288,-.1941417,-.1157839,-.0077778,-.336,-.233,-.19,-.117,-.052,.091,-.762,-.762,0,-.2090829,-.1453743,-.0054207,-.376,-.321,-.259
2003-05,1.772812,.1190599,.3274292,.1005228,.1514648,.0304865,.1054014,.024,.568,.01,.194,.009,.184,.17,.197,.149,.128,.042,.063,.012,0,.011,0,.011,0,.11573,.2796387,.0945428,.1731182,.0323094,.1204696,.025,.47,.006,.275,.003,.26,-.2083693,-.050942,-.0749149,-.544,-.184,-.175,-.027,.021,-.021,.012,.011,.011,-.1639087,-.0785754,-.0881602,-.445,-.269,-.256,.2661388,.4864495,.1295524,.3205003,.0785412,.248476,.044,.571,.007,.274,.005,.182,.386,.441,.196,.345,.118,.284,.227,.773,.011,.773,.011,.773,.2769562,.4608114,.130258,.3406612,.0719941,.2839982,.028,.471,.009,.298,.007,.257,-.2203107,-.190948,-.1699348,-.527,-.268,-.177,-.054,-.149,-.166,-.546,-.762,-.762,-.1838552,-.2104032,-.2120041,-.443,-.288,-.251,.2372924,.50863,.1985245,.3066948,.1399623,.2333898,.039,.665,.004,.254,.002,.158,.345,.424,.304,.335,.214,.274,.011,.989,.011,.773,.011,.773,.243986,.4716113,.2090904,.3248821,.1421959,.2667551,.021,.582,.006,.269,.003,.224,-.2713376,-.1081703,-.0934275,-.627,-.25,-.156,-.079,-.031,-.06,-.978,-.762,-.762,-.2276253,-.1157917,-.1245593,-.56,-.263,-.22
2003-06,1.756715,.0644733,.2863551,.0295374,.1840674,.0256815,.1041447,.029,.361,.019,.209,.008,.088,.084,.246,.035,.171,.035,.113,0,0,0,0,0,0,.070801,.3142675,.03106,.2072303,.0266737,.1184691,.031,.466,.018,.285,.003,.124,-.2218819,-.15453,-.0784632,-.333,-.189,-.08,-.163,-.136,-.078,0,0,0,-.2434666,-.1761703,-.0917954,-.435,-.267,-.121,.0976577,.4383026,.0606981,.3661839,.0361604,.2596415,.073,.385,.014,.274,.003,.148,.111,.467,.086,.416,.054,.319,.011,.773,.011,.773,.011,.773,.1110503,.4939331,.0690072,.4143956,.0410944,.2953533,.101,.522,.019,.376,.004,.207,-.3406449,-.3054858,-.2234811,-.312,-.26,-.145,-.356,-.33,-.265,-.762,-.762,-.762,-.3828829,-.3453884,-.2542589,-.421,-.356,-.203,.0832591,.4552022,.0395423,.3836094,.0314907,.2565777,.118,.467,.011,.378,0,.139,.065,.449,.055,.387,.048,.319,.011,.989,.011,.989,.011,.773,.0946712,.5090688,.0449415,.4276291,.0357824,.2918681,.165,.623,.016,.498,0,.195,-.3719431,-.3440671,-.2250871,-.349,-.366,-.139,-.384,-.332,-.271,-.978,-.978,-.762,-.4143976,-.3826875,-.2560857,-.458,-.482,-.195
2003-07,1.828673,.1275909,.2374174,.0484632,.1237395,.0336809,.100877,.201,.204,.011,.14,.011,.083,.088,.255,.069,.115,.046,.111,0,.215,0,0,0,0,.1221748,.2290614,.0550753,.1291131,.0382762,.1124995,.202,.222,.016,.155,.016,.108,-.1098265,-.0752763,-.0671961,-.003,-.129,-.071,-.168,-.047,-.065,-.215,0,0,-.1068865,-.0740378,-.0742233,-.02,-.14,-.093,.1719372,.1728336,.0487971,.092073,.0307975,.0850848,.377,.235,.062,.134,.011,.118,.062,.139,.042,.07,.041,.067,0,0,0,0,0,0,.1062437,.1597286,.0554548,.0999837,.0349994,.0945527,.214,.28,.087,.171,.016,.158,-.0008964,-.0432759,-.0542873,.141,-.072,-.107,-.078,-.028,-.026,0,0,0,-.0534848,-.0445289,-.0595533,-.066,-.084,-.142,.1309675,.227571,.0510765,.1496783,.0300389,.1391517,.242,.276,.081,.226,.011,.196,.071,.201,.035,.108,.04,.108,.011,0,.011,0,.011,0,.1257194,.2252379,.0580451,.1613859,.0341373,.1494232,.257,.323,.114,.287,.016,.244,-.0966035,-.0986018,-.1091128,-.034,-.145,-.185,-.13,-.073,-.068,.011,.011,.011,-.0995185,-.1033408,-.1152859,-.066,-.173,-.229
2003-08,1.967238,.3825219,.1769663,.0853261,.1292747,.0197489,.0574748,.357,.078,.152,.047,0,.039,.397,.23,.049,.174,.03,.067,.785,.215,0,.215,0,0,.4121413,.1988933,.0739051,.1449141,.022476,.0631992,.419,.101,.132,.058,0,.047,.2055557,-.0439485,-.0377259,.278,.105,-.039,.166,-.124,-.037,.57,-.215,0,.213248,-.071009,-.0407232,.318,.073,-.047,.4466136,.1380288,.1485738,.0910671,.0390082,.0610532,.524,.099,.327,.089,.051,.072,.405,.159,.052,.092,.032,.055,.785,0,0,0,0,0,.4122931,.1548771,.0796881,.1014304,.044395,.0672718,.397,.132,.144,.118,.072,.092,.3085848,.0575067,-.022045,.424,.237,-.02,.246,-.04,-.023,.785,0,0,.257416,-.0217423,-.0228769,.266,.026,-.021,.2161356,.1405032,.0990977,.1035676,.04014,.0545695,.202,.101,.166,.063,.053,.053,.224,.162,.063,.126,.033,.055,.011,0,.011,0,.011,0,.2227784,.152162,.0895784,.1178694,.045683,.0621051,.202,.139,.152,.088,.074,.074,.0756324,-.0044699,-.0144295,.101,.103,0,.062,-.063,-.022,.011,.011,.011,.0706164,-.028291,-.0164221,.063,.063,0
2003-09,2.096447,.3608462,.2414262,.2289619,.049144,.0464343,.0347811,.395,.175,.177,.053,.097,.039,.342,.278,.258,.047,.018,.033,.785,0,.785,0,0,0,.2887169,.2694945,.2351041,.0535232,.0268438,.037464,.211,.226,.158,.065,.046,.047,.11942,.1798178,.0116532,.22,.124,.059,.064,.211,-.014,.785,.785,0,.0192223,.1815809,-.0106202,-.015,.093,0,.3812549,.2649683,.3276828,.0729062,.1161178,.0387929,.384,.144,.365,.065,.269,.065,.38,.332,.307,.077,.032,.024,.785,0,.785,0,0,0,.3120027,.2963556,.2749228,.0809639,.0401012,.0420414,.195,.182,.171,.084,.059,.084,.1162866,.2547766,.0773249,.24,.3,.204,.048,.23,.007,.785,.785,0,.0156471,.1939589,-.0019402,.013,.087,-.025,.2389715,.2961843,.1134741,.0709786,.0595326,.0533699,.304,.189,.089,.075,.089,.059,.203,.355,.127,.069,.043,.05,.011,0,.011,0,.011,0,.1573732,.3341931,.1033348,.0809852,.0417887,.060894,.084,.253,.035,.105,.035,.084,-.0572127,.0424955,.0061627,.115,.015,.03,-.152,.058,-.007,.011,.011,.011,-.1768199,.0223497,-.0191054,-.169,-.07,-.048
2003-10,1.930221,.3410512,.1959246,.2619616,.1202838,.1831603,.0368228,.302,.221,.234,.118,.033,.036,.362,.182,.277,.122,.265,.037,.785,0,.785,0,.785,0,.3158639,.2177824,.2255482,.1314051,.2091583,.0395341,.171,.293,.075,.146,.047,.042,.1451266,.1416777,.1463375,.081,.116,-.003,.181,.156,.228,.785,.785,.785,.0980815,.0941431,.1696242,-.123,-.072,.005,.2766917,.2050226,.2199847,.1006978,.1926711,.0445586,.284,.249,.21,.107,.197,.05,.272,.181,.226,.097,.19,.042,.785,0,.785,0,.785,0,.2423691,.2281719,.177613,.109039,.1470569,.0486946,.146,.333,.04,.13,.024,.063,.071669,.1192868,.1481125,.035,.103,.147,.092,.128,.149,.785,.785,.785,.0141972,.068574,.0983623,-.187,-.091,-.039,.1637189,.1988727,.1109603,.0970225,.0348143,.0350041,.277,.29,.206,.118,.017,.058,.101,.149,.059,.085,.045,.022,.011,0,.011,0,.011,0,.1133608,.221149,.0537078,.1070307,.0397559,.0399727,.135,.391,.037,.154,.024,.082,-.0351537,.0139378,-.0001898,-.013,.088,-.041,-.047,-.027,.022,.011,.011,.011,-.1077881,-.0533229,-.0002168,-.256,-.118,-.059
2003-11,1.957109,.2992666,.2099542,.2217218,.0828436,.1061123,.0624265,.373,.225,.264,.087,.215,.071,.259,.202,.199,.08,.047,.058,.011,.214,.011,0,.011,0,.2652414,.2196697,.1793894,.0907083,.0475211,.0674199,.259,.305,.115,.11,.045,.088,.0893125,.1388783,.0436858,.148,.177,.143,.058,.118,-.01,-.203,.011,.011,.0455716,.0886811,-.0198988,-.046,.005,-.043,.3230673,.2220716,.1444424,.1046515,.103609,.072963,.324,.283,.254,.118,.205,.071,.323,.189,.085,.097,.049,.074,.011,0,.011,0,.011,0,.2923894,.2263159,.0912417,.1155833,.0446656,.0794382,.189,.387,.101,.154,.03,.088,.1009957,.0397909,.030646,.04,.136,.133,.134,-.013,-.025,.011,.011,.011,.0660735,-.0243416,-.0347725,-.198,-.053,-.057,.2701807,.1841542,.1437156,.0671066,.1023568,.0460081,.343,.266,.252,.125,.201,.074,.231,.14,.085,.035,.049,.031,.011,0,.011,0,.011,0,.232065,.1834084,.0904127,.0731006,.0438366,.0490348,.216,.364,.098,.165,.028,.092,.0860266,.0766089,.0563488,.077,.127,.128,.091,.049,.018,.011,.011,.011,.0486566,.017312,-.0051982,-.147,-.068,-.064
2003-12,2.078748,.3018855,.3580567,.2395162,.0880515,.1920376,.0175127,.344,.171,.296,.031,.252,.013,.279,.46,.208,.119,.159,.02,0,.988,0,.213,0,0,.2646106,.4082439,.2003101,.1003933,.1461765,.0199674,.23,.241,.163,.043,.1,.018,-.0561712,.1514647,.1745248,.172,.266,.239,-.181,.089,.139,-.988,-.213,0,-.1436333,.0999168,.1262092,-.012,.12,.082,.2729076,.2552446,.2175387,.0700658,.1317409,.0261101,.274,.235,.233,.109,.222,.06,.272,.266,.209,.049,.083,.007,.012,.775,.012,0,.012,0,.2362406,.2910211,.175252,.0798867,.0774283,.0297699,.124,.332,.074,.154,.058,.085,.0176629,.1474728,.1056307,.039,.124,.162,.006,.16,.075,-.763,.012,.012,-.0547806,.0953654,.0476584,-.208,-.08,-.027,.3163655,.3003528,.2205352,.0572334,.1326256,.0343278,.395,.223,.233,.114,.22,.086,.273,.343,.214,.026,.085,.006,.012,.775,.012,0,.012,0,.2596499,.3424519,.1786685,.0652556,.078437,.0391394,.203,.314,.074,.161,.055,.122,.0160127,.1633018,.0982978,.172,.119,.133,-.069,.187,.079,-.763,.012,.012,-.0828019,.113413,.0392977,-.111,-.087,-.067
2004-01,2.164519,.1473186,.2656122,.0965691,.1936892,.0659946,.0533098,.171,.132,.063,.062,.023,.032,.134,.338,.115,.265,.09,.065,0,.988,0,.988,0,.213,.1572564,.302933,.1031426,.2209352,.075278,.0608089,.229,.186,.088,.087,.032,.045,-.1182936,-.09712,.0126848,.04,.001,-.009,-.204,-.15,.025,-.988,-.988,-.213,-.1456766,-.1177926,.0144691,.043,.001,-.013,.2045598,.2928056,.1160753,.1870609,.0931302,.0421265,.168,.25,.059,.109,.025,.058,.224,.316,.147,.229,.13,.034,.012,.988,.012,.774,.012,0,.2107705,.3339517,.1300422,.2133746,.1062307,.0480524,.183,.352,.075,.154,.035,.081,-.0882458,-.0709857,.0510037,-.082,-.051,-.033,-.092,-.082,.097,-.977,-.763,.012,-.1231811,-.0833324,.0581783,-.17,-.08,-.047,.2435816,.2891901,.1538128,.1654587,.0997563,.031692,.237,.246,.147,.079,.025,.053,.247,.313,.157,.212,.141,.02,.012,.988,.012,.774,.012,0,.2327456,.3298276,.1467779,.1887335,.1137888,.03615,.201,.347,.107,.111,.035,.074,-.0456085,-.0116458,.0680643,-.008,.068,-.028,-.066,-.055,.12,-.977,-.763,.012,-.097082,-.0419557,.0776388,-.145,-.005,-.04
2004-02,1.961379,.3283973,.2508096,.1151039,.0744941,.0776658,.0290835,.369,.303,.121,.086,.04,.022,.306,.222,.112,.068,.098,.033,0,0,0,0,0,0,.3376906,.2137381,.1239996,.0852056,.0811783,.0332654,.418,.173,.172,.123,.057,.031,.0775878,.0406098,.0485823,.066,.034,.018,.084,.044,.065,0,0,0,.1239525,.038794,.0479129,.244,.049,.026,.2997555,.2313288,.1455604,.0690145,.1002762,.0345877,.25,.302,.115,.095,.048,.061,.327,.193,.162,.055,.129,.02,0,0,0,0,0,0,.3074195,.1914561,.1588355,.0789381,.1146949,.0395611,.257,.172,.163,.135,.069,.087,.0684268,.0765459,.0656884,-.052,.02,-.013,.134,.107,.109,0,0,0,.1159634,.0798975,.0751338,.086,.028,-.019,.3151947,.347259,.1814232,.187104,.1357558,.1431453,.281,.293,.201,.092,.128,.05,.334,.377,.171,.239,.14,.194,0,.774,0,.774,0,.774,.3155762,.3271445,.1625697,.2140076,.1274932,.1637282,.268,.169,.155,.131,.084,.071,-.0320643,-.0056808,-.0073896,-.012,.109,.078,-.043,-.068,-.054,-.774,-.774,-.774,-.0115683,-.051438,-.0362349,.099,.024,.014
2004-03,1.861135,.3476726,.1692277,.1318719,.0538627,.0545165,.0021779,.436,.043,.267,.004,.113,.004,.3,.238,.058,.081,.023,.001,.988,.012,0,0,0,0,.3598152,.1908561,.1132078,.0615629,.0548279,.0024892,.513,.052,.273,.006,.16,.006,.1784449,.0780092,.0523386,.393,.263,.109,.062,-.022,.022,.976,0,0,.1689592,.0516448,.0523387,.46,.267,.154,.4150576,.17028,.1933069,.069367,.0759609,.0176822,.343,.115,.193,.048,.095,.048,.454,.2,.193,.081,.065,.001,.988,.012,0,0,0,0,.446786,.1799543,.1933778,.0792837,.0868204,.02021,.389,.112,.177,.069,.135,.069,.2447776,.1239399,.0582788,.227,.145,.047,.254,.113,.064,.976,0,0,.2668318,.1140941,.0666103,.277,.108,.067,.226564,.1669215,.1439801,.076327,.0471367,.0246422,.302,.089,.119,.05,.077,.05,.185,.209,.157,.091,.031,.011,0,.012,0,0,0,0,.252467,.1880089,.1645636,.0872387,.0538753,.028165,.406,.117,.169,.07,.109,.07,.0596425,.0676531,.0224945,.213,.07,.027,-.024,.067,.02,-.012,0,0,.0644581,.0773249,.0257103,.289,.099,.039
2004-04,2.209311,.3850015,.2314145,.2852872,.0891582,.0777555,.0248606,.396,.116,.316,.043,.162,.014,.379,.295,.268,.114,.031,.031,.988,0,.988,0,0,0,.4287407,.2546693,.3254235,.1017157,.088707,.0283621,.524,.132,.447,.061,.23,.02,.153587,.196129,.052895,.28,.273,.148,.084,.154,0,.988,.988,0,.1740715,.2237078,.0603449,.392,.386,.21,.4543361,.1772691,.2880471,.1015418,.0878704,.0311037,.515,.169,.231,.089,.095,.043,.421,.182,.319,.108,.084,.025,.988,0,.988,0,0,0,.4392528,.1905931,.3285721,.1042,.1002464,.0354845,.453,.199,.327,.085,.134,.06,.2770669,.1865053,.0567666,.346,.142,.052,.239,.211,.059,.988,.988,0,.2486597,.2243721,.0647619,.254,.242,.074,.3026997,.216487,.1843553,.1008234,.1313164,.0337271,.352,.27,.24,.077,.094,.05,.276,.187,.154,.114,.152,.025,0,0,0,0,0,0,.3322847,.2071053,.2038321,.1127191,.1498116,.0384774,.452,.242,.316,.101,.133,.071,.0862127,.0835319,.0975893,.082,.162,.044,.089,.04,.127,0,0,0,.1251794,.091113,.1113343,.21,.215,.062
2004-05,2.638058,.2655986,.1965103,.1656628,.1253778,.1313336,.0815826,.314,.188,.311,.055,.256,.032,.24,.201,.087,.163,.064,.108,.214,0,.214,0,.214,0,.2804497,.2075254,.1826281,.1337759,.1499038,.0931466,.422,.232,.418,.045,.363,.045,.0690883,.040285,.0497511,.126,.256,.224,.038,-.077,-.045,.214,.214,.214,.0729244,.0488522,.0567572,.19,.373,.318,.3129922,.1870278,.2359069,.1203137,.1437469,.0730212,.462,.169,.431,.046,.187,.046,.232,.197,.13,.161,.12,.088,.214,0,.214,0,.214,0,.268402,.2135383,.1966698,.1373678,.1640766,.0833717,.399,.24,.355,.065,.265,.065,.1259644,.1155931,.0707256,.293,.386,.142,.035,-.031,.032,.214,.214,.214,.0548637,.059302,.0807048,.159,.29,.201,.3277934,.1950371,.196729,.1464896,.1565237,.08736,.267,.167,.257,.095,.196,.057,.361,.21,.164,.174,.135,.104,.214,0,0,0,0,0,.3443019,.2226828,.2180978,.1672539,.1721936,.099743,.355,.237,.341,.135,.255,.081,.1327564,.0502394,.0691637,.1,.162,.139,.151,-.01,.031,.214,0,0,.121619,.0508439,.0724506,.118,.207,.174
2004-06,2.809685,.3000844,.330988,.1570241,.0858759,.1201685,.0502231,.354,.133,.17,.065,.17,.006,.27,.44,.15,.097,.093,.074,.214,.774,.214,0,.214,0,.2517514,.3756715,.1564338,.0981418,.130818,.0573966,.241,.179,.219,.092,.219,.009,-.0309037,.0711482,.0699454,.221,.105,.164,-.17,.052,.018,-.56,.214,.214,-.1239201,.058292,.0734214,.062,.127,.21,.3356764,.3310399,.2033248,.0922996,.1855035,.0592581,.455,.168,.324,.077,.324,.032,.27,.421,.137,.101,.11,.074,.214,.774,.214,0,.214,0,.2541811,.3722932,.1433916,.105483,.1395289,.0677221,.25,.217,.205,.11,.205,.045,.0046365,.1110252,.1262454,.287,.246,.292,-.151,.037,.035,-.56,.214,.214,-.1181121,.0379086,.0718069,.033,.096,.161,.3545282,.3251604,.223319,.090011,.1417224,.0608966,.488,.159,.161,.084,.151,.049,.281,.416,.258,.093,.136,.067,.214,.786,.214,0,0,0,.2689566,.3690114,.2254287,.1028674,.1554505,.0695946,.296,.217,.205,.119,.192,.07,.0293678,.133308,.0808258,.328,.077,.102,-.135,.164,.069,-.572,.214,0,-.1000548,.1225613,.0858559,.08,.086,.122
2004-07,2.614355,.2166268,.3779477,.0958728,.2961598,.0868489,.0845581,.2,.328,.102,.107,.082,.064,.225,.405,.093,.398,.089,.095,.013,.774,0,.774,0,0,.2201387,.3996765,.0916368,.3354672,.0836314,.096763,.244,.352,.137,.141,.118,.092,-.161321,-.2002869,.0022907,-.128,-.006,.018,-.179,-.305,-.006,-.761,-.774,0,-.1795378,-.2438304,-.0131316,-.108,-.004,.025,.2393034,.3618776,.1733526,.294387,.0889603,.0770729,.165,.266,.151,.109,.096,.051,.279,.414,.185,.394,.085,.091,.013,.774,0,.774,0,0,.2484095,.4080745,.1729394,.3308424,.0860475,.0881973,.202,.359,.182,.135,.137,.073,-.1225742,-.1210344,.0118874,-.1,.042,.045,-.135,-.209,-.006,-.761,-.774,0,-.159665,-.157903,-.0021498,-.157,.047,.064,.2503507,.2006037,.1752927,.1408651,.1547336,.0608438,.155,.177,.135,.052,.078,.018,.301,.213,.197,.188,.196,.084,0,.013,0,.013,0,0,.2604519,.2295583,.1751596,.1611972,.1613144,.0696258,.186,.254,.159,.075,.112,.026,.049747,.0344276,.0938898,-.022,.083,.06,.088,.008,.112,-.013,-.013,0,.0308937,.0139625,.0916886,-.068,.084,.086
2004-08,2.335326,.1953146,.5176503,.0883713,.3020506,.0516276,.2537861,.116,.527,.065,.197,.035,.073,.238,.513,.101,.359,.061,.352,.013,.774,.013,.774,0,.774,.1928389,.5221481,.0706527,.3416891,.0409021,.2865454,.113,.504,.041,.268,.041,.091,-.3223357,-.2136793,-.2021586,-.411,-.132,-.038,-.275,-.258,-.291,-.761,-.761,-.774,-.3293092,-.2710365,-.2456434,-.39,-.227,-.05,.1688325,.3499569,.0736295,.2088026,.0372444,.1456421,.089,.569,.038,.248,.032,.093,.212,.231,.093,.188,.04,.174,.013,0,.013,0,0,0,.1768074,.3305528,.0680348,.2351502,.0264636,.1629873,.125,.564,.053,.341,.044,.121,-.1811244,-.135173,-.1083977,-.481,-.21,-.061,-.019,-.095,-.134,.013,.013,0,-.1537454,-.1671154,-.1365236,-.439,-.288,-.077,.1888237,.4731142,.1008588,.2839839,.0571132,.2294914,.103,.594,.041,.161,.033,.049,.235,.408,.133,.351,.07,.327,0,.786,0,.786,0,.786,.1964747,.4429026,.09855,.324461,.0491644,.2622014,.135,.499,.055,.228,.046,.07,-.2842905,-.1831251,-.1723781,-.49,-.12,-.016,-.173,-.217,-.257,-.786,-.786,-.786,-.2464279,-.225911,-.213037,-.364,-.174,-.024
2004-09,2.22336,.1186906,.4320307,.0537044,.3505112,.0144047,.1836922,.2,.436,.051,.269,.02,.038,.075,.43,.055,.395,.012,.262,.013,.774,.013,.774,.013,.774,.097681,.4241075,.0589516,.3309944,.0140627,.2064049,.151,.374,.064,.136,.02,.042,-.3133401,-.2968068,-.1692875,-.236,-.218,-.018,-.355,-.34,-.251,-.761,-.761,-.761,-.3264265,-.2720428,-.1923422,-.224,-.072,-.023,.1083243,.3123229,.0527966,.1807761,.0169515,.0993491,.206,.455,.078,.301,.037,.11,.055,.235,.039,.115,.006,.094,0,0,0,0,0,0,.0832637,.2780848,.0603053,.1371198,.0193623,.1100667,.15,.368,.112,.183,.053,.144,-.2039986,-.1279795,-.0823976,-.248,-.223,-.072,-.18,-.077,-.088,0,0,0,-.1948211,-.0768145,-.0907044,-.218,-.071,-.091,.0896011,.2958672,.0676283,.1659673,.040524,.0597333,.153,.438,.091,.27,.04,.022,.055,.219,.055,.11,.041,.08,0,.013,0,.013,0,0,.0903997,.2592888,.0740597,.1202049,.0456774,.0682284,.176,.345,.119,.138,.054,.031,-.2062661,-.0983389,-.0192092,-.285,-.178,.018,-.164,-.055,-.039,-.013,-.013,0,-.1688891,-.0461452,-.022551,-.169,-.019,.023
2004-10,2.629027,.2285981,.4423153,.0791843,.2840992,.0280432,.2524683,.421,.139,.152,.089,.039,.011,.124,.607,.04,.39,.022,.384,0,.987,0,.773,0,.773,.2296798,.4774531,.0588868,.3247503,.0297141,.2885934,.488,.155,.104,.126,.048,.015,-.2137173,-.2049149,-.2244251,.283,.063,.029,-.484,-.351,-.362,-.987,-.773,-.773,-.2477733,-.2658635,-.2588792,.333,-.022,.033,.2051281,.3604645,.0559631,.055614,.0143884,.0153381,.366,.117,.129,.117,.041,.014,.118,.493,.016,.022,0,.016,0,.987,0,0,0,0,.2028516,.3864713,.0323429,.0542696,.0164472,.0175328,.409,.134,.072,.134,.058,.02,-.1553364,.0003491,-.0009497,.249,.012,.027,-.375,-.006,-.016,-.987,0,0,-.1836197,-.0219267,-.0010856,.275,-.061,.038,.224023,.4144229,.0538928,.1108981,.0435806,.0773418,.444,.119,.103,.114,.075,.028,.104,.575,.027,.109,.027,.104,0,1,0,.013,0,.013,.2244501,.4481505,.0586496,.1174642,.0492035,.0884085,.52,.136,.136,.129,.104,.04,-.1903999,-.0570052,-.0337612,.325,-.01,.047,-.471,-.082,-.078,-1,-.013,-.013,-.2237004,-.0588146,-.039205,.383,.008,.065
2004-11,2.88021,.2779013,.4207712,.1158215,.3824514,.0418813,.2551207,.442,.077,.129,.073,.046,.028,.188,.609,.108,.552,.04,.379,.013,.987,0,.987,0,.774,.2382757,.4726111,.1295391,.4287206,.0448499,.2922088,.376,.077,.174,.071,.055,.041,-.1428699,-.2666298,-.2132394,.366,.057,.017,-.421,-.443,-.339,-.975,-.987,-.774,-.2343354,-.2991815,-.2473589,.299,.104,.014,.3631469,.3798116,.142794,.3047729,.052041,.0428693,.528,.094,.212,.053,.119,.053,.273,.536,.105,.442,.016,.037,.013,.987,0,.987,0,0,.3048448,.4193343,.1293636,.3397496,.0254174,.0397719,.389,.079,.183,.043,.049,.043,-.0166647,-.1619789,.0091717,.435,.159,.066,-.263,-.337,-.022,-.975,-.987,0,-.1144895,-.210386,-.0143545,.31,.14,.007,.3478564,.3723746,.1356085,.343712,.0350309,.0791778,.551,.073,.235,.05,.066,.05,.237,.536,.081,.504,.018,.095,0,1,0,1,0,0,.2873315,.4108161,.1211335,.3843495,.0370035,.0813587,.421,.049,.215,.038,.084,.038,-.0245182,-.2081035,-.0441469,.478,.185,.017,-.299,-.423,-.077,-1,-1,0,-.1234846,-.263216,-.0443552,.372,.177,.046
2004-12,2.717788,.2058449,.3263491,.1065275,.2323383,.0734054,.2061645,.251,.24,.119,.003,.082,.003,.181,.374,.1,.357,.069,.317,.013,.774,.013,.774,0,.774,.2110345,.3423832,.1221919,.2665025,.0841993,.2364799,.33,.231,.171,.005,.118,.005,-.1205042,-.1258108,-.132759,.011,.116,.079,-.192,-.258,-.248,-.761,-.761,-.774,-.1313487,-.1443107,-.1522806,.098,.167,.113,.2532276,.1495149,.1573509,.0992551,.0672976,.0834455,.191,.136,.073,.025,.065,.025,.287,.157,.203,.14,.069,.115,.013,0,.013,0,0,0,.2739184,.1715003,.1801297,.11385,.0771934,.0957158,.273,.195,.104,.036,.093,.036,.1037127,.0580959,-.0161479,.055,.048,.04,.13,.064,-.047,.013,.013,0,.1024181,.0662797,-.0185223,.078,.067,.057,.2608921,.287038,.1288104,.2096692,.0588054,.1928083,.216,.205,.11,.025,.108,.025,.285,.332,.139,.31,.032,.284,0,.786,0,.786,0,.786,.299255,.3292455,.1477514,.2404999,.0674525,.2211598,.311,.294,.158,.036,.155,.036,-.0261459,-.0808587,-.1340028,.011,.085,.083,-.047,-.171,-.252,-.786,-.786,-.786,-.0299905,-.0927486,-.1537073,.016,.122,.119
2005-01,2.469502,.2824582,.2156329,.1418473,.0800732,.0963715,.005664,.222,.424,.155,.188,.095,.003,.315,.102,.134,.021,.097,.007,.226,0,.013,0,.013,0,.3073266,.1363848,.146222,.0607782,.1104173,.0064896,.318,.242,.222,.159,.136,.005,.0668253,.061774,.0907074,-.202,-.032,.092,.214,.113,.09,.226,.013,.013,.1709417,.0854438,.1039277,.076,.063,.131,.3830099,.2155483,.1273789,.0460936,.085096,.0007115,.221,.438,.15,.1,.071,0,.471,.094,.115,.017,.093,.001,1,0,.013,0,0,0,.4388323,.1340649,.145944,.0528116,.0974984,.0008152,.317,.255,.215,.143,.102,0,.1674616,.0812853,.0843845,-.217,.05,.071,.378,.098,.092,1,.013,0,.3047674,.0931324,.0966832,.062,.072,.102,.2769007,.1944032,.1464142,.0597411,.0515213,.0007115,.226,.455,.188,.146,.088,0,.305,.052,.124,.012,.032,.001,.214,0,0,0,0,0,.3172581,.1095048,.1677536,.0684481,.0590303,.0008152,.324,.277,.269,.209,.125,0,.0824976,.0866732,.0508098,-.228,.041,.088,.253,.111,.031,.214,0,0,.2077532,.0993055,.0582151,.047,.059,.125
2005-02,2.532909,.4192092,.1410384,.1619329,.095766,.075651,.0095857,.216,.289,.164,.193,.12,.014,.529,.061,.161,.043,.051,.007,1,0,.226,0,.013,0,.4635192,.0862872,.1696507,.0431908,.0708623,.0109751,.308,.146,.236,.04,.173,.02,.2781707,.0661669,.0660654,-.072,-.029,.106,.468,.118,.044,1,.226,.013,.377232,.12646,.0598872,.162,.196,.152,.4217876,.1244246,.2451665,.0783219,.0503012,.0045777,.163,.261,.078,.185,.059,.011,.562,.05,.336,.021,.045,.001,.987,0,.987,0,0,0,.4664713,.0672652,.2807033,.0206813,.0575923,.0052413,.232,.107,.112,.018,.085,.016,.297363,.1668446,.0457235,-.098,-.107,.048,.511,.315,.044,.987,.987,0,.3992061,.260022,.0523511,.125,.093,.069,.4335306,.1211777,.1586359,.0902515,.0640288,.0161285,.211,.28,.086,.219,.084,.044,.554,.036,.198,.021,.053,.001,.987,0,.214,0,0,0,.4799165,.063114,.1816301,.0339063,.0733098,.0184663,.3,.131,.124,.066,.121,.063,.3123528,.0683845,.0479003,-.069,-.132,.041,.518,.177,.052,.987,.214,0,.4168025,.1477238,.0548434,.169,.058,.058
2005-03,2.67404,.232452,.1032303,.1540634,.0531048,.0990196,.0214204,.262,.131,.118,.099,.083,.018,.217,.088,.174,.028,.107,.024,0,0,0,0,0,0,.237258,.1118772,.1599005,.054516,.0976108,.0245125,.329,.166,.167,.12,.12,.025,.1292217,.1009586,.0775992,.13,.019,.066,.129,.146,.084,0,0,0,.1253808,.1053845,.0730983,.163,.046,.094,.2171205,.125009,.1462733,.0408686,.0692293,.0134911,.165,.182,.081,.07,.06,0,.245,.094,.182,.025,.074,.021,0,.013,0,0,0,0,.2197133,.1367996,.1509859,.0405136,.0792226,.0154385,.191,.239,.114,.078,.085,0,.0921115,.1054047,.0557382,-.017,.012,.06,.151,.156,.054,-.013,0,0,.0829137,.1104723,.0637841,-.048,.036,.085,.2270664,.1270788,.1513155,.0469984,.0942026,.025142,.235,.166,.095,.087,.061,.033,.223,.106,.182,.025,.112,.021,0,.013,0,0,0,0,.2010452,.1391682,.156756,.0475281,.1078009,.0287712,.184,.216,.134,.103,.087,.048,.0999876,.1043171,.0690607,.069,.008,.028,.117,.156,.092,-.013,0,0,.0618769,.1092278,.0790296,-.033,.032,.04
2005-04,2.76583,.2413254,.3102282,.1105022,.0535102,.0717901,.0250621,.435,.124,.157,.054,.094,.039,.137,.41,.085,.053,.06,.017,0,.999,0,0,0,0,.1816631,.3557209,.0976706,.0613571,.0656613,.0287373,.345,.179,.181,.078,.135,.056,-.0689028,.056992,.0467279,.311,.103,.055,-.274,.032,.043,-.999,0,0,-.1740578,.0363135,.036924,.166,.104,.078,.2265108,.2955475,.1014473,.0401075,.0446694,.0168737,.346,.212,.098,.033,.016,.021,.162,.341,.103,.044,.06,.015,0,.787,0,.013,0,0,.1646761,.3388874,.0872878,.045989,.0345636,.0193481,.217,.304,.096,.047,.022,.03,-.0690366,.0613398,.0277958,.135,.065,-.005,-.179,.059,.046,-.787,-.013,0,-.1742113,.0412988,.0152155,-.087,.049,-.008,.2411329,.3124561,.1241476,.0483451,.0510078,.0114528,.416,.204,.167,.043,.034,.031,.147,.371,.101,.051,.06,.001,0,.787,0,.013,0,0,.1506863,.3582756,.0829755,.0554346,.0418314,.0131323,.208,.293,.087,.061,.048,.044,-.0713232,.0758025,.039555,.212,.124,.003,-.224,.05,.059,-.787,-.013,0,-.2075892,.027541,.0286992,-.086,.025,.004
2005-05,2.504623,.157746,.2153614,.1075646,.0872892,.0632068,.0220287,.32,.069,.189,.046,.085,.008,.069,.295,.063,.11,.051,.03,.001,0,0,0,0,0,.161877,.2443425,.1077327,.1000789,.0568756,.0252563,.449,.09,.272,.067,.123,.012,-.0576154,.0202754,.0411782,.251,.143,.077,-.226,-.047,.021,.001,0,0,-.0824655,.0076538,.0316193,.358,.205,.111,.1560695,.2277277,.0836792,.0742366,.0569104,.0086707,.306,.098,.113,.043,.042,.002,.074,.298,.067,.091,.065,.012,0,0,0,0,0,0,.1599548,.2585208,.0803476,.0851138,.0496566,.0099412,.428,.132,.163,.062,.06,.002,-.0716582,.0094426,.0482397,.208,.071,.04,-.224,-.024,.053,0,0,0,-.098566,-.0047662,.0397155,.296,.101,.057,.166027,.2178017,.077431,.0819361,.0533039,.0163702,.302,.106,.1,.043,.036,.002,.092,.279,.065,.103,.063,.024,0,0,0,0,0,0,.1713714,.2471404,.0731839,.0939414,.0455216,.0187687,.422,.143,.143,.062,.051,.002,-.0517747,-.0045051,.0369337,.197,.057,.034,-.187,-.038,.039,0,0,0,-.075769,-.0207575,.0267529,.28,.082,.049
2005-06,2.287638,.1728725,.2796623,.0816179,.1296078,.0651252,.0282492,.308,.309,.138,.053,.097,.029,.1,.264,.052,.171,.048,.028,0,0,0,0,0,0,.1785737,.2340085,.0740319,.14591,.0585215,.0323624,.43,.163,.185,.066,.139,.041,-.1067897,-.04799,.036876,0,.085,.068,-.164,-.119,.02,0,0,0,-.0554349,-.0718781,.0261591,.267,.119,.097,.1881123,.2835025,.0803491,.0847302,.0559731,.0167799,.266,.324,.097,.08,.033,.025,.146,.262,.072,.087,.068,.012,0,.213,0,0,0,0,.1960324,.2322938,.0725784,.094498,.0480368,.0192231,.369,.163,.127,.106,.048,.036,-.0953902,-.0043811,.0391933,-.058,.016,.009,-.115,-.016,.056,-.213,0,0,-.0362613,-.0219196,.0288137,.206,.021,.012,.1861827,.304113,.0828265,.1163821,.0514861,.0245215,.238,.321,.069,.08,.025,.025,.158,.295,.09,.136,.066,.024,0,.213,0,0,0,0,.1938218,.2559053,.0754165,.1307586,.0428964,.028092,.329,.16,.087,.106,.036,.036,-.1179303,-.0335556,.0269646,-.084,-.011,0,-.136,-.046,.041,-.213,0,0,-.0620834,-.055342,.0148044,.169,-.019,0
2005-07,2.609512,.1702067,.2601569,.0893665,.1887989,.0435781,.0828758,.276,.25,.188,.117,.072,.059,.113,.266,.036,.228,.028,.096,0,0,0,0,0,0,.1423637,.2951914,.0817436,.2135042,.0293273,.0922984,.269,.347,.256,.157,.091,.076,-.0899502,-.0994323,-.0392976,.027,.071,.012,-.153,-.192,-.067,0,0,0,-.1528277,-.1317607,-.0629711,-.078,.098,.015,.2021107,.2437805,.1096254,.1570025,.0476258,.03361,.3,.455,.197,.274,.064,.055,.149,.129,.062,.094,.039,.022,0,0,0,0,0,0,.1785744,.2046342,.1049349,.105295,.0339609,.0359014,.302,.385,.269,.126,.079,.07,-.0416697,-.047377,.0140158,-.155,-.077,.008,.02,-.031,.017,0,0,0,-.0260598,-.00036,-.0019405,-.083,.142,.009,.2807582,.2792977,.1217348,.1868438,.0517254,.0649836,.294,.467,.181,.269,.05,.055,.274,.178,.089,.142,.053,.07,0,0,0,0,0,0,.2686061,.2452926,.1187972,.1394559,.0386538,.0718163,.292,.402,.247,.12,.06,.07,.0014605,-.065109,-.0132582,-.173,-.088,-.005,.096,-.053,-.018,0,0,0,.0233135,-.0206588,-.0331625,-.109,.126,-.01
2005-08,2.951066,.1728735,.3106682,.1278622,.2385039,.0809656,.1606807,.31,.255,.261,.193,.162,.066,.097,.341,.054,.264,.036,.213,.013,0,0,0,0,0,.1341726,.35617,.0908488,.2736234,.072243,.1843246,.305,.363,.238,.275,.219,.095,-.1377947,-.1106417,-.0797151,.055,.068,.095,-.244,-.209,-.176,.013,0,0,-.2219974,-.1827746,-.1120816,-.059,-.037,.125,.1827903,.3129407,.0936828,.2145516,.0233031,.1330864,.227,.411,.164,.369,.056,.205,.158,.259,.055,.129,.005,.094,0,0,0,0,0,0,.1628629,.2879741,.0689407,.1750767,.0233889,.0815988,.187,.338,.1,.279,.068,.043,-.1301504,-.1208687,-.1097833,-.183,-.205,-.149,-.101,-.075,-.088,0,0,0,-.1251113,-.106136,-.0582099,-.151,-.179,.025,.2910971,.3130294,.2186134,.2091313,.0940574,.1276661,.305,.402,.245,.373,.144,.208,.284,.264,.204,.119,.067,.083,0,0,0,0,0,0,.2698291,.2880759,.194982,.1688571,.0872653,.0753793,.298,.326,.215,.284,.194,.049,-.0219323,.009482,-.0336087,-.097,-.128,-.065,.02,.085,-.016,0,0,0,-.0182468,.0261248,.0118861,-.028,-.069,.145
2005-09,3.688741,.2327085,.4441245,.1190171,.1696649,.0815381,.1434178,.281,.308,.186,.084,.142,.073,.207,.519,.083,.216,.048,.182,0,.987,0,0,0,0,.1919393,.4459418,.0695826,.1955039,.0340855,.1652517,.226,.212,.119,.122,.056,.106,-.211416,-.0506479,-.0618797,-.027,.102,.069,-.312,-.134,-.133,-.987,0,0,-.2540025,-.1259213,-.1311662,.014,-.003,-.05,.251388,.3236064,.1451337,.1943953,.0851885,.1252268,.243,.402,.197,.242,.139,.222,.256,.281,.117,.168,.056,.073,0,.226,0,0,0,0,.2195064,.3070842,.1172747,.1581565,.0558832,.0784336,.192,.349,.136,.116,.051,.087,-.0722184,-.0492615,-.0400384,-.159,-.045,-.083,-.025,-.052,-.017,-.226,0,0,-.0875777,-.0408818,-.0225504,-.157,.02,-.036,.2633854,.244561,.2348283,.1722569,.1892376,.1079826,.277,.311,.221,.212,.16,.192,.256,.208,.242,.15,.205,.062,0,.013,0,0,0,0,.2333345,.2159771,.2030656,.13264,.158219,.0585581,.242,.217,.17,.073,.081,.044,.0188244,.0625715,.0812549,-.034,.008,-.032,.048,.092,.143,-.013,0,0,.0173575,.0704256,.099661,.025,.097,.038
2005-10,3.429566,.2599148,.3687008,.1469795,.3323709,.0383905,.1483269,.177,.296,.081,.204,.027,.042,.305,.408,.183,.402,.045,.206,0,.788,0,.775,0,0,.2539405,.3612891,.1327143,.3191592,.0337166,.1720077,.185,.199,.078,.062,.029,.062,-.108786,-.1853914,-.1099364,-.119,-.123,-.015,-.103,-.219,-.161,-.788,-.775,0,-.1073487,-.1864448,-.1382911,-.014,.015,-.033,.2557248,.208313,.1624199,.1754772,.0672198,.1467179,.171,.269,.039,.244,.008,.224,.302,.175,.23,.138,.1,.104,0,.013,0,.013,0,0,.2580858,.175295,.1596241,.137217,.0700093,.1038661,.209,.159,.048,.122,.012,.092,.0474118,-.0130573,-.0794981,-.098,-.205,-.216,.127,.092,-.005,-.013,-.013,0,.0827908,.0224072,-.0338569,.05,-.073,-.081,.2906384,.1770284,.1612854,.14666,.1477415,.1277935,.205,.223,.061,.204,.03,.185,.337,.152,.216,.115,.212,.097,.212,.013,0,.013,0,0,.308045,.1390158,.1583086,.103799,.1452298,.0819205,.294,.09,.082,.063,.045,.034,.1136101,.0146254,.019948,-.018,-.143,-.154,.185,.1,.115,.199,-.013,0,.1690293,.0545095,.0633094,.204,.019,.011
2005-11,2.854531,.3502323,.2793155,.2101726,.1656655,.1248072,.156388,.328,.309,.12,.066,.064,.04,.363,.263,.259,.22,.158,.22,0,0,0,0,0,0,.3893921,.2797298,.2279223,.1919859,.1384953,.1812344,.425,.298,.121,.098,.072,.059,.0709167,.0445071,-.0315808,.019,.054,.024,.099,.039,-.062,0,0,0,.1096623,.0359364,-.0427391,.128,.023,.013,.3963706,.2252657,.2047299,.1362862,.1311555,.10939,.356,.268,.131,.069,.029,.063,.419,.202,.245,.173,.187,.135,.212,0,0,0,0,0,.4316401,.2144017,.2103432,.1579389,.1345804,.1267695,.489,.227,.159,.103,.043,.093,.1711048,.0684437,.0217655,.088,.061,-.034,.216,.072,.052,.212,0,0,.2172384,.0524043,.0078109,.262,.056,-.05,.3972817,.2431066,.234562,.1072945,.1391464,.0803983,.358,.292,.124,.029,.052,.022,.419,.216,.295,.15,.187,.112,.212,0,.212,0,0,0,.4421969,.2350771,.2544158,.1243411,.1438409,.0931717,.527,.264,.184,.043,.076,.033,.154175,.1272675,.0587481,.066,.095,.029,.202,.145,.075,.212,.212,0,.2071197,.1300747,.0506692,.264,.141,.043
2005-12,2.802805,.1728762,.2451736,.089848,.1776405,.0525099,.1238751,.343,.173,.133,.157,.058,.044,.082,.284,.067,.189,.05,.166,0,.212,0,0,0,0,.1235244,.2705304,.0940362,.2046978,.0510624,.1427432,.225,.243,.159,.229,.05,.065,-.0722975,-.0877925,-.0713653,.17,-.025,.014,-.202,-.122,-.117,-.212,0,0,-.1470059,-.1106616,-.0916808,-.018,-.07,-.014,.1673862,.1802208,.1140932,.1288863,.0599484,.0925873,.208,.169,.159,.132,.09,.048,.146,.186,.09,.127,.044,.117,0,0,0,0,0,0,.1825855,.1922374,.1212267,.1424333,.059634,.1066897,.265,.223,.194,.17,.097,.069,-.0128347,-.0147931,-.0326388,.039,.027,.042,-.041,-.037,-.073,0,0,0,-.0096519,-.0212066,-.0470557,.042,.024,.027,.1531307,.2120592,.0906909,.1486407,.0365462,.0636013,.215,.215,.158,.13,.089,.007,.12,.211,.055,.158,.008,.094,0,0,0,0,0,0,.1661587,.2286484,.1037054,.1651966,.0421127,.0732888,.275,.29,.227,.168,.13,.01,-.0589285,-.0579498,-.0270552,0,.027,.082,-.09,-.104,-.085,0,0,0,-.0624897,-.0614912,-.0311761,-.014,.059,.119
2006-01,3.144827,.231011,.2292251,.150585,.1414062,.0730574,.0932121,.364,.264,.29,.081,.088,.068,.16,.21,.076,.174,.065,.107,0,.224,0,.211,0,0,.1903425,.2512769,.0979588,.1508952,.0746955,.1073984,.254,.371,.148,.107,.093,.099,.001786,.0091788,-.0201548,.099,.209,.02,-.05,-.098,-.042,-.224,-.211,0,-.0609344,-.0529364,-.032703,-.117,.041,-.005,.2360511,.287135,.1406321,.1533073,.0913249,.0953533,.322,.287,.185,.097,.14,.058,.19,.287,.117,.183,.065,.115,0,.211,0,0,0,0,.2249545,.3215466,.151752,.1673511,.0949404,.1098654,.298,.417,.232,.142,.166,.085,-.0510839,-.0126751,-.0040284,.035,.087,.081,-.097,-.066,-.05,-.211,0,0,-.0965921,-.0155991,-.014925,-.12,.09,.081,.1913074,.2507636,.1002154,.1315879,.0525803,.1045948,.312,.225,.157,.058,.116,.058,.127,.264,.07,.171,.019,.129,0,.211,0,0,0,0,.1736838,.2889282,.105184,.1516147,.0597799,.1205134,.285,.327,.19,.085,.166,.085,-.0594562,-.0313725,-.0520145,.087,.098,.058,-.138,-.101,-.111,-.211,0,0,-.1152444,-.0464307,-.0607335,-.043,.106,.081
2006-02,2.933576,.3576761,.2111298,.1028521,.1558802,.065994,.0970771,.133,.352,.094,.213,.091,.073,.481,.134,.108,.125,.052,.11,.776,0,0,0,0,0,.3825547,.1971529,.1087219,.1696544,.0663945,.1021259,.147,.373,.103,.301,.099,.099,.1465463,-.053028,-.0310831,-.219,-.119,.018,.346,-.017,-.058,.776,0,0,.1854018,-.0609325,-.0357313,-.226,-.198,0,.2950426,.1958295,.0853882,.1539968,.0503949,.0979478,.112,.257,.071,.213,.048,.074,.395,.162,.093,.121,.052,.111,.789,0,0,0,0,0,.3165535,.2176702,.0945927,.1696843,.057063,.1053185,.137,.372,.09,.309,.067,.107,.0992132,-.0686086,-.0475529,-.145,-.143,-.026,.233,-.028,-.059,.789,0,0,.0988833,-.0750916,-.0482555,-.235,-.219,-.04,.3228967,.1865446,.0859766,.1357504,.0402615,.0863488,.182,.248,.064,.198,.04,.059,.4,.153,.098,.101,.04,.101,.789,0,0,0,0,0,.3485406,.2141709,.0952684,.1558937,.045426,.0991616,.239,.359,.081,.287,.055,.085,.1363521,-.0497738,-.0460873,-.066,-.134,-.019,.247,-.004,-.061,.789,0,0,.1343697,-.0606253,-.0537356,-.12,-.207,-.03
2006-03,2.83118,.3409559,.1996898,.2331608,.0834007,.0730877,.0460178,.177,.344,.122,.123,.087,.02,.43,.122,.293,.062,.065,.06,1,0,.777,0,0,0,.3825289,.1205928,.2591471,.0525999,.0747254,.0445362,.22,.136,.143,.053,.093,.029,.1412661,.1497601,.02707,-.167,-.001,.067,.308,.231,.005,1,.777,0,.2619362,.2065472,.0301892,.083,.09,.064,.3014548,.2267194,.2099082,.057474,.0464508,.0422067,.135,.396,.081,.053,.052,.036,.391,.135,.28,.06,.043,.045,1,0,.79,0,0,0,.346499,.1842127,.2410273,.0577351,.0527065,.0401455,.194,.329,.114,.077,.073,.053,.0747354,.1524342,.0042441,-.261,.027,.016,.256,.22,-.002,1,.79,0,.1622863,.1832922,.012561,-.136,.037,.02,.2850728,.2682732,.1957019,.0487061,.0310478,.0348452,.093,.443,.076,.053,.029,.036,.389,.174,.261,.046,.032,.034,1,0,.79,0,0,0,.3102647,.1970815,.2072997,.0561147,.0349605,.0401455,.132,.272,.107,.077,.039,.053,.0167996,.1469958,-.0037975,-.35,.022,-.007,.215,.214,-.002,1,.79,0,.1131832,.151185,-.005185,-.14,.03,-.014
2006-04,3.009449,.3709884,.2017784,.2814251,.1046614,.2103971,.0363131,.286,.271,.127,.215,.078,.037,.416,.164,.364,.046,.282,.036,.987,0,.987,0,.777,0,.4242902,.1419754,.3238081,.054879,.2420832,.0417819,.406,.132,.184,.075,.112,.053,.16921,.1767637,.174084,.015,-.088,.041,.252,.319,.246,.987,.987,.777,.2823148,.2689291,.2003013,.274,.109,.059,.4477732,.2071666,.243021,.1463195,.1727643,.0477562,.301,.332,.073,.317,.06,.053,.527,.14,.334,.055,.233,.045,1,0,1,0,.777,0,.4812485,.1406428,.2796203,.0944812,.1987828,.0466186,.313,.223,.106,.223,.086,.076,.2406067,.0967014,.1250081,-.032,-.244,.007,.387,.28,.188,1,1,.777,.3406057,.1851391,.1521643,.09,-.118,.01,.3664931,.2005713,.2008227,.1329605,.1614678,.0405167,.209,.352,.065,.269,.065,.053,.451,.119,.274,.06,.213,.034,1,0,1,0,.79,0,.4208899,.150791,.2302692,.0791103,.1849875,.0466186,.3,.251,.092,.153,.092,.076,.1659219,.0678621,.1209511,-.143,-.204,.013,.332,.214,.179,1,1,.79,.2700989,.1511589,.1383689,.049,-.062,.015
2006-05,3.214756,.3798229,.216849,.2891216,.1301489,.2419355,.0939319,.268,.364,.235,.234,.099,.204,.44,.137,.318,.074,.319,.035,.987,0,.987,0,.987,0,.4376268,.154826,.333122,.0643856,.2787548,.0427548,.391,.252,.344,.095,.144,.061,.162974,.1589727,.1480036,-.097,.001,-.105,.303,.244,.285,.987,.987,.987,.2828008,.2687364,.236,.139,.248,.083,.4156364,.2089755,.3331765,.1711071,.222086,.1167144,.235,.363,.135,.276,.048,.269,.513,.126,.44,.115,.316,.035,1,0,1,0,1,0,.4762568,.1457542,.3838814,.1115771,.2558845,.0690044,.333,.25,.198,.156,.07,.156,.2066609,.1620693,.1053717,-.128,-.14,-.221,.388,.325,.282,1,1,1,.3305026,.2723043,.1868801,.084,.041,-.087,.4482404,.2186551,.3038299,.1376519,.1913423,.1055083,.229,.352,.128,.27,.04,.219,.566,.146,.399,.066,.273,.044,1,0,1,0,1,0,.5130151,.1497121,.3492612,.0832475,.2196544,.0488982,.323,.234,.183,.148,.056,.083,.2295853,.1661781,.0858339,-.123,-.143,-.179,.42,.333,.229,1,1,1,.363303,.2660137,.1707563,.089,.035,-.028
2006-06,3.392496,.4425234,.2288201,.3391631,.1493582,.2511507,.1121484,.26,.403,.21,.246,.186,.212,.541,.135,.408,.098,.286,.059,.987,0,.987,0,.987,0,.5072681,.1375495,.3914565,.085741,.289874,.042794,.368,.197,.309,.112,.273,.061,.2137033,.1898049,.1390023,-.144,-.036,-.026,.405,.311,.227,.987,.987,.987,.3697187,.3057154,.24708,.171,.197,.211,.5178463,.1285497,.3793667,.0949719,.3019212,.0765023,.255,.202,.167,.135,.082,.09,.659,.089,.493,.073,.42,.069,.987,0,.987,0,.987,0,.5942047,.145328,.4378588,.1065731,.3484725,.0852558,.361,.285,.245,.188,.121,.121,.3892966,.2843948,.2254189,.053,.032,-.007,.57,.42,.35,.987,.987,.987,.4488767,.3312857,.2632167,.076,.057,0,.5458222,.151155,.4233167,.082182,.2953631,.0377771,.265,.234,.168,.067,.073,.032,.697,.106,.56,.091,.415,.041,1,0,1,0,1,0,.626494,.1265155,.4885852,.0840539,.3409032,.0328026,.376,.198,.247,.087,.107,.036,.3946671,.3411348,.257586,.03,.101,.04,.59,.47,.374,1,1,1,.4999785,.4045313,.3081006,.178,.16,.07
2006-07,3.313771,.2451054,.1750557,.1818805,.0913171,.1488726,.0781223,.192,.264,.116,.115,.107,.079,.274,.127,.217,.078,.171,.078,.209,.013,.209,0,.209,0,.2825628,.1717362,.2096757,.0820598,.1716235,.0696167,.281,.342,.17,.149,.156,.106,.0700498,.0905634,.0707503,-.072,.001,.027,.146,.139,.094,.196,.209,.209,.1108266,.127616,.1020068,-.06,.021,.05,.4258856,.1035236,.2650298,.0477274,.1854124,.0412233,.416,.158,.143,.107,.07,.09,.431,.075,.33,.016,.247,.015,.209,.013,.209,0,.209,0,.371133,.1106115,.3055319,.0523317,.2137473,.0448336,.237,.199,.21,.147,.102,.123,.322362,.2173023,.1441891,.258,.036,-.021,.357,.314,.233,.196,.209,.209,.2605215,.2532002,.1689137,.038,.063,-.02,.4961261,.0835006,.3817774,.0475499,.3306591,.0429356,.32,.146,.082,.086,.016,.075,.591,.05,.543,.027,.499,.026,.987,0,.987,0,.987,0,.5068861,.0875285,.4401211,.0521271,.3811909,.0468077,.232,.182,.12,.116,.024,.1,.4126255,.3342275,.2877235,.174,-.004,-.058,.541,.516,.473,.987,.987,.987,.4193575,.3879941,.3343832,.049,.004,-.076
2006-08,3.228194,.168531,.3644562,.1028215,.1095711,.0698887,.0501779,.319,.253,.133,.178,.101,.068,.087,.425,.087,.072,.053,.041,.208,.792,.208,.013,.208,0,.1301668,.389681,.1191112,.097882,.0809609,.0359478,.236,.326,.196,.229,.15,.09,-.1959252,-.0067496,.0197108,.066,-.045,.034,-.338,.014,.012,-.583,.196,.208,-.2595142,.0212291,.0450131,-.091,-.032,.06,.3009824,.3253048,.222547,.0931251,.1444137,.0411092,.448,.2,.306,.128,.129,.088,.221,.393,.177,.074,.153,.016,.208,.792,.208,.013,.208,0,.2725468,.3646602,.1927404,.0991637,.1672926,.0449326,.412,.252,.216,.158,.191,.12,-.0243223,.1294219,.1033045,.248,.178,.041,-.172,.103,.137,-.583,.196,.208,-.0921135,.0935766,.12236,.161,.059,.071,.4963066,.2321,.3826928,.058702,.3082471,.039025,.524,.207,.282,.101,.089,.084,.481,.246,.437,.036,.427,.015,.987,.013,.987,0,.987,0,.4580638,.2432246,.3782574,.0653126,.3570816,.0425183,.377,.283,.181,.139,.132,.114,.2642066,.3239908,.2692221,.317,.181,.006,.235,.401,.412,.975,.987,.987,.2148392,.3129448,.3145633,.094,.041,.018
2006-09,2.037643,.2117461,.4157389,.1129782,.2274877,.0525603,.0495481,.386,.294,.224,.103,.051,.061,.118,.481,.053,.295,.053,.043,.208,.779,.208,.779,.208,0,.1701229,.4364687,.0653666,.2598063,.0608295,.0573435,.298,.273,.092,.139,.076,.09,-.2039928,-.1145095,.0030122,.091,.121,-.01,-.363,-.241,.01,-.571,-.571,.208,-.2663458,-.1944397,.0034861,.025,-.047,-.015,.2482684,.4193751,.1642316,.2385038,.1252859,.0572172,.421,.304,.287,.123,.259,.069,.155,.481,.098,.301,.053,.051,.208,.779,.208,.779,.208,0,.2041629,.4406769,.1164553,.2725555,.0796106,.0662192,.347,.288,.183,.169,.144,.102,-.1711067,-.0742722,.0680687,.117,.165,.19,-.326,-.203,.002,-.571,-.571,.208,-.2365141,-.1561003,.0133915,.059,.014,.043,.2556145,.2373615,.1699579,.131911,.1310122,.0376755,.442,.206,.304,.135,.275,.078,.155,.254,.098,.13,.053,.016,.208,.013,.208,.013,.208,0,.2066343,.2708593,.1230825,.1491926,.0862378,.0436029,.356,.292,.208,.187,.169,.116,.018253,.0380469,.0933367,.236,.169,.197,-.099,-.032,.038,.196,.196,.208,-.064225,-.0261101,.0426349,.064,.021,.053
2006-10,1.649312,.2567983,.2765646,.1842453,.2234831,.1138552,.1026747,.418,.279,.378,.23,.232,.084,.171,.276,.081,.22,.051,.113,.22,0,.208,0,.208,0,.2188896,.2797762,.1380583,.2212971,.0664067,.1181971,.33,.266,.282,.204,.103,.123,-.0197663,-.0392378,.0111805,.139,.148,.147,-.105,-.139,-.062,.22,.208,.208,-.0608867,-.0832388,-.0517904,.064,.078,-.02,.2178663,.2654638,.1041395,.1957211,.0721134,.0943549,.343,.324,.258,.232,.207,.094,.151,.234,.022,.176,0,.095,0,0,0,0,0,0,.1740718,.2666099,.0458422,.1889507,.0183543,.1086194,.221,.331,.107,.207,.067,.137,-.0475975,-.0915816,-.0222415,.019,.026,.113,-.083,-.154,-.095,0,0,0,-.0925382,-.1431085,-.0902651,-.11,-.099,-.07,.2730852,.267689,.1694933,.1909803,.1141331,.1073808,.369,.33,.284,.144,.232,.096,.222,.234,.108,.216,.051,.113,.208,0,.208,0,.208,0,.2367873,.2691715,.1202248,.2198526,.0658753,.1236146,.256,.34,.142,.211,.1,.14,.0053962,-.021487,.0067523,.039,.139,.136,-.012,-.108,-.062,.208,.208,.208,-.0323842,-.0996278,-.0577393,-.084,-.069,-.04
2006-11,1.888329,.1251201,.349765,.0684002,.2420633,.0513489,.2081274,.21,.368,.134,.24,.106,.204,.08,.34,.034,.243,.022,.21,0,.001,0,0,0,0,.1315457,.3421393,.0664154,.2432189,.0495288,.2069229,.26,.382,.149,.222,.12,.179,-.2246449,-.173663,-.1567785,-.158,-.107,-.098,-.26,-.209,-.188,-.001,0,0,-.2105936,-.1768036,-.1573941,-.122,-.072,-.059,.1496777,.38373,.0865464,.2341357,.0395811,.1668863,.19,.448,.115,.309,.081,.205,.128,.349,.072,.194,.018,.147,0,.208,0,0,0,0,.162438,.3811406,.0899455,.2341158,.0360161,.1595666,.241,.498,.132,.321,.083,.18,-.2340523,-.1475893,-.1273052,-.258,-.195,-.123,-.221,-.123,-.129,-.208,0,0,-.2187026,-.1441704,-.1235505,-.257,-.19,-.096,.1689702,.2973846,.1095403,.2020311,.0724157,.1611232,.187,.37,.124,.229,.088,.124,.159,.259,.102,.188,.064,.181,.208,0,.208,0,.208,0,.1837313,.3149176,.1154891,.2293167,.0728596,.1850148,.234,.504,.142,.321,.091,.18,-.1284145,-.0924908,-.0887075,-.183,-.105,-.036,-.1,-.086,-.117,.208,.208,.208,-.1311862,-.1138276,-.1121552,-.27,-.179,-.089
2006-12,2.235629,.0764531,.4851857,.052561,.1573752,.0299316,.1102536,.156,.489,.118,.245,.072,.217,.035,.483,.018,.111,.008,.054,0,.792,0,0,0,0,.0876016,.4801091,.0602255,.173473,.0342962,.1263309,.226,.429,.17,.33,.104,.315,-.4087326,-.1048142,-.0803221,-.333,-.127,-.145,-.449,-.093,-.046,-.792,0,0,-.3925075,-.1132475,-.0920347,-.203,-.159,-.21,.1098051,.4660002,.0782905,.1355687,.0504586,.0919617,.136,.463,.094,.213,.051,.156,.096,.468,.07,.095,.05,.058,0,.792,0,0,0,0,.1254779,.4557467,.0897069,.1484867,.0578165,.1053716,.196,.382,.136,.283,.074,.226,-.3561951,-.0572782,-.0415031,-.326,-.119,-.105,-.372,-.025,-.008,-.792,0,0,-.3302688,-.0587798,-.0475552,-.187,-.147,-.152,.1669049,.312279,.0957344,.1271952,.070229,.0919617,.216,.434,.092,.184,.056,.156,.141,.249,.098,.097,.078,.058,.208,0,.208,0,.208,0,.1529637,.2804674,.1096944,.1397498,.0804698,.1053716,.196,.344,.133,.245,.081,.226,-.1453741,-.0314608,-.0217327,-.218,-.092,-.1,-.107,.001,.02,.208,.208,.208,-.1275037,-.0300553,-.0249018,-.148,-.112,-.145
2007-01,2.088706,.2338801,.341662,.0502645,.2933255,.0388108,.0691231,.179,.19,.092,.165,.059,.101,.263,.423,.028,.362,.028,.052,0,.779,0,.779,0,0,.2519208,.3845201,.0576517,.3352419,.0445148,.0784186,.26,.271,.133,.236,.085,.143,-.1077819,-.243061,-.0303123,-.011,-.073,-.042,-.16,-.333,-.024,-.779,-.779,0,-.1325993,-.2775903,-.0339038,-.011,-.102,-.058,.2281389,.2686968,.0619471,.2139218,.0510116,.0568419,.167,.18,.072,.161,.061,.098,.261,.316,.057,.242,.045,.035,0,.779,0,.779,0,0,.2453359,.3011608,.0710513,.2444979,.0585086,.0643325,.242,.258,.105,.232,.089,.14,-.0405578,-.1519747,-.0058304,-.013,-.089,-.037,-.055,-.185,.011,-.779,-.779,0,-.0558249,-.1734467,-.0058239,-.016,-.127,-.05,.2756076,.1453507,.047162,.0887896,.0408816,.044702,.232,.14,.061,.108,.032,.057,.299,.148,.04,.079,.045,.038,0,0,0,0,0,0,.2997809,.1658491,.0540933,.1018387,.0468899,.0512717,.337,.2,.088,.156,.047,.083,.130257,-.0416276,-.0038204,.092,-.047,-.025,.151,-.039,.007,0,0,0,.1339318,-.0477455,-.0043819,.137,-.068,-.036
2007-02,2.333462,.3209527,.2789885,.1342076,.2503781,.0177228,.218713,.374,.161,.117,.09,.044,.056,.293,.341,.143,.335,.004,.305,0,.779,0,.779,0,.779,.2816225,.3195108,.1541146,.2866567,.0203516,.2502947,.225,.231,.17,.128,.063,.078,.0419642,-.1161705,-.2009902,.213,.027,-.012,-.048,-.192,-.301,-.779,-.779,-.779,-.0378883,-.132542,-.229943,-.006,.042,-.014,.3817949,.0993127,.1351513,.0582208,.0292499,.0262348,.386,.158,.129,.083,.056,.061,.38,.068,.138,.045,.015,.008,0,0,0,0,0,0,.3514346,.1140437,.1551434,.0668567,.0335886,.0301262,.242,.229,.187,.12,.081,.089,.2824822,.0769304,.0030152,.228,.046,-.005,.311,.093,.007,0,0,0,.2373909,.0882866,.0034624,.013,.067,-.008,.2904235,.0990307,.1337537,.0602885,.0172664,.0269528,.416,.151,.125,.071,.052,.063,.224,.071,.138,.055,-.001,.008,0,.013,0,0,0,0,.24651,.1137199,.1535385,.0692311,.0198275,.0309507,.286,.22,.181,.103,.075,.092,.1913928,.0734652,-.0096864,.265,.054,-.011,.153,.084,-.009,-.013,0,0,.1327901,.0843074,-.0111232,.066,.079,-.017
2007-03,2.500757,.3055749,.3360244,.1805813,.2250487,.0328432,.2120759,.51,.162,.313,.037,.066,.01,.198,.427,.111,.324,.015,.319,0,.791,0,.778,0,.778,.2279778,.3678913,.1206195,.2582097,.03781,.2432751,.289,.233,.136,.051,.097,.011,-.0304495,-.0444674,-.1792327,.348,.276,.057,-.229,-.213,-.303,-.791,-.778,-.778,-.1399135,-.1375902,-.2054651,.056,.086,.086,.3725471,.1666683,.1685622,.0490066,.0251583,.0292684,.51,.179,.31,.056,.075,.025,.3,.16,.094,.045,-.001,.031,.209,.013,0,0,0,0,.2966084,.1737964,.1067299,.0564177,.0289099,.0336945,.288,.261,.131,.082,.109,.037,.2058788,.1195556,-.0041101,.331,.253,.05,.14,.049,-.032,.197,0,0,.122812,.0503122,-.0047846,.027,.048,.073,.3380017,.2354852,.1481959,.0493553,.0055502,.03319,.448,.157,.279,.052,.018,.037,.28,.277,.079,.048,-.001,.031,.209,.013,0,.013,0,0,.256839,.271097,.0832837,.0568192,.0063366,.0382092,.198,.229,.086,.076,.026,.053,.1025165,.0988406,-.0276398,.291,.227,-.018,.003,.031,-.032,.197,-.013,0,-.014258,.0264645,-.0318726,-.031,.011,-.027
2007-04,2.27769,.2506105,.3952906,.2055714,.2278909,.1111775,.2069886,.463,.173,.407,.035,.258,.011,.138,.513,.099,.33,.033,.311,0,1,0,.791,0,.778,.1789089,.446543,.1271626,.2612265,.0563927,.2371878,.276,.25,.193,.049,.115,.013,-.14468,-.0223195,-.0958112,.29,.371,.247,-.375,-.231,-.277,-1,-.791,-.778,-.2676342,-.1340639,-.1807951,.025,.145,.102,.2599541,.3379783,.2131134,.065834,.0854512,.0227539,.45,.189,.39,.039,.208,.014,.159,.417,.119,.08,.021,.027,0,.791,0,.012,0,0,.1897054,.371652,.1358363,.0586725,.0268062,.0261681,.257,.276,.169,.056,.041,.021,-.0780242,.1472794,.0626973,.261,.352,.193,-.258,.039,-.006,-.791,-.012,0,-.1819466,.0771638,.0006381,-.019,.113,.02,.2570338,.3865767,.1951677,.1618189,.0878946,.0374242,.437,.264,.338,.055,.215,.051,.162,.452,.119,.218,.021,.03,0,.791,0,.012,0,.012,.1863469,.4445826,.1151979,.1860999,.0296162,.0430397,.238,.385,.094,.081,.051,.075,-.1295429,.0333488,.0504704,.174,.283,.163,-.29,-.099,-.009,-.791,-.012,-.012,-.2582356,-.070902,-.0134235,-.147,.013,-.023
2007-05,2.298891,.2601342,.4199027,.1517982,.3302827,.13175,.2197381,.383,.198,.325,.076,.309,.014,.195,.537,.06,.465,.038,.328,0,1,0,1,0,.791,.1713954,.4714377,.0643301,.3714376,.0411883,.2527756,.155,.275,.07,.108,.045,.018,-.1597686,-.1784845,-.0879881,.185,.25,.294,-.342,-.405,-.29,-1,-1,-.791,-.3000423,-.3071075,-.2115873,-.121,-.038,.027,.2842148,.3756515,.1506439,.2355615,.1300619,.0607112,.43,.212,.321,.089,.304,.024,.207,.462,.061,.313,.038,.08,0,1,0,.791,0,.012,.2259732,.4121319,.0717908,.2539232,.0480327,.0520915,.255,.298,.095,.131,.071,.035,-.0914367,-.0849176,.0693506,.218,.231,.28,-.255,-.252,-.042,-1,-.791,-.012,-.1861587,-.1821325,-.0040588,-.043,-.036,.035,.2755122,.453433,.1696004,.3577673,.1342387,.1529545,.405,.24,.375,.157,.316,.043,.207,.566,.061,.464,.038,.211,0,.791,0,.791,0,.012,.2100064,.501916,.0877511,.412975,.0469328,.1765572,.197,.339,.154,.23,.066,.063,-.1779208,-.188167,-.0187158,.165,.219,.273,-.359,-.403,-.173,-.791,-.791,-.012,-.2919096,-.325224,-.1296244,-.142,-.076,.004
2007-06,2.265136,.1849201,.2517178,.110922,.1210511,.0674517,.0832275,.353,.268,.263,.07,.209,.027,.095,.243,.03,.148,-.008,.113,0,.21,0,.21,0,.21,.112499,.2819973,.0394305,.132359,.0064043,.0887822,.213,.391,.125,.103,.046,.04,-.0667977,-.010129,-.0157758,.085,.193,.182,-.148,-.118,-.121,-.21,-.21,-.21,-.1694984,-.0929285,-.082378,-.178,.022,.006,.2580085,.2641255,.1154563,.1330018,.0485809,.037844,.308,.168,.192,.084,.171,.048,.231,.315,.075,.159,-.017,.032,0,.21,0,.21,0,0,.2137606,.3008657,.0676741,.1532321,-.0093733,.0436003,.146,.235,.042,.123,.011,.071,-.006117,-.0175456,.0107368,.14,.108,.123,-.084,-.084,-.049,-.21,-.21,0,-.0871051,-.0855579,-.0529736,-.089,-.082,-.059,.2016887,.2588597,.149931,.1508599,.0582014,.0855381,.324,.25,.204,.129,.183,.05,.136,.264,.121,.163,-.008,.105,0,0,0,0,0,0,.1488744,.2913099,.1014291,.1703173,-.0042531,.0985488,.17,.342,.038,.177,.007,.073,-.057171,-.0009289,-.0273367,.074,.075,.133,-.127,-.041,-.113,0,0,0,-.1424355,-.0688882,-.1028019,-.172,-.139,-.066
2007-07,2.080521,.3048252,.1891523,.0340911,.1278745,.0169379,.0829448,.143,.174,.063,.144,.036,.052,.39,.197,.019,.119,.007,.099,.778,0,0,0,0,0,.3480439,.2104163,.0393172,.1397447,.0195344,.0879743,.198,.257,.092,.212,.052,.077,.1156728,-.0937834,-.0660069,-.031,-.081,-.017,.193,-.1,-.092,.778,0,0,.1376276,-.1004275,-.0684399,-.059,-.12,-.025,.3459491,.211285,.1291234,.1489287,.113538,.0413402,.284,.192,.232,.12,.186,.061,.378,.222,.075,.164,.075,.031,.778,0,0,0,0,0,.3332961,.2359888,.0832316,.1717592,.065257,.0476775,.176,.283,.099,.177,.032,.09,.134664,-.0198054,.0721978,.093,.112,.126,.157,-.089,.044,.778,0,0,.0973073,-.0885276,.0175795,-.107,-.078,-.058,.2336127,.2155592,.1316455,.1221123,.1179832,.1068386,.304,.251,.223,.112,.184,.111,.197,.197,.083,.127,.083,.105,0,0,0,0,0,0,.2037389,.2113673,.0861403,.1408318,.0703837,.1232167,.205,.233,.086,.165,.028,.164,.0180535,.0095332,.0111446,.053,.111,.073,0,-.044,-.021,0,0,0,-.0076284,-.0546915,-.0528331,-.027,-.079,-.136
2007-08,1.839253,.3949865,.3554799,.2657097,.1383812,.0171025,.1016474,.318,.441,.057,.128,.03,.101,.436,.31,.376,.144,.01,.102,.778,0,.778,0,0,0,.4116184,.3245545,.3030898,.1596668,.0197332,.1172826,.307,.398,.071,.189,.045,.15,.0395066,.1273285,-.0845449,-.123,-.071,-.071,.125,.233,-.092,.778,.778,0,.0870639,.143423,-.0975494,-.091,-.119,-.105,.4455219,.3158239,.3293009,.1906399,.1253539,.1364775,.374,.277,.212,.153,.194,.093,.483,.336,.391,.211,.089,.159,.778,0,.778,0,0,0,.4481106,.3373304,.3140127,.212555,.078695,.1574702,.309,.4,.069,.227,.043,.138,.129698,.138661,-.0111235,.097,.059,.101,.147,.181,-.071,.778,.778,0,.1107802,.1014577,-.0787751,-.091,-.157,-.095,.3283038,.3335305,.2005223,.19657,.1135914,.1136889,.421,.36,.225,.221,.181,.092,.279,.319,.187,.184,.078,.125,0,0,0,0,0,0,.3093712,.3196963,.1654256,.1887418,.0651232,.1311764,.365,.382,.089,.186,.024,.136,-.0052268,.0039522,-.0000975,.06,.005,.089,-.04,.004,-.047,0,0,0,-.0103251,-.0233161,-.0660532,-.017,-.097,-.112
2007-09,2.472029,.3180679,.2049147,.2727351,.1687029,.1922451,.0839114,.198,.166,.17,.112,.039,.062,.381,.225,.326,.198,.273,.095,.778,0,.778,0,.778,0,.3080048,.2334161,.2723964,.1916855,.2181143,.0966997,.1,.235,.094,.154,.044,.091,.1131532,.1040322,.1083337,.031,.058,-.024,.156,.128,.177,.778,.778,.778,.0745887,.0807108,.1214146,-.134,-.06,-.047,.3824444,.2074077,.3286442,.1587753,.2693893,.0751482,.261,.173,.212,.121,.195,.075,.446,.225,.39,.178,.308,.075,.778,0,.778,0,.778,0,.3625273,.2362891,.3133495,.1802449,.2450641,.0866009,.093,.244,.069,.168,.044,.11,.1750366,.1698689,.1942412,.087,.09,.12,.221,.211,.233,.778,.778,.778,.1262383,.1331046,.1584632,-.152,-.1,-.066,.3896915,.205768,.2110863,.1414313,.1445959,.0537681,.276,.164,.237,.12,.199,.062,.449,.228,.197,.152,.116,.049,.778,0,0,0,0,0,.3708789,.2343994,.1744462,.1602576,.1012519,.0619624,.115,.231,.093,.167,.05,.091,.1839235,.069655,.0908278,.112,.117,.137,.222,.045,.067,.778,0,0,.1364795,.0141885,.0392894,-.116,-.074,-.041
2007-10,2.995946,.3412716,.1943574,.1737579,.0575151,.1419419,.0420935,.388,.26,.069,.084,.063,.046,.317,.16,.229,.044,.184,.04,.778,.012,.778,0,.778,0,.3035949,.2183703,.1943006,.0663488,.1575979,.0485587,.306,.363,.08,.124,.07,.067,.1469142,.1162428,.0998483,.128,-.014,.017,.157,.185,.143,.766,.778,.778,.0852247,.1279517,.1090392,-.057,-.044,.003,.27838,.1871778,.1562136,.0679754,.106191,.0412664,.448,.259,.245,.084,.201,.055,.189,.149,.109,.06,.056,.034,.209,.012,0,0,0,0,.2216825,.2100879,.1018511,.0784158,.0569373,.0476046,.36,.361,.071,.124,.053,.082,.0912022,.0882382,.0649246,.189,.161,.145,.04,.05,.022,.197,0,0,.0115947,.0234353,.0093327,-.002,-.052,-.028,.3403879,.1380201,.214775,.0496931,.1655533,.0281096,.426,.16,.257,.06,.226,.057,.295,.126,.192,.044,.134,.013,.209,.012,0,0,0,0,.2932142,.1533801,.169407,.0573255,.1219866,.032427,.327,.215,.089,.089,.077,.084,.2023677,.1650819,.1374437,.266,.197,.169,.169,.148,.121,.197,0,0,.1398341,.1120815,.0895597,.112,0,-.006
2007-11,3.474556,.4109382,.2179876,.2470343,.0889457,.1367055,.0284485,.374,.247,.29,.161,.066,.054,.431,.203,.224,.051,.174,.015,.988,0,.778,0,.778,0,.4003526,.2358502,.2116338,.0966277,.1513108,.0327556,.281,.308,.157,.216,.075,.08,.1929506,.1580885,.108257,.127,.129,.012,.228,.173,.159,.988,.778,.778,.1645024,.1150062,.1185552,-.027,-.058,-.005,.3628262,.217904,.1813228,.0694331,.1148179,.0276572,.51,.118,.326,.072,.21,.054,.285,.271,.105,.068,.065,.014,.209,0,.209,0,0,0,.3457929,.24511,.1368102,.0741609,.0632641,.0318445,.486,.152,.213,.084,.053,.08,.1449222,.1118896,.0871607,.393,.254,.155,.015,.037,.051,.209,.209,0,.100683,.0626493,.0314196,.334,.129,-.027,.4240814,.1819559,.2483563,.0652607,.1692006,.0282673,.498,.13,.317,.055,.209,.03,.385,.209,.212,.071,.148,.028,.209,0,.209,0,0,0,.4163222,.2037195,.2139924,.0693568,.1258802,.0325469,.467,.17,.2,.059,.052,.044,.2421255,.1830956,.1409333,.368,.262,.179,.176,.142,.121,.209,.209,0,.2126027,.1446357,.0933333,.297,.141,.008
2007-12,3.355155,.248106,.1331264,.191563,.1072677,.1469762,.0603869,.111,.177,.111,.148,.061,.12,.321,.11,.234,.086,.192,.029,.779,0,.779,0,.779,0,.2751587,.1213576,.2170066,.1089176,.1654209,.0640709,.148,.207,.148,.164,.074,.158,.1149796,.0842953,.0865893,-.066,-.037,-.059,.211,.149,.164,.779,.779,.779,.1538011,.108089,.10135,-.059,-.016,-.084,.2241446,.1534877,.1814565,.11965,.1087902,.0268121,.41,.096,.397,.045,.264,.03,.126,.184,.068,.159,.027,.025,0,0,0,0,0,0,.1886442,.1449151,.1400981,.1326366,.0560252,.0252258,.348,.087,.332,.045,.133,.024,.0706569,.0618065,.0819781,.313,.352,.233,-.058,-.092,.002,0,0,0,.0437291,.0074614,.0307994,.261,.287,.109,.2556207,.144454,.1985998,.0806656,.1305858,.0292252,.389,.146,.373,.047,.243,.033,.185,.144,.106,.098,.071,.027,.209,0,.209,0,.209,0,.2250612,.1344633,.1599325,.0875329,.0812421,.0280177,.317,.161,.297,.048,.102,.027,.1111667,.1179342,.1013606,.244,.326,.211,.041,.008,.044,.209,.209,.209,.0905979,.0723996,.0532244,.157,.248,.075
2008-01,3.276421,.23389,.2091575,.0920618,.0567913,.0410082,.0413155,.206,.075,.07,.02,.061,.02,.248,.28,.104,.076,.031,.053,0,.221,0,0,0,0,.2633929,.2251587,.1019208,.0487559,.0428132,.0478333,.283,.113,.088,.03,.074,.03,.0247326,.0352705,-.0003073,.131,.051,.041,-.031,.027,-.022,-.221,0,0,.0382342,.0531649,-.00502,.17,.059,.045,.2605913,.3668354,.1562441,.0567913,.1273431,.0413155,.403,.113,.296,.02,.283,.02,.185,.5,.083,.076,.046,.053,0,1,0,0,0,0,.2278732,.4010586,.1097951,.0487559,.0771935,.0478333,.329,.17,.177,.03,.161,.03,-.1062441,.0994528,.0860275,.291,.276,.263,-.315,.006,-.007,-1,0,0,-.1731855,.0610391,.0293602,.159,.148,.132,.3037206,.3860207,.1462724,.0812596,.1039889,.0491042,.359,.3,.248,.068,.235,.02,.275,.431,.093,.088,.035,.065,0,.791,0,0,0,0,.2778064,.3812551,.0982502,.0770842,.0501551,.0568507,.262,.293,.105,.102,.089,.03,-.0823001,.0650128,.0548847,.059,.18,.215,-.157,.005,-.029,-.791,0,0,-.1034486,.021166,-.0066956,-.031,.003,.059
2008-02,3.169197,.2901855,.3719052,.1024708,.1944176,.0352288,.0555853,.41,.142,.122,.045,.05,.016,.228,.491,.093,.272,.028,.076,0,1,0,.221,0,0,.2515765,.4131574,.1158624,.207862,.0407572,.047243,.297,.214,.173,.068,.075,.024,-.0817197,-.0919468,-.0203565,.267,.076,.034,-.263,-.179,-.049,-1,-.221,0,-.161581,-.0919996,-.0064858,.083,.104,.051,.3576658,.4579323,.1848734,.3425947,.1119884,.0555853,.541,.245,.303,.089,.221,.016,.262,.569,.124,.475,.055,.076,0,1,0,1,0,0,.2855258,.5126848,.1448549,.3792924,.063221,.047243,.327,.369,.193,.134,.081,.024,-.1002665,-.1577213,.0564031,.296,.214,.205,-.307,-.351,-.021,-1,-1,0,-.2271589,-.2344376,.0159781,-.042,.059,.057,.3143532,.4139554,.1872709,.3205802,.1206828,.0660178,.451,.265,.31,.157,.228,.046,.243,.491,.124,.406,.065,.076,0,1,0,.791,0,0,.2795368,.4618065,.1476286,.3538232,.0732799,.0593126,.36,.399,.204,.237,.092,.07,-.0996022,-.1333093,.0546651,.186,.152,.182,-.248,-.282,-.012,-1,-.791,0,-.1822698,-.2061946,.0139673,-.04,-.033,.022
2008-03,3.092458,.2112736,.4034947,.1559701,.3088174,.0535177,.1308224,.18,.185,.104,.098,.046,.001,.227,.516,.182,.417,.058,.197,0,.779,0,.779,0,0,.2311239,.4671886,.1748563,.3575551,.0619718,.1514882,.25,.278,.135,.148,.069,.002,-.1922212,-.1528473,-.0773047,-.004,.006,.045,-.289,-.234,-.14,-.779,-.779,0,-.2360647,-.1826988,-.0895164,-.028,-.013,.067,.302599,.3832852,.2587553,.3172259,.1396093,.2439266,.385,.175,.339,.098,.247,.046,.26,.49,.218,.43,.085,.346,0,.988,0,.988,0,.988,.2674705,.4437866,.2244729,.367292,.0952458,.2824593,.292,.263,.222,.148,.117,.069,-.0806862,-.0584706,-.1043173,.21,.241,.201,-.23,-.212,-.261,-.988,-.988,-.988,-.1763161,-.1428191,-.1872136,.029,.075,.048,.3279433,.4513659,.2466687,.3469332,.1508784,.2741236,.492,.169,.34,.134,.28,.067,.244,.597,.199,.456,.085,.381,0,.988,0,.988,0,.779,.2650926,.5191962,.2192172,.4016921,.1082951,.3173809,.332,.241,.257,.202,.167,.101,-.1234226,-.1002645,-.1232452,.324,.206,.213,-.353,-.258,-.296,-.988,-.988,-.779,-.2541036,-.1824748,-.2090858,.091,.056,.066
2008-04,3.043953,.2641361,.3516062,.1768896,.3153665,.1439567,.2874585,.184,.115,.11,.097,.068,.037,.305,.473,.211,.428,.183,.417,.209,.779,0,.779,0,.779,.2685627,.4080432,.1919663,.3659866,.1613427,.3335991,.231,.176,.145,.147,.082,.056,-.0874701,-.1384769,-.1435019,.069,.013,.032,-.168,-.217,-.234,-.57,-.779,-.779,-.1394805,-.1740203,-.1722564,.056,-.002,.026,.3469012,.2494544,.2310621,.1885976,.2014981,.1438873,.362,.306,.302,.134,.266,.079,.339,.221,.195,.217,.168,.177,0,0,0,0,0,0,.3037815,.2464693,.1908352,.2188698,.1641212,.1669829,.267,.299,.19,.204,.135,.12,.0974468,.0424645,.0576108,.056,.168,.187,.119,-.022,-.009,0,0,0,.0573122,-.0280346,-.0028617,-.032,-.014,.015,.279667,.3882371,.2310206,.3328996,.1989731,.2672751,.379,.154,.311,.081,.272,.071,.228,.509,.19,.462,.161,.368,0,.779,0,.779,0,.779,.2291842,.4448331,.1939547,.3863339,.1643587,.310176,.307,.212,.216,.124,.157,.108,-.1085701,-.101879,-.0683021,.226,.229,.201,-.281,-.272,-.207,-.779,-.779,-.779,-.2156489,-.1923792,-.1458173,.095,.092,.049
2008-05,3.177843,.31651,.4192791,.1798116,.3334842,.1493515,.3010018,.377,.251,.104,.07,.059,.061,.285,.505,.219,.469,.196,.424,0,.791,0,.779,0,.779,.2646645,.4854078,.1760006,.3867413,.1650088,.3490715,.276,.379,.13,.106,.09,.093,-.1027691,-.1536726,-.1516503,.126,.034,-.002,-.22,-.25,-.228,-.791,-.779,-.779,-.2207433,-.2107407,-.1840627,-.103,.025,-.003,.2933389,.2361489,.2389789,.1392474,.2064282,.134845,.337,.309,.297,.124,.26,.115,.271,.199,.209,.147,.179,.145,0,.012,0,0,0,0,.2377929,.2730319,.1774616,.161485,.1607338,.1563796,.214,.466,.163,.188,.123,.174,.05719,.0997315,.0715832,.028,.173,.146,.072,.062,.034,-.012,0,0,-.035239,.0159766,.0043542,-.252,-.025,-.051,.3015136,.407049,.2454292,.3149558,.2181653,.3060295,.341,.246,.293,.084,.272,.061,.281,.49,.221,.433,.19,.432,0,.791,0,.779,0,.779,.2472732,.4663585,.1883732,.3595581,.1776569,.3549021,.221,.351,.171,.106,.154,.093,-.1055354,-.0695266,-.0878642,.096,.209,.211,-.209,-.212,-.241,-.791,-.779,-.779,-.2190853,-.1711849,-.1772451,-.13,.066,.061
2008-06,3.671502,.3548258,.2538452,.2047232,.1618911,.1022676,.127178,.498,.201,.312,.081,.093,.028,.281,.281,.149,.204,.107,.178,0,0,0,0,0,0,.2692254,.2797108,.1376763,.1880402,.0858376,.1477201,.306,.248,.189,.123,.115,.043,.1009806,.0428321,-.0249104,.297,.231,.065,0,-.054,-.071,0,0,0,-.0104854,-.0503639,-.0618825,.058,.065,.071,.3895169,.2494563,.2476767,.1406713,.1551628,.0981835,.511,.249,.282,.167,.091,.121,.327,.25,.23,.127,.188,.086,0,0,0,0,0,0,.3095199,.274613,.1875677,.1633929,.1472766,.1140424,.327,.321,.143,.255,.111,.185,.1400606,.1070053,.0569793,.262,.115,-.031,.077,.103,.102,0,0,0,.0349069,.0241747,.0332343,.006,-.111,-.074,.3648613,.2720802,.2506398,.2164271,.1533963,.1653308,.505,.252,.286,.127,.086,.082,.292,.282,.233,.262,.188,.208,0,0,0,0,0,0,.2800699,.3008912,.1910094,.2457041,.1486633,.1863545,.315,.326,.149,.172,.116,.102,.0927811,.0342127,-.0119344,.253,.158,.004,.01,-.03,-.02,0,0,0,-.0208212,-.0546947,-.0376913,-.011,-.024,.014
2008-07,3.971411,.356445,.1873337,.2830024,.1636174,.1699127,.1457419,.526,.133,.432,.086,.252,.073,.269,.216,.206,.203,.127,.183,.21,0,0,0,0,0,.2701687,.2159025,.185278,.1909102,.1005715,.1700529,.35,.195,.207,.134,.113,.113,.1691113,.119385,.0241708,.394,.345,.18,.053,.003,-.056,.21,0,0,.0542662,-.0056322,-.0694815,.155,.073,.001,.3708564,.149121,.297089,.0894378,.2175146,.0725017,.522,.136,.453,.089,.235,.078,.293,.156,.216,.09,.209,.07,.21,0,0,0,0,0,.2869839,.1713155,.2017144,.1043569,.1561137,.0845957,.343,.2,.24,.138,.086,.121,.2217354,.2076512,.1450128,.385,.364,.157,.137,.127,.139,.21,0,0,.1156685,.0973575,.071518,.143,.103,-.035,.3597389,.2320351,.3074346,.1496643,.2301236,.1317888,.527,.126,.468,.086,.267,.073,.273,.287,.224,.182,.211,.162,.209,0,0,0,0,0,.2740119,.2707406,.2137857,.1746296,.1708261,.1537724,.351,.195,.263,.134,.135,.113,.1277038,.1577703,.0983348,.4,.382,.194,-.013,.042,.049,.209,0,0,.0032713,.0391561,.0170537,.155,.13,.023
2008-08,3.828239,.1930166,.3648454,.1383888,.124386,.1044516,.114451,.393,.101,.277,.064,.203,.049,.09,.5,.067,.155,.054,.148,0,.79,0,0,0,0,.1204867,.4229106,.0718625,.1453341,.0330012,.1337259,.27,.145,.149,.099,.036,.077,-.1718288,.0140028,-.0099994,.291,.213,.153,-.41,-.088,-.094,-.79,0,0,-.3024239,-.0734716,-.1007247,.125,.049,-.04,.198745,.3271399,.1493879,.0863698,.1209815,.0649373,.432,.108,.304,.07,.236,.07,.079,.44,.07,.095,.062,.062,0,.79,0,0,0,0,.1423833,.378855,.0847139,.1009154,.052315,.0758735,.39,.155,.191,.109,.088,.109,-.1283949,.0630181,.0560443,.323,.234,.166,-.36,-.025,-.001,-.79,0,0,-.2364717,-.0162016,-.0235585,.234,.083,-.02,.2719816,.4240711,.2018241,.1825701,.1604004,.1257084,.46,.194,.299,.07,.273,.04,.175,.542,.152,.241,.102,.169,.209,.79,.209,0,0,0,.2157683,.4921106,.145981,.213317,.0975811,.1468792,.387,.289,.184,.109,.143,.063,-.1520895,.019254,.034692,.266,.23,.233,-.367,-.089,-.067,-.581,.209,0,-.2763423,-.067336,-.0492982,.097,.075,.08
2008-09,3.538068,.1442881,.3441054,.0642686,.1927905,.0462691,.1179582,.264,.175,.102,.082,.074,.066,.083,.431,.045,.25,.032,.145,0,.211,0,0,0,0,.1523933,.3895313,.0618609,.221431,.0503674,.1374043,.347,.257,.107,.114,.101,.101,-.1998173,-.1285219,-.0716891,.089,.021,.009,-.348,-.205,-.113,-.211,0,0,-.237138,-.1595701,-.0870369,.09,-.007,0,.1799341,.3269417,.1334839,.1879198,.1065099,.1380299,.389,.17,.331,.089,.252,.072,.073,.408,.032,.239,.032,.172,0,.211,0,0,0,0,.1358661,.3695381,.0817584,.2157573,.0530164,.1607849,.312,.249,.224,.125,.111,.111,-.1470077,-.0544359,-.03152,.219,.243,.18,-.335,-.207,-.14,-.211,0,0,-.233672,-.1339989,-.1077685,.064,.099,0,.20818,.2720257,.1621098,.2143619,.1174444,.1380299,.421,.248,.339,.167,.235,.072,.099,.285,.071,.239,.057,.172,0,0,0,0,0,0,.1592952,.3055689,.1056301,.2465585,.0657535,.1607849,.326,.369,.199,.246,.086,.111,-.0638457,-.0522521,-.0205856,.173,.172,.164,-.186,-.168,-.115,0,0,0,-.1462736,-.1409284,-.0950314,-.044,-.047,-.025
2008-10,2.602314,.1420648,.2519601,.0962446,.1235144,.0329319,.07827,.307,.411,.242,.134,.094,.051,.059,.172,.023,.118,.002,.092,0,0,0,0,0,0,.1467662,.1965546,.0934212,.1325112,.019711,.0879232,.403,.354,.302,.194,.072,.067,-.1098953,-.0272698,-.0453381,-.104,.108,.043,-.113,-.095,-.09,0,0,0,-.0497884,-.03909,-.0682122,.049,.108,.005,.1761359,.2313423,.0714301,.2049978,.0425666,.1057457,.219,.18,.129,.131,.082,.081,.155,.257,.043,.242,.023,.118,0,.211,0,.211,0,0,.1864325,.2580024,.0796687,.2273761,.0460651,.119911,.265,.265,.186,.189,.113,.113,-.0552064,-.1335677,-.0631791,.038,-.002,.001,-.102,-.2,-.095,-.211,-.211,0,-.0715699,-.1477074,-.0738459,0,-.002,0,.1780927,.23215,.102529,.1753383,.0717216,.1385428,.234,.325,.16,.211,.109,.161,.15,.186,.074,.158,.053,.127,0,0,0,0,0,0,.1887107,.2589428,.1064264,.1928459,.0705595,.1580942,.289,.491,.197,.313,.118,.237,-.0540573,-.0728093,-.0668212,-.092,-.051,-.051,-.035,-.084,-.075,0,0,0,-.070232,-.0864195,-.0875347,-.202,-.116,-.119
2008-11,.916551,.1850861,.3855674,.053298,.1880425,.0422789,.0852181,.315,.483,.142,.344,.109,.09,.122,.338,.01,.112,.01,.083,.211,0,0,0,0,0,.1955076,.3269173,.0432197,.1391863,.0304192,.0878051,.409,.287,.144,.242,.094,.125,-.2004813,-.1347445,-.0429392,-.168,-.202,.02,-.217,-.102,-.073,.211,0,0,-.1314097,-.0959666,-.0573859,.122,-.098,-.032,.2383168,.341508,.1155946,.1688876,.0361074,.1286322,.359,.489,.143,.17,.057,.12,.179,.27,.102,.169,.026,.133,0,.212,0,.212,0,.212,.2388609,.2757349,.1155875,.1849567,.0384219,.1382377,.478,.297,.145,.249,.074,.172,-.1031912,-.053293,-.0925248,-.13,-.027,-.063,-.09,-.066,-.107,-.212,-.212,-.212,-.0368741,-.0693693,-.0998158,.181,-.104,-.097,.1866823,.2881826,.1422751,.1169579,.0720091,.086519,.258,.454,.169,.142,.112,.089,.152,.207,.129,.105,.053,.085,0,0,0,0,0,0,.2008845,.2137887,.1501042,.1246318,.0741991,.0893162,.335,.244,.201,.206,.135,.124,-.1015004,.0253172,-.0145099,-.196,.027,.023,-.055,.024,-.033,0,0,0,-.0129042,.0254724,-.0151171,.092,-.005,.011
2008-12,.1294013,.0822805,.4203088,.0554593,.2437388,.01727,.1563023,.104,.486,.091,.424,.054,.323,.072,.389,.039,.159,0,.078,0,.001,0,0,0,0,.0888753,.382659,.058032,.1796104,.0141158,.1080038,.133,.319,.113,.225,.058,.192,-.3380283,-.1882794,-.1390323,-.382,-.333,-.269,-.317,-.121,-.078,-.001,0,0,-.2937837,-.1215784,-.0938881,-.186,-.111,-.135,.1528227,.3405299,.1220809,.2588351,.029707,.1314824,.262,.464,.248,.409,.093,.121,.102,.283,.063,.188,0,.137,0,.212,0,.212,0,.212,.1377684,.2909165,.1024165,.1969706,.0153429,.148012,.317,.286,.295,.203,.063,.168,-.1877072,-.1367542,-.1017754,-.202,-.162,-.027,-.181,-.125,-.137,-.212,-.212,-.212,-.153148,-.0945541,-.1326691,.032,.093,-.105,.223318,.334574,.1123955,.2560337,.0918695,.0942877,.243,.447,.104,.402,.057,.104,.214,.282,.116,.187,.108,.09,0,.212,0,0,0,0,.251063,.2762742,.1235063,.185956,.0999023,.0974464,.342,.26,.133,.193,.063,.144,-.111256,-.1436383,-.0024183,-.204,-.298,-.047,-.068,-.071,.018,-.212,0,0,-.0252112,-.0624497,.0024559,.082,-.06,-.081
2009-01,-.1112271,.1519262,.3879226,.0462167,.2435489,.0431569,.1522913,.133,.458,.063,.266,.053,.252,.161,.356,.039,.233,.039,.107,0,.213,0,.001,0,0,.1736644,.3523969,.0528296,.2071956,.049332,.1028805,.197,.382,.093,.101,.078,.079,-.2359964,-.1973322,-.1091344,-.325,-.204,-.199,-.195,-.194,-.068,-.213,-.001,0,-.1787325,-.154366,-.0535485,-.185,-.008,-.001,.1459537,.357231,.0617336,.2292063,.0344327,.1849327,.114,.332,.101,.237,.09,.23,.161,.369,.044,.226,.009,.164,0,.213,0,.213,0,.213,.163313,.336368,.0670423,.1908008,.0358351,.1401924,.154,.195,.135,.057,.118,.047,-.2112773,-.1674727,-.1505,-.218,-.136,-.14,-.208,-.182,-.155,-.213,-.213,-.213,-.173055,-.1237584,-.1043573,-.041,.078,.071,.1908793,.3063845,.1092895,.2313367,.0952947,.1786879,.111,.376,.101,.258,.068,.243,.227,.275,.113,.219,.108,.149,0,.213,0,.213,0,0,.2146668,.2687909,.1249271,.1932792,.1089299,.133097,.15,.221,.15,.088,.101,.066,-.1155052,-.1220472,-.0833932,-.265,-.156,-.175,-.047,-.106,-.041,-.213,-.213,0,-.0541241,-.068352,-.0241671,-.071,.062,.034
2009-02,-.1314209,.1991767,.3788053,.1247874,.2933976,.0268772,.1495653,.285,.439,.081,.358,.021,.243,.159,.351,.145,.263,.03,.106,0,.213,0,.213,0,.001,.2041933,.343921,.1428467,.2633243,.0307668,.099422,.325,.316,.119,.236,.031,.068,-.1796285,-.1686102,-.1226882,-.154,-.278,-.222,-.192,-.118,-.076,-.213,-.213,-.001,-.1397277,-.1204775,-.0686552,.009,-.116,-.037,.1597583,.3818711,.0547751,.2862551,.0421851,.1925916,.351,.344,.082,.257,.069,.23,.071,.4,.042,.3,.03,.175,0,.213,0,.213,0,.213,.1590703,.3225468,.0627022,.2551481,.0482901,.148675,.422,.152,.122,.086,.102,.049,-.2221128,-.23148,-.1504065,.007,-.175,-.161,-.329,-.258,-.145,-.213,-.213,-.213,-.1634766,-.1924459,-.1003849,.271,.036,.053,.1761274,.3270639,.0533481,.2308047,.0447302,.1917039,.367,.334,.078,.286,.072,.242,.087,.324,.042,.205,.032,.168,0,.213,0,.213,0,.213,.1778082,.2598079,.0610687,.1821525,.0512035,.1476589,.447,.138,.115,.089,.107,.066,-.1509366,-.1774566,-.1469737,.033,-.208,-.169,-.237,-.163,-.136,-.213,-.213,-.213,-.0819996,-.1210839,-.0964554,.309,.026,.041
2009-03,-.5285304,.1063491,.4174899,.0417636,.3539643,0,.273486,.23,.404,.131,.404,0,.325,.049,.424,0,.331,0,.249,0,.214,0,.214,0,.214,.121727,.3901508,.0478026,.3174395,0,.2412578,.341,.271,.195,.271,0,.191,-.3111409,-.3122007,-.273486,-.174,-.273,-.325,-.375,-.331,-.249,-.214,-.214,-.214,-.2684237,-.2696368,-.2412578,.071,-.076,-.191,.1429714,.4816589,.0753518,.3269368,.0262694,.2437952,.281,.299,.173,.286,.019,.226,.078,.567,.03,.346,.03,.252,0,.214,0,.214,0,.214,.1636449,.4453751,.0862476,.2718092,.0300679,.2072739,.418,.114,.257,.109,.028,.045,-.3386875,-.251585,-.2175258,-.018,-.113,-.207,-.489,-.317,-.222,-.214,-.214,-.214,-.2817302,-.1855616,-.177206,.304,.148,-.016,.126545,.4639386,.0744013,.2996441,.0230756,.2109799,.301,.295,.17,.284,.009,.238,.045,.543,.03,.307,.03,.198,0,.214,0,.214,0,.214,.1448433,.4250924,.0851597,.2413034,.0264123,.1704468,.447,.109,.253,.109,.014,.065,-.3373936,-.2252428,-.1879042,.006,-.114,-.229,-.498,-.278,-.169,-.214,-.214,-.214,-.2802491,-.1561438,-.1440345,.338,.143,-.052
2009-04,-.5708138,.1689377,.3882167,.0711362,.2417977,.0221971,.1810365,.27,.361,.153,.232,.07,.232,.122,.401,.033,.246,0,.158,0,.214,0,.214,0,.214,.1907474,.3138731,.0814746,.1902914,.025423,.1206997,.391,.11,.227,.02,.104,.02,-.219279,-.1706615,-.1588394,-.091,-.079,-.162,-.279,-.213,-.158,-.214,-.214,-.214,-.1231257,-.1088168,-.0952767,.281,.207,.084,.1800423,.3767247,.1090751,.3405086,.0551206,.2219828,.288,.287,.209,.218,.11,.208,.13,.418,.063,.397,.03,.228,0,.214,0,.214,0,.214,.2034658,.3257069,.1249272,.2842274,.0631314,.1520317,.417,.102,.311,0,.164,0,-.1966824,-.2314335,-.1668622,.001,-.009,-.098,-.288,-.334,-.199,-.214,-.214,-.214,-.1222411,-.1593002,-.0889003,.315,.311,.164,.1234431,.3711382,.0985358,.3313069,.0596554,.2219828,.287,.296,.246,.218,.125,.208,.048,.406,.03,.384,.03,.228,0,.214,0,.214,0,.214,.138641,.3193085,.1128562,.2736884,.0683252,.1520317,.416,.116,.366,0,.186,0,-.247695,-.2327711,-.1623274,-.009,.028,-.084,-.358,-.353,-.199,-.214,-.214,-.214,-.1806675,-.1608323,-.0837065,.3,.366,.186
2009-05,-.8971907,.1811094,.3915916,.095831,.2165245,.0241495,.1438986,.279,.198,.11,.142,.075,.015,.136,.481,.089,.251,.001,.204,0,1,0,.215,0,.215,.2044968,.3837629,.106938,.1929466,.0276272,.1535875,.403,.135,.152,.09,.111,.005,-.2104822,-.1206934,-.119749,.081,-.032,.06,-.346,-.162,-.203,-1,-.215,-.215,-.1792661,-.0860085,-.1259604,.268,.062,.107,.24237,.4350597,.140018,.2694749,.0826352,.2458862,.408,.313,.167,.26,.132,.202,.165,.492,.128,.274,.06,.266,0,1,0,.215,0,.215,.2493773,.3896691,.1574881,.2097005,.0945349,.182715,.492,.126,.237,.087,.196,0,-.1926898,-.1294569,-.163251,.095,-.093,-.07,-.326,-.146,-.206,-1,-.215,-.215,-.1402918,-.0522125,-.0881801,.366,.15,.196,.1938355,.4011792,.0723899,.2419472,.0638555,.2183585,.385,.313,.147,.25,.138,.192,.105,.442,.038,.238,.029,.231,0,.989,0,.215,0,.215,.1938537,.354462,.0801213,.1817612,.0730509,.1547756,.458,.141,.207,.087,.205,0,-.2073437,-.1695573,-.154503,.072,-.103,-.054,-.337,-.2,-.201,-.989,-.215,-.215,-.1606084,-.1016399,-.0817247,.317,.121,.205
2009-06,-1.029107,.1312836,.4139203,.1135807,.2913256,.0347511,.1349016,.283,.181,.257,.08,.107,.03,.06,.523,.046,.391,.001,.184,0,1,0,1,0,.216,.1444661,.4420503,.1299645,.3017714,.0397639,.1322426,.398,.214,.383,.064,.16,.028,-.2826368,-.1777449,-.1001505,.102,.177,.077,-.464,-.345,-.183,-1,-1,-.216,-.2975842,-.1718069,-.0924787,.184,.319,.132,.1625278,.452448,.1414764,.3242662,.0762539,.1698916,.318,.216,.281,.097,.158,.054,.089,.564,.076,.431,.038,.225,0,1,0,1,0,.216,.1537989,.4858383,.1354658,.3391664,.0872534,.1719826,.342,.264,.311,.088,.235,.061,-.2899202,-.1827898,-.0936377,.103,.184,.105,-.474,-.355,-.187,-1,-1,-.216,-.3320393,-.2037006,-.0847292,.079,.224,.174,.1868847,.4272152,.1479911,.3080639,.063582,.1537724,.291,.176,.238,.097,.118,.044,.138,.545,.106,.407,.038,.206,0,.989,0,.989,0,.216,.1780962,.4605386,.1429203,.3241999,.0727537,.1571112,.288,.22,.247,.102,.176,.061,-.2403305,-.1600727,-.0901904,.115,.142,.075,-.407,-.302,-.168,-.989,-.989,-.216,-.2824424,-.1812797,-.0843576,.068,.145,.115
2009-07,-1.487821,.1159726,.4810151,.059184,.3629917,.0502641,.2905656,.167,.19,.104,.137,.078,.075,.092,.619,.038,.47,.037,.393,0,1,0,1,0,1,.1207264,.5186096,.0623096,.3859685,.0577627,.3027377,.229,.22,.133,.152,.118,.058,-.3650424,-.3038077,-.2403015,-.023,-.033,.003,-.528,-.432,-.356,-1,-1,-1,-.3978832,-.323659,-.244975,.009,-.018,.06,.150752,.5243338,.1099876,.363323,.0990612,.2937245,.21,.277,.18,.124,.148,.076,.122,.642,.077,.477,.076,.397,0,1,0,1,0,1,.1675381,.5683908,.1206922,.3860304,.1138395,.3060489,.294,.351,.249,.13,.224,.058,-.3735817,-.2533354,-.1946633,-.067,.057,.072,-.519,-.401,-.322,-1,-1,-1,-.4008527,-.2653382,-.1922094,-.057,.119,.166,.1612803,.4893195,.100926,.3485675,.085148,.280819,.221,.252,.13,.098,.107,.051,.133,.602,.087,.468,.075,.39,0,1,0,.989,0,.989,.179637,.5410954,.1102788,.3820162,.0978507,.3041607,.31,.365,.173,.144,.162,.072,-.3280392,-.2476416,-.195671,-.031,.032,.057,-.469,-.381,-.316,-1,-.989,-.989,-.3614584,-.2717375,-.20631,-.055,.029,.089
2009-08,-1.112357,.1091349,.271085,.076782,.1962842,.0398245,.1827618,.099,.187,.091,.094,.044,.084,.114,.311,.07,.245,.038,.23,0,.216,0,.216,0,.216,.1252017,.2840793,.0880857,.1982663,.0456875,.1827532,.148,.24,.137,.102,.066,.086,-.1619501,-.1195022,-.1429372,-.088,-.003,-.041,-.197,-.175,-.192,-.216,-.216,-.216,-.1588776,-.1101806,-.1370657,-.093,.035,-.021,.13131,.2626855,.1117322,.2126085,.0891437,.208189,.135,.189,.121,.088,.115,.075,.13,.298,.107,.272,.077,.272,0,.216,0,.216,0,.216,.144953,.2744042,.1224931,.216994,.0965791,.2119239,.18,.243,.159,.093,.15,.072,-.1313756,-.1008763,-.1190454,-.054,.033,.041,-.168,-.165,-.195,-.216,-.216,-.216,-.1294511,-.0945009,-.1153448,-.063,.067,.078,.1287408,.4439235,.1052745,.3225564,.0685148,.3165419,.128,.324,.102,.048,.052,.03,.129,.501,.107,.454,.077,.454,0,.989,0,.989,0,.989,.1420057,.4078588,.1150846,.3524622,.0729132,.3455622,.169,.171,.13,.07,.054,.042,-.3151827,-.217282,-.2480271,-.196,.054,.022,-.372,-.347,-.377,-.989,-.989,-.989,-.2658531,-.2373776,-.272649,-.002,.06,.012
2009-09,-1.033317,.17398,.2346937,.0835247,.158742,.060196,.1078942,.299,.156,.096,.12,.088,.056,.113,.273,.078,.178,.046,.133,0,.217,0,.217,0,.217,.193657,.2630549,.0959522,.1823609,.0691525,.1239475,.422,.233,.143,.179,.132,.084,-.0607138,-.0752173,-.0476981,.143,-.024,.032,-.161,-.1,-.087,-.217,-.217,-.217,-.0693979,-.0864087,-.054795,.189,-.036,.048,.1814867,.2355485,.0819068,.1393798,.0731805,.1148521,.276,.19,.095,.108,.087,.071,.135,.258,.076,.155,.066,.136,0,.217,0,.217,0,.217,.2049526,.2613924,.0940935,.150915,.0840689,.1227379,.398,.248,.141,.125,.13,.07,-.0540618,-.057473,-.0416716,.085,-.013,.016,-.122,-.079,-.07,-.217,-.217,-.217,-.0564399,-.0568215,-.038669,.15,.017,.06,.1782208,.3462492,.0669837,.2592229,.0523222,.1666521,.325,.291,.108,.237,.082,.029,.107,.373,.047,.27,.038,.234,0,.217,0,.217,0,.217,.2012008,.2964518,.0769501,.196477,.0601071,.1731908,.471,.129,.161,.049,.123,.041,-.1680284,-.1922391,-.1143299,.034,-.129,.053,-.267,-.223,-.196,-.217,-.217,-.217,-.095251,-.1195268,-.1130837,.341,.112,.082
2009-10,.0133834,.1802828,.3315775,.0761456,.1367006,.0126342,.108029,.266,.169,.204,.104,.035,.079,.139,.409,.015,.152,.002,.122,0,.989,0,.217,0,.217,.1861625,.3750604,.0849078,.1508476,.0145361,.1242913,.39,.255,.298,.158,.053,.119,-.1512947,-.0605551,-.0953948,.097,.1,-.044,-.27,-.137,-.12,-.989,-.217,-.217,-.188898,-.0659398,-.1097552,.134,.14,-.066,.1791587,.3162794,.1266917,.1379077,.0439999,.1118812,.25,.149,.179,.102,.039,.065,.145,.396,.102,.155,.046,.134,0,.989,0,.217,0,.217,.188126,.354558,.1457634,.1493349,.0506234,.1193905,.379,.188,.271,.117,.059,.06,-.1371207,-.011216,-.0678813,.101,.077,-.026,-.251,-.053,-.088,-.989,-.217,-.217,-.1664321,-.0035715,-.0687671,.191,.154,-.001,.120889,.3699205,.0796597,.182291,.0246256,.1563611,.169,.149,.093,.073,.039,.047,.098,.475,.073,.234,.018,.209,0,.989,0,.217,0,.217,.1390478,.4156782,.0916514,.1998037,.0283327,.1699704,.257,.184,.141,.07,.059,.03,-.2490315,-.1026313,-.1317354,.021,.02,-.008,-.378,-.161,-.191,-.989,-.217,-.217,-.2766305,-.1081523,-.1416377,.072,.071,.029
2009-11,1.439585,.1842427,.3402289,.1162249,.2231686,.032054,.0781567,.187,.216,.123,.087,.078,.061,.183,.399,.113,.288,.01,.086,0,.989,0,.989,0,.217,.1852822,.3826958,.1155262,.2571291,.0369318,.0900502,.248,.29,.187,.132,.118,.092,-.1559862,-.1069437,-.0461028,-.03,.036,.017,-.216,-.175,-.076,-.989,-.989,-.217,-.1974136,-.1416029,-.0531184,-.042,.055,.026,.1791153,.3913728,.0678727,.2375552,.0345018,.0896399,.275,.21,.108,.074,.054,.073,.133,.478,.049,.315,.025,.097,0,.989,0,.989,0,.217,.1385168,.4410206,.0597763,.2643978,.039752,.0939736,.244,.278,.163,.075,.082,.073,-.2122574,-.1696825,-.0551381,.065,.034,-.019,-.345,-.267,-.072,-.989,-.989,-.217,-.3025038,-.2046215,-.0542215,-.034,.089,.009,.1672812,.435451,.0483212,.2857268,.0431588,.1363794,.249,.336,.097,.078,.081,.053,.128,.483,.025,.385,.025,.176,0,.989,0,.989,0,.217,.1248818,.488212,.0556347,.319298,.0497265,.1472239,.205,.454,.147,.078,.123,.04,-.2681698,-.2374056,-.0932206,-.087,.019,.028,-.355,-.36,-.151,-.989,-.989,-.217,-.3633302,-.2636633,-.0974974,-.25,.068,.083
2009-12,2.046943,.0663958,.4033053,.0310896,.1907749,.0270311,.1638753,.152,.218,.09,.072,.083,.038,.025,.492,.003,.248,0,.224,0,.771,0,.771,0,.771,.0763504,.4571343,.0357294,.2159053,.0311003,.1885445,.231,.303,.137,.095,.127,.058,-.3369095,-.1596852,-.1368442,-.065,.018,.045,-.467,-.245,-.224,-.771,-.771,-.771,-.3807839,-.1801759,-.1574442,-.071,.042,.069,.1087356,.3658822,.0901126,.1508111,.0335846,.058081,.106,.248,.095,.108,.083,.04,.11,.422,.088,.171,.01,.067,0,0,0,0,0,0,.1247402,.4048627,.1033138,.1601047,.0386,.0576094,.159,.312,.143,.11,.127,.024,-.2571466,-.0606985,-.0244964,-.143,-.013,.043,-.312,-.084,-.057,0,0,0,-.2801225,-.0567909,-.0190095,-.152,.033,.103,.091719,.4127338,.0687507,.236432,.0235486,.0926925,.077,.279,.063,.191,.053,.049,.099,.477,.071,.258,.01,.114,0,.218,0,.218,0,.218,.105526,.4587672,.0791001,.2586147,.0270936,.0968251,.117,.359,.096,.236,.08,.034,-.3210148,-.1676814,-.0691438,-.202,-.128,.004,-.378,-.187,-.104,-.218,-.218,-.218,-.3532412,-.1795146,-.0697316,-.242,-.14,.046
2010-01,2.249933,.1597895,.4879188,.0166478,.3261082,.0122591,.1751069,.102,.256,.051,.163,.038,.036,.188,.599,0,.404,0,.242,.218,.771,0,.771,0,.771,.1752042,.5305831,.0192186,.3731232,.0141522,.2021475,.117,.338,.078,.234,.058,.055,-.3281292,-.3094604,-.1628478,-.155,-.111,.002,-.411,-.404,-.242,-.553,-.771,-.771,-.355379,-.3539046,-.1879952,-.221,-.156,.003,.2353903,.3549,.068456,.2465204,.0650375,.0693012,.289,.233,.068,.067,.057,.048,.21,.413,.069,.332,.069,.08,.218,0,0,0,0,0,.2033106,.3677625,.0786894,.2719847,.0747431,.0701287,.161,.264,.102,.05,.086,.032,-.1195097,-.1780645,-.0042637,.056,.001,.01,-.204,-.264,-.011,.218,0,0,-.1644519,-.1932953,.0046144,-.103,.052,.054,.1564303,.4064779,.0632002,.2845947,.0588116,.1507895,.111,.28,.052,.106,.038,.054,.178,.467,.069,.37,.069,.197,0,.218,0,.218,0,.218,.1805868,.4272643,.0729598,.312294,.0678934,.1605562,.168,.336,.079,.095,.058,.028,-.2500476,-.2213945,-.091978,-.169,-.054,-.016,-.289,-.301,-.128,-.218,-.218,-.218,-.2466775,-.2393342,-.0926627,-.167,-.017,.03
2010-02,2.07247,.1821932,.5012786,.0862809,.261991,.0124741,.1407391,.201,.392,.046,.107,.039,.024,.173,.553,.106,.336,0,.196,.218,.771,.218,0,0,0,.1748432,.4794399,.0995452,.2711537,.0143918,.159666,.162,.27,.07,.113,.059,.026,-.3190854,-.1757101,-.1282651,-.191,-.061,.014,-.38,-.23,-.196,-.553,.218,0,-.3045967,-.1716085,-.1452742,-.108,-.043,.033,.130481,.4683111,.0499092,.2810485,.0467869,.2102549,.197,.22,.03,.191,.021,.049,.099,.587,.059,.324,.059,.287,0,.771,0,0,0,0,.1505403,.4999248,.0575819,.2839155,.0539796,.2306433,.3,.247,.046,.204,.032,.025,-.33783,-.2311393,-.163468,-.023,-.161,-.028,-.488,-.265,-.228,-.771,0,0,-.3493844,-.2263336,-.1766637,.053,-.157,.006,.1375212,.5065175,.0622197,.2871884,.0477456,.2019947,.217,.424,.051,.195,.024,.051,.099,.546,.068,.331,.059,.274,0,.771,0,0,0,0,.1586628,.4762588,.071785,.2909576,.0550857,.2174834,.331,.281,.078,.209,.036,.014,-.3689963,-.2249687,-.1542491,-.206,-.144,-.027,-.447,-.264,-.215,-.771,0,0,-.317596,-.2191726,-.1623977,.05,-.132,.022
2010-03,2.317723,.1550116,.5765381,.085694,.4106661,.0433334,.1818449,.214,.411,.01,.299,.003,.047,.127,.655,.121,.464,.062,.246,.218,.771,.218,.771,.218,0,.1787959,.5772903,.0988425,.3953229,.0499822,.200179,.326,.293,.016,.134,.005,.032,-.4215266,-.3249721,-.1385115,-.197,-.288,-.043,-.528,-.343,-.184,-.552,-.552,.218,-.3984944,-.2964804,-.1501967,.032,-.118,-.027,.1444657,.4707123,.1056301,.3644924,.0475662,.2052194,.223,.221,.137,.138,.023,.114,.107,.589,.091,.472,.059,.249,0,.771,0,.771,0,0,.1666319,.5172545,.1218376,.4015228,.0548646,.2178116,.339,.259,.208,.133,.035,.096,-.3262466,-.2588623,-.1576532,.001,-.002,-.09,-.482,-.381,-.19,-.771,-.771,0,-.3506226,-.2796852,-.1629471,.081,.075,-.06,.1547462,.5166355,.1170248,.3815493,.0522957,.2239801,.25,.336,.153,.163,.02,.12,.109,.602,.1,.485,.068,.273,.011,.771,0,.771,0,0,.1784897,.5364224,.1349805,.4211967,.0603197,.2394508,.381,.295,.233,.172,.031,.106,-.3618894,-.2645245,-.1716843,-.086,-.01,-.1,-.493,-.385,-.206,-.76,-.771,0,-.3579327,-.2862162,-.1791311,.086,.062,-.075
2010-04,2.231204,.159696,.4504144,.1203197,.3456553,.0838055,.2493162,.171,.443,.102,.35,.006,.27,.154,.454,.129,.343,.121,.24,.23,0,.23,0,.219,0,.1653929,.4405521,.1382759,.320159,.0963124,.215487,.257,.379,.154,.24,.008,.119,-.2907183,-.2253355,-.1655107,-.272,-.248,-.264,-.3,-.214,-.118,.23,.23,.219,-.2751592,-.1818831,-.1191746,-.122,-.086,-.111,.2050516,.326661,.0467871,.250328,.0416529,.1527116,.117,.27,.006,.163,.006,.124,.248,.354,.067,.292,.059,.166,.23,0,.011,0,0,0,.2152302,.356561,.0537695,.2688364,.047869,.1626963,.166,.354,.008,.193,.008,.135,-.1216094,-.2035409,-.1110587,-.154,-.158,-.119,-.106,-.226,-.107,.23,.011,0,-.1413307,-.2150669,-.1148273,-.188,-.184,-.127,.1520265,.4062605,.0525923,.3350786,.0455085,.2080788,.087,.347,.006,.274,0,.125,.183,.435,.075,.364,.067,.248,.011,0,.011,0,0,0,.1542918,.4149953,.060441,.3331904,.0523001,.2263264,.122,.337,.009,.227,0,.137,-.254234,-.2824863,-.1625702,-.26,-.268,-.125,-.251,-.289,-.181,.011,.011,0,-.2607034,-.2727494,-.1740263,-.215,-.218,-.137
2010-05,2.16075,.2627745,.3626345,.0513951,.2823372,.0419698,.2153453,.195,.451,.129,.319,.102,.233,.295,.32,.014,.265,.013,.207,.782,0,.012,0,.012,0,.2953646,.3317098,.0590448,.2513615,.0482166,.1743984,.269,.359,.195,.208,.154,.079,-.09986,-.2309421,-.1733756,-.256,-.19,-.131,-.025,-.25,-.194,.782,.012,.012,-.0363452,-.1923167,-.1261819,-.091,-.013,.075,.2869498,.3992319,.0779144,.2561858,.0035358,.1908268,.089,.589,.056,.226,.006,.126,.382,.308,.088,.271,.003,.222,.781,0,.011,0,.011,0,.3231382,.341774,.0895113,.2812251,.0040621,.206138,.108,.416,.085,.288,.008,.137,-.1122822,-.1782714,-.1872909,-.5,-.17,-.12,.074,-.182,-.219,.781,.011,.011,-.0186358,-.1917138,-.2020759,-.308,-.203,-.129,.2307081,.4842149,.0750165,.3170356,.0093252,.2644866,.054,.572,.022,.253,.006,.192,.316,.442,.101,.348,.011,.299,.781,.219,.011,0,.011,0,.2585255,.4396616,.086182,.3176264,.0107132,.257256,.055,.392,.033,.193,.009,.102,-.2535068,-.2420191,-.2551613,-.518,-.231,-.186,-.126,-.247,-.288,.562,.011,.011,-.1811361,-.2314444,-.2465428,-.336,-.16,-.093
2010-06,1.538189,.2173266,.3739735,.1575562,.3004386,.0121713,.2390171,.129,.425,.032,.372,.01,.25,.259,.35,.217,.267,.013,.234,.781,0,.781,0,.011,0,.2440062,.3236505,.1753065,.2602759,.0139896,.2014617,.171,.309,.024,.239,.016,.104,-.1566469,-.1428824,-.2268458,-.296,-.34,-.24,-.091,-.049,-.221,.781,.781,.011,-.0796444,-.0849694,-.1874721,-.138,-.215,-.088,.2116967,.4121459,.1667326,.3498412,.0248731,.212447,.093,.549,.056,.485,.035,.138,.268,.347,.219,.286,.02,.248,.77,0,.77,0,0,0,.2375352,.3371082,.1858539,.2866417,.028589,.2311922,.116,.347,.062,.26,.053,.155,-.2004492,-.1831086,-.1875738,-.456,-.429,-.103,-.079,-.067,-.228,.77,.77,0,-.099573,-.1007878,-.2026032,-.23,-.199,-.102,.0725271,.4543203,.019516,.392188,.008194,.2804528,.077,.522,.005,.448,0,.188,.07,.422,.026,.366,.012,.324,.011,0,.011,0,.011,0,.083362,.3855394,.0224315,.3355826,.0094181,.276901,.116,.306,.008,.205,0,.098,-.3817931,-.3726721,-.2722588,-.445,-.442,-.188,-.352,-.34,-.312,.011,.011,.011,-.3021774,-.3131511,-.2674829,-.189,-.197,-.098
2010-07,1.611012,.0630806,.4203216,.0332782,.3198598,.0304164,.2661435,.152,.47,.034,.316,.027,.269,.021,.397,.033,.322,.032,.265,0,0,0,0,0,0,.0344848,.41281,.0324334,.2981701,.0291468,.2364811,.074,.422,.028,.193,.017,.123,-.357241,-.2865816,-.2357271,-.318,-.282,-.243,-.376,-.289,-.232,0,0,0,-.3783253,-.2657368,-.2073342,-.348,-.165,-.107,.0690942,.3740857,.0431621,.2885741,.0372717,.2428145,.133,.484,.064,.326,.056,.262,.039,.322,.033,.271,.028,.234,0,.011,0,0,0,0,.0735653,.3509439,.0437843,.2534732,.0370196,.2033616,.176,.407,.073,.172,.061,.086,-.3049915,-.245412,-.2055428,-.351,-.261,-.205,-.283,-.238,-.206,-.011,0,0,-.2773786,-.2096889,-.166342,-.231,-.099,-.025,.0576275,.544472,.0279395,.331629,.0140543,.2867298,.129,.46,.049,.301,.006,.236,.024,.585,.018,.346,.018,.311,.011,.769,.011,0,.011,0,.0661807,.5553185,.0320863,.3116177,.0161402,.2628066,.194,.406,.073,.171,.008,.085,-.4868445,-.3036896,-.2726755,-.331,-.252,-.231,-.561,-.328,-.292,-.759,.011,.011,-.4891378,-.2795314,-.2466663,-.212,-.097,-.076
2010-08,1.460741,.0624444,.4335117,.0095027,.2258788,.0073877,.2067203,.127,.31,.012,.269,.008,.239,.032,.492,.008,.206,.007,.192,0,1,0,0,0,0,.0603505,.4309627,.0109187,.1923905,.0084886,.171124,.145,.192,.018,.13,.011,.088,-.3710673,-.2163761,-.1993326,-.182,-.257,-.231,-.46,-.197,-.184,-1,0,0,-.3706122,-.1814718,-.1626355,-.047,-.112,-.077,.0992668,.4041137,.0311097,.1995417,.0143141,.1774772,.17,.294,.095,.234,.043,.196,.066,.456,.001,.183,.001,.169,0,1,0,.011,0,0,.09479,.3971841,.0357453,.1621289,.016447,.1375234,.256,.168,.143,.078,.064,.023,-.3048469,-.168432,-.1631631,-.123,-.139,-.153,-.391,-.182,-.168,-1,-.011,0,-.3023941,-.1263836,-.1210764,.088,.065,.041,.1203911,.4138857,.0284146,.3212848,.0136572,.1783482,.278,.282,.083,.237,.037,.198,.046,.476,.003,.361,.003,.169,.011,.989,.011,.769,.011,0,.0964323,.4084122,.0326487,.3020129,.0156923,.1385242,.247,.15,.125,.082,.056,.027,-.2934945,-.2928702,-.164691,-.004,-.154,-.161,-.43,-.359,-.166,-.978,-.758,.011,-.3119799,-.2693642,-.122832,.097,.043,.028
2010-09,1.399682,.1891263,.3075109,.0181292,.2144713,.0005695,.053644,.29,.139,.056,.075,.002,.061,.141,.387,0,.281,0,.05,0,.769,0,.769,0,0,.2143542,.3224581,.0207941,.2465173,.0006546,.0616594,.425,.186,.085,.113,.003,.092,-.1183846,-.1963421,-.0530744,.151,-.019,-.059,-.246,-.281,-.05,-.769,-.769,0,-.1081039,-.2257232,-.0610047,.239,-.029,-.089,.1992254,.2587268,.0472115,.144791,.0110153,.1136952,.307,.124,.085,.053,.034,.036,.148,.323,.029,.188,0,.15,0,0,0,0,0,0,.22865,.2819003,.0542218,.1664255,.0126611,.1306833,.46,.148,.128,.08,.052,.055,-.0595014,-.0975795,-.1026799,.183,.032,-.002,-.174,-.159,-.15,0,0,0,-.0532504,-.1122036,-.1180222,.312,.048,-.003,.2337984,.397561,.0785877,.2976793,.013894,.2518531,.409,.134,.177,.051,.038,.039,.151,.522,.032,.415,.003,.353,.011,.769,.011,.769,.011,.769,.2328388,.4223185,.057102,.342158,.01597,.2894846,.469,.164,.132,.077,.057,.059,-.1637626,-.2190916,-.2379592,.274,.126,-.001,-.372,-.383,-.35,-.758,-.758,-.758,-.1894797,-.2850561,-.2735147,.305,.055,-.002
2010-10,1.340214,.1736276,.2210851,.1127352,.0789794,.0109159,.0230999,.352,.146,.21,.05,.034,.013,.088,.257,.066,.093,0,.028,.011,0,0,0,0,0,.1608169,.2212433,.1292468,.0668801,.0125046,.0265548,.374,.161,.316,.052,.051,.019,-.0474575,.0337559,-.012184,.206,.16,.021,-.168,-.027,-.028,.011,0,0,-.0604264,.0623667,-.0140502,.213,.264,.032,.2634756,.3248886,.0800464,.1812354,.0094322,.1097016,.323,.174,.184,.068,.029,.013,.235,.397,.03,.235,0,.156,.779,0,0,0,0,0,.2627786,.340572,.0895432,.2025714,.0107991,.126109,.325,.203,.268,.08,.044,.019,-.061413,-.1011891,-.1002694,.149,.116,.017,-.162,-.205,-.156,.779,0,0,-.0777934,-.1130283,-.11531,.121,.189,.025,.1151683,.4615401,.0646652,.3205617,.0414815,.2412248,.205,.196,.177,.075,.123,.012,.072,.588,.011,.438,.003,.35,.011,.768,.011,.768,.011,.768,.0959802,.4976617,.0379237,.3445944,.0137038,.2773033,.162,.236,.119,.09,.048,.019,-.3463718,-.2558964,-.1997433,.009,.102,.111,-.516,-.426,-.348,-.757,-.757,-.757,-.4016814,-.3066708,-.2635995,-.074,.029,.029
2010-11,1.29033,.2523729,.2454391,.0700149,.0777607,.0656344,.0252994,.257,.112,.191,.057,.184,.017,.25,.31,.012,.088,.009,.029,.779,0,.011,0,0,0,.2875735,.2796517,.0801969,.089449,.075158,.0291022,.377,.158,.287,.086,.276,.025,.0069338,-.0077458,.040335,.145,.134,.167,-.06,-.076,-.021,.779,.011,0,.0079218,-.0092521,.0460558,.22,.202,.251,.2177715,.3044057,.1759908,.2148629,.0466693,.1242665,.198,.139,.135,.082,.121,.032,.227,.384,.196,.279,.011,.169,.779,0,.779,0,0,0,.2480698,.3409263,.2024008,.2414134,.0536408,.1371992,.289,.173,.204,.1,.183,.025,-.0866342,-.0388721,-.0775972,.059,.053,.089,-.157,-.083,-.158,.779,.779,0,-.0928565,-.0390125,-.0835584,.117,.104,.157,.0959155,.3784222,.0868334,.2687325,.0572989,.1500486,.195,.18,.158,.106,.153,.042,.048,.474,.053,.347,.011,.202,.011,0,.011,0,.011,0,.072445,.4081486,.0619977,.2857592,.0280238,.1492358,.141,.233,.086,.137,.078,.04,-.2825066,-.1818991,-.0927498,.015,.052,.111,-.426,-.295,-.191,.011,.011,.011,-.3357036,-.2237615,-.1212119,-.092,-.051,.038
2010-12,1.456151,.2129232,.3614137,.0779257,.2106019,.035152,.0628059,.371,.14,.104,.082,.085,.039,.137,.469,.065,.273,.011,.074,.233,0,.011,0,.011,0,.1755653,.4120197,.0870165,.2426926,.0401632,.072376,.28,.193,.147,.125,.127,.059,-.1484905,-.1326761,-.0276539,.231,.022,.046,-.332,-.207,-.063,.233,.011,.011,-.2364544,-.1556761,-.0322129,.087,.022,.068,.2177237,.3580494,.0433213,.2431931,.0141056,.1763835,.363,.13,.063,.061,.038,.035,.147,.468,.034,.331,.003,.245,.233,0,.011,0,.011,0,.162644,.4024054,.0474412,.2736942,.0162119,.1975229,.269,.156,.085,.066,.057,.029,-.1403257,-.1998718,-.1622778,.233,.002,.003,-.321,-.297,-.242,.233,.011,.011,-.2397614,-.2262529,-.181311,.113,.019,.028,.1719728,.4110017,.0476627,.3048767,.0466275,.2246269,.362,.158,.048,.102,.035,.091,.08,.534,.048,.403,.052,.289,.011,0,.011,0,.011,0,.1286771,.4634264,.0524872,.344777,.0512942,.2531174,.269,.198,.062,.128,.043,.114,-.2390289,-.2572141,-.1779994,.205,-.054,-.056,-.454,-.355,-.237,.011,.011,.011,-.3347493,-.2922898,-.2018232,.071,-.065,-.072
2011-01,1.535907,.2190962,.4521702,.1577406,.2322417,.0725216,.1383367,.459,.197,.362,.045,.105,.029,.103,.576,.059,.323,.057,.192,.011,.767,.011,0,.011,0,.1833096,.4928474,.1123449,.2641606,.0807782,.1600021,.417,.26,.269,.051,.148,.044,-.233074,-.0745011,-.0658151,.262,.317,.076,-.473,-.264,-.135,-.756,.011,.011,-.3095378,-.1518157,-.0792239,.157,.218,.104,.2464377,.3104413,.1801369,.2273126,.0438973,.1696496,.446,.167,.355,.026,.064,.017,.15,.38,.095,.325,.034,.244,.233,0,.233,0,.011,0,.215268,.3525399,.1385836,.2563921,.0480056,.1896983,.398,.229,.26,.013,.086,0,-.0640036,-.0471757,-.1257523,.278,.329,.046,-.23,-.23,-.209,.233,.233,.011,-.1372719,-.1178085,-.1416927,.169,.247,.086,.2123757,.3208621,.1445686,.2352557,.0389063,.1987197,.447,.204,.354,.052,.048,.048,.098,.377,.043,.324,.034,.272,.011,0,.011,0,.011,0,.1758713,.3645928,.0974448,.2655792,.0422758,.2233211,.401,.285,.259,.053,.063,.048,-.1084864,-.0906871,-.1598133,.243,.302,0,-.279,-.281,-.237,.011,.011,.011,-.1887214,-.1681345,-.1810454,.116,.206,.015
2011-02,1.811606,.2334459,.1540786,.1273218,.0892716,.1037436,.0673798,.505,.067,.351,.032,.296,.002,.101,.197,.018,.117,.01,.099,0,.223,0,0,0,0,.1902363,.1714177,.0766497,.0965687,.049418,.0769709,.451,.075,.252,.023,.167,0,.0793673,.0380502,.0363638,.439,.319,.293,-.096,-.099,-.089,-.223,0,0,.0188186,-.019919,-.0275529,.376,.23,.167,.2025028,.1768792,.1289971,.117914,.1088094,.0925941,.507,.105,.33,.042,.3,.017,.054,.212,.031,.155,.015,.129,0,0,0,0,0,0,.1512042,.1792217,.0789205,.1296493,.0556047,.100406,.441,.133,.222,.038,.176,0,.0256236,.0110831,.0162153,.403,.288,.283,-.159,-.124,-.114,0,0,0,-.0280175,-.0507288,-.0448014,.308,.184,.176,.3129513,.1777297,.1238719,.1255897,.1051132,.1021222,.484,.105,.325,.07,.3,.048,.229,.213,.026,.153,.01,.129,.766,0,0,0,0,0,.278767,.180204,.0730011,.1385144,.0513357,.1114106,.405,.133,.214,.08,.175,.047,.1352216,-.0017178,.002991,.379,.255,.252,.016,-.127,-.118,.766,0,0,.098563,-.0655132,-.0600749,.272,.134,.128
2011-03,2.066923,.3766007,.1850249,.1467065,.1131868,.0971551,.0617707,.555,.108,.337,.016,.264,.005,.289,.223,.054,.16,.016,.089,0,.234,0,.223,0,0,.2989473,.2134692,.0901731,.1305873,.0419595,.0712669,.372,.165,.196,.025,.121,.008,.1915758,.0335197,.0353844,.448,.321,.259,.067,-.107,-.074,-.234,-.223,0,.0854781,-.0404142,-.0293074,.207,.171,.113,.3276303,.2156485,.1381435,.0795173,.1109634,.0534251,.579,.102,.347,.014,.275,.003,.205,.271,.036,.112,.031,.078,0,.234,0,0,0,0,.2598184,.2488007,.0802936,.0917417,.0578906,.0616383,.408,.155,.212,.021,.137,.004,.1119817,.0586261,.0575383,.477,.333,.272,-.066,-.076,-.047,-.234,0,0,.0110177,-.0114481,-.0037477,.253,.19,.132,.3160847,.24682,.121804,.0895499,.0986733,.0668458,.555,.143,.309,.042,.248,.031,.199,.297,.031,.113,.026,.084,0,.234,0,0,0,0,.2464978,.2847642,.0614423,.1033167,.0437111,.0771221,.371,.219,.153,.064,.096,.047,.0692647,.0322541,.0318276,.412,.267,.217,-.098,-.082,-.059,-.234,0,0,-.0382663,-.0418743,-.033411,.152,.089,.049
2011-04,2.427693,.2970414,.2881004,.1720952,.1056245,.0746199,.0648495,.426,.109,.371,.013,.148,.013,.234,.376,.074,.151,.038,.09,0,1,0,.235,0,.224,.2840882,.3269756,.1461064,.1221672,.0747002,.0750061,.415,.143,.356,.02,.181,.02,.0089411,.0664708,.0097704,.317,.358,.136,-.142,-.077,-.052,-1,-.235,-.224,-.0428874,.0239393,-.0003058,.272,.337,.161,.3017383,.3040475,.1351693,.141184,.0542782,.0324605,.441,.083,.369,.013,.132,0,.233,.413,.02,.204,.016,.048,0,1,0,.235,0,0,.2921262,.3454203,.1060028,.163296,.0537783,.0375444,.449,.102,.364,.02,.166,0,-.0023092,-.0060147,.0218177,.359,.356,.132,-.18,-.184,-.032,-1,-.235,0,-.0532941,-.0572931,.0162339,.347,.344,.166,.284171,.3078403,.127499,.1601794,.041829,.0426612,.43,.104,.347,.036,.095,.028,.212,.408,.02,.221,.016,.05,0,1,0,.235,0,0,.2718077,.3498073,.0971313,.1852664,.0393793,.0493427,.432,.135,.33,.055,.11,.044,-.0236693,-.0326803,-.0008322,.326,.311,.067,-.195,-.202,-.034,-1,-.235,0,-.0779996,-.0881351,-.0099634,.296,.275,.066
2011-05,2.691786,.2824147,.1101838,.2063722,.0772002,.1247964,.0479187,.509,.091,.34,.088,.303,.008,.171,.12,.14,.072,.037,.068,0,0,0,0,0,0,.2695911,.1213832,.1868049,.0831758,.0932214,.0555079,.574,.116,.315,.111,.262,.012,.1722309,.1291719,.0768777,.417,.252,.296,.051,.068,-.031,0,0,0,.1482079,.1036291,.0377136,.458,.204,.25,.2623813,.2153039,.197139,.077512,.12904,.0452442,.527,.124,.401,.06,.35,.008,.132,.26,.097,.086,.02,.064,0,0,0,0,0,0,.2513683,.2404723,.1757933,.0835369,.0978211,.0524098,.603,.156,.407,.067,.332,.012,.0470773,.1196271,.0837958,.403,.341,.342,-.129,.01,-.044,0,0,0,.010896,.0922564,.0454113,.447,.34,.32,.2250193,.2278406,.1467791,.085867,.073497,.0686101,.434,.127,.281,.081,.214,.036,.122,.278,.08,.088,.004,.085,0,.011,0,.011,0,.011,.2454322,.2576084,.1597841,.0958291,.0758079,.0794762,.63,.171,.393,.111,.294,.056,-.0028213,.0609121,.0048869,.307,.2,.178,-.156,-.008,-.081,-.011,-.011,-.011,-.0121762,.063955,-.0036684,.459,.282,.238
2011-06,2.712807,.3281385,.1844322,.1490847,.064001,.0988956,.0548971,.256,.161,.231,.059,.079,.059,.364,.196,.109,.066,.109,.053,1,0,0,0,0,0,.3711857,.2017706,.1637651,.0705157,.1056246,.0599696,.359,.2,.321,.077,.085,.077,.1437063,.0850838,.0439984,.095,.172,.02,.168,.042,.056,1,0,0,.1694151,.0932494,.0456551,.159,.245,.009,.3074119,.3468344,.1369524,.1997729,.1001505,.0958092,.279,.151,.252,.069,.14,.031,.321,.442,.081,.264,.081,.128,1,0,0,0,0,0,.3471754,.3844974,.1497107,.2251537,.1070784,.1073632,.396,.186,.354,.081,.181,.033,-.0394225,-.0628205,.0043413,.128,.183,.109,-.121,-.183,-.047,1,0,0,-.037322,-.075443,-.0002848,.21,.273,.147,.2723875,.3975269,.1353464,.1790784,.0946662,.0768546,.286,.266,.249,.078,.125,.059,.266,.462,.08,.228,.08,.086,.764,.011,0,.011,0,.011,.3030581,.40631,.1469097,.2011806,.0997846,.0854057,.391,.191,.344,.096,.153,.077,-.1251393,-.043732,.0178115,.02,.17,.066,-.196,-.148,-.006,.753,-.011,-.011,-.1032518,-.0542709,.0143789,.2,.249,.076
2011-07,2.795315,.2206928,.3269804,.1979958,.1407791,.0660838,.0622775,.205,.233,.158,.117,.135,.054,.228,.373,.218,.152,.032,.066,.775,0,.775,0,0,0,.2465264,.3613102,.2202851,.1510593,.0675428,.0684572,.28,.311,.207,.133,.172,.068,-.1062875,.0572167,.0038063,-.028,.041,.081,-.145,.065,-.034,.775,.775,0,-.1147838,.0692258,-.0009144,-.031,.075,.104,.2515787,.3977167,.2191269,.3065219,.0532504,.1596972,.235,.239,.18,.114,.154,.069,.26,.475,.238,.401,.004,.204,1,0,1,0,0,0,.2822894,.4432166,.244753,.3376212,.0526829,.1785988,.326,.321,.241,.128,.201,.082,-.146138,-.087395,-.1064468,-.004,.066,.084,-.216,-.162,-.2,1,1,0,-.1609271,-.0928683,-.1259159,.006,.114,.12,.1982705,.3647616,.1704896,.3077395,.0469675,.1723609,.203,.123,.145,.104,.135,.064,.196,.483,.183,.408,.004,.226,.763,.011,.763,.011,0,.011,.2195864,.4050575,.1874584,.3443844,.044431,.1932623,.273,.142,.183,.112,.168,.072,-.1664912,-.1372499,-.1253934,.08,.041,.071,-.287,-.224,-.222,.752,.752,-.011,-.1854711,-.1569259,-.1488313,.131,.071,.095
2011-08,2.890682,.1841163,.3059681,.0473884,.2181991,.0426522,.089736,.485,.221,.145,.156,.13,.049,.038,.348,0,.249,0,.11,0,0,0,0,0,0,.0942251,.3424934,.0459809,.2433684,.0404908,.1003662,.264,.315,.187,.226,.165,.061,-.1218518,-.1708107,-.0470838,.264,-.011,.081,-.31,-.249,-.11,0,0,0,-.2482683,-.1973875,-.0598754,-.051,-.038,.104,.1808737,.2528743,.0864438,.2211088,.0790462,.17174,.351,.224,.147,.158,.132,.06,.098,.267,.057,.252,.053,.226,.226,0,.226,0,.226,0,.1317708,.284261,.0912531,.2500541,.082678,.1928269,.226,.31,.19,.218,.168,.068,-.0720006,-.134665,-.0926938,.128,-.011,.072,-.169,-.195,-.173,.226,.226,.226,-.1524903,-.158801,-.110149,-.084,-.028,.1,.1396237,.2193709,.0405954,.1894333,.0352798,.1730444,.344,.113,.118,.058,.107,.058,.04,.271,.003,.253,0,.229,0,.011,0,.011,0,.011,.0839152,.2454246,.0380673,.2133365,.0319448,.1943389,.214,.138,.146,.064,.129,.064,-.0797472,-.1488378,-.1377647,.231,.06,.049,-.231,-.251,-.229,-.011,-.011,-.011,-.1615094,-.1752693,-.1623941,.076,.082,.064
2011-09,2.930556,.2008266,.3388548,.1309295,.1304655,.0092211,.0710448,.411,.097,.358,.038,.028,.014,.098,.457,.02,.176,0,.099,0,.774,0,0,0,0,.1179722,.3861013,.0426429,.1448146,.0106785,.0786146,.169,.124,.109,.033,.044,.007,-.1380282,.000464,-.0618237,.315,.321,.014,-.358,-.155,-.099,-.774,0,0,-.268129,-.1021716,-.0679361,.045,.077,.036,.123416,.2793452,.0792406,.1013879,.0149846,.0951163,.314,.138,.242,.047,.046,.04,.031,.348,0,.128,0,.122,0,.774,0,0,0,0,.0692529,.3144946,.0237107,.1084499,.017353,.1037993,.185,.177,.097,.036,.071,.036,-.1559292,-.0221473,-.0801317,.176,.195,.006,-.317,-.128,-.122,-.774,0,0,-.2452417,-.0847391,-.0864463,.008,.061,.035,.120895,.3485956,.0767196,.1685157,.0108702,.1658122,.306,.134,.234,.036,.033,.029,.031,.453,0,.233,0,.232,0,.774,0,.011,0,.011,.0652963,.3971197,.0197541,.1888787,.0125883,.1883602,.169,.181,.081,.03,.051,.03,-.2277006,-.0917961,-.154942,.172,.199,.004,-.422,-.233,-.232,-.774,-.011,-.011,-.3318234,-.1691246,-.1757719,-.012,.051,.022
2011-10,2.622979,.1104009,.2928291,.0341955,.0966615,.0171616,.0613296,.226,.107,.077,.011,.052,.003,.054,.384,.013,.139,0,.09,0,.227,0,0,0,0,.1222133,.3290692,.0339722,.111928,.0198721,.0710159,.326,.125,.095,.017,.081,.005,-.1824282,-.0624659,-.044168,.119,.066,.049,-.33,-.125,-.09,-.227,0,0,-.2068559,-.0779558,-.0511438,.201,.078,.075,.0931282,.3152461,.0344059,.0805318,.0173719,.0741131,.206,.151,.077,.065,.053,.025,.038,.396,.013,.088,0,.098,0,0,0,0,0,0,.1022126,.342555,.0342158,.0895731,.0201156,.0821406,.296,.167,.096,.085,.082,.024,-.2221179,-.046126,-.0567412,.055,.012,.028,-.358,-.075,-.098,0,0,0,-.2403425,-.0553573,-.062025,.129,.011,.057,.097369,.3851424,.0339594,.1521554,.0173719,.1507601,.219,.134,.076,.046,.053,.029,.038,.508,.013,.204,0,.211,0,.011,0,.011,0,.011,.1071231,.4242249,.0336988,.172217,.0201156,.1708931,.316,.144,.094,.056,.082,.029,-.2877734,-.118196,-.1333882,.085,.029,.024,-.471,-.191,-.211,-.011,-.011,-.011,-.3171018,-.1385182,-.1507774,.172,.039,.052
2011-11,2.628315,.1772892,.3785632,.1006732,.1012764,.027677,.0276583,.314,.306,.197,.036,.057,.007,.11,.414,.053,.133,.013,.038,0,.228,0,.228,0,0,.2025754,.3447598,.1165679,.1162167,.0320467,.0320251,.473,.191,.303,.051,.088,.011,-.201274,-.0006032,.0000187,.009,.161,.05,-.305,-.08,-.024,-.228,-.228,0,-.1421845,.0003511,.0000217,.282,.252,.076,.1584522,.3336308,.0757084,.1151618,.0279218,.0579796,.285,.364,.172,.102,.058,.051,.096,.319,.028,.122,.013,.062,0,0,0,0,0,0,.1834305,.2837736,.0876615,.1165969,.0323302,.0671337,.439,.245,.265,.116,.089,.078,-.1751786,-.0394534,-.0300578,-.079,.071,.007,-.222,-.094,-.048,0,0,0,-.1003431,-.0289354,-.0348034,.194,.149,.011,.1700484,.3052111,.0797178,.1818492,.0279218,.1288536,.32,.339,.184,.073,.058,.028,.096,.289,.028,.235,.013,.178,0,.011,0,.011,0,.011,.1968963,.2508668,.0923039,.194574,.0323302,.1489087,.493,.206,.284,.075,.089,.043,-.1351627,-.1021314,-.1009318,-.019,.111,.029,-.193,-.207,-.165,-.011,-.011,-.011,-.0539705,-.10227,-.1165785,.287,.209,.046
2011-12,2.46436,.1843717,.1700451,.0951238,.1348682,.0597942,.0661969,.264,.131,.197,.082,.115,.01,.145,.189,.045,.161,.032,.094,0,.24,0,.229,0,.229,.2133002,.1678367,.1100491,.1327817,.0691761,.0765835,.407,.178,.303,.126,.178,.015,.0143266,-.0397443,-.0064027,.133,.114,.105,-.044,-.116,-.061,-.24,-.229,-.229,.0454635,-.0227326,-.0074073,.229,.177,.162,.2186768,.2014288,.0921402,.1193866,.0552729,.0644296,.262,.158,.198,.112,.11,.037,.198,.223,.04,.123,.028,.078,0,.24,0,0,0,0,.2529879,.1925311,.1065973,.1058973,.0639454,.0599563,.403,.172,.305,.135,.169,.02,.0172481,-.0272464,-.0091567,.104,.086,.073,-.025,-.083,-.05,-.24,0,0,.0604568,.0006999,.0039891,.231,.17,.149,.247834,.1633887,.0968591,.1119751,.0552729,.0653592,.286,.151,.213,.084,.11,.034,.229,.169,.04,.126,.028,.081,0,.011,0,.011,0,.011,.2867199,.1485223,.1120565,.097323,.0639454,.0607617,.44,.162,.328,.092,.169,.015,.0844453,-.0151161,-.0100863,.134,.128,.076,.06,-.086,-.052,-.011,-.011,-.011,.1381976,.0147335,.0031838,.278,.235,.154
2012-01,2.504952,.3697212,.169598,.094557,.1201469,.0230264,.1009599,.39,.14,.135,.088,.068,.064,.36,.184,.075,.136,.001,.119,.759,.241,0,.241,0,.229,.3520629,.173155,.109177,.1160966,.0265866,.0939429,.297,.214,.207,.133,.104,.097,.2001233,-.0255899,-.0779335,.25,.047,.004,.175,-.061,-.118,.518,-.241,-.229,.1789079,-.0069196,-.0673563,.083,.073,.007,.4083018,.155364,.1281903,.1345175,.0641186,.0866956,.475,.141,.204,.1,.16,.09,.376,.162,.091,.152,.017,.085,.759,.241,0,.241,0,0,.4039253,.1478207,.1480106,.1237895,.0740323,.0685736,.456,.179,.313,.116,.245,.101,.2529378,-.0063272,-.022577,.334,.105,.07,.213,-.061,-.068,.518,-.241,0,.2561046,.024221,.0054587,.277,.197,.144,.41865,.1146,.1638317,.0937535,.0692985,.0796484,.506,.127,.249,.085,.176,.063,.376,.109,.122,.098,.017,.088,.759,.011,0,.011,0,.011,.4158735,.1007539,.1891627,.0767227,.0800132,.0604367,.503,.157,.381,.094,.27,.06,.3040501,.0700783,-.0103498,.379,.163,.113,.267,.024,-.071,.748,-.011,-.011,.3151197,.11244,.0195764,.346,.287,.21
2012-02,2.451543,.15448,.262741,.0727873,.1211684,.0498705,.0627807,.274,.122,.078,.097,.026,.054,.095,.332,.07,.133,.062,.067,0,.011,0,.011,0,.011,.1299319,.282104,.083925,.1188683,.0575016,.0515463,.226,.186,.12,.148,.039,.082,-.1082611,-.0483811,-.0129102,.152,-.018,-.028,-.237,-.063,-.005,-.011,-.011,-.011,-.1521721,-.0349433,.0059552,.04,-.027,-.042,.2050636,.2311897,.1209098,.1103639,.0917883,.0779169,.421,.102,.218,.094,.147,.054,.099,.295,.073,.118,.065,.09,0,.011,0,.011,0,.011,.1882558,.2357155,.139411,.0974763,.1058335,.0600643,.451,.115,.335,.107,.225,.046,-.0261261,.0105459,.0138714,.319,.124,.093,-.196,-.046,-.025,-.011,-.011,-.011,-.0474597,.0419347,.0457692,.336,.227,.179,.2044088,.2298778,.1118139,.109052,.0823872,.076605,.42,.109,.192,.101,.12,.061,.098,.29,.072,.113,.064,.084,0,.011,0,.011,0,.011,.1875008,.2342029,.1289233,.0959637,.0949939,.0585518,.451,.125,.295,.117,.184,.056,-.025469,.0027618,.0057822,.312,.092,.059,-.192,-.041,-.021,-.011,-.011,-.011,-.0467021,.0329596,.0364421,.325,.178,.128
2012-03,2.246404,.1312527,.3649044,.0818186,.2270906,.0537017,.0944963,.24,.172,.102,.062,.062,.062,.077,.461,.072,.309,.05,.111,0,0,0,0,0,0,.1494405,.3890307,.0923899,.2450939,.062017,.0919682,.36,.203,.149,.094,.095,.094,-.2336517,-.1452719,-.0407946,.068,.041,.001,-.383,-.238,-.061,0,0,0,-.2395902,-.152704,-.0299511,.157,.055,.002,.1284566,.3695862,.104283,.2015525,.076625,.0837777,.291,.161,.224,.059,.182,.059,.048,.473,.045,.273,.024,.096,0,0,0,0,0,0,.1462113,.3944374,.1183327,.206712,.0884899,.0707005,.438,.185,.336,.054,.279,.054,-.2411296,-.0972695,-.0071527,.13,.166,.123,-.425,-.228,-.072,0,0,0,-.2482261,-.0883793,.0177894,.253,.282,.225,.0848978,.3686456,.0743102,.1874875,.0446708,.0697127,.198,.148,.173,.055,.118,.055,.029,.478,.025,.253,.008,.077,0,0,0,0,0,0,.0959077,.3933512,.0837188,.1904691,.0515878,.0544577,.296,.165,.257,.049,.181,.049,-.2837479,-.1131774,-.0250419,.051,.117,.063,-.45,-.228,-.069,0,0,0,-.2974435,-.1067504,-.0028699,.131,.208,.133
2012-04,1.960639,.3032731,.2513733,.0524587,.1752259,.0430387,.1238635,.291,.173,.053,.118,.024,.03,.309,.29,.052,.203,.052,.17,.769,0,0,0,0,0,.2822823,.2691625,.0604966,.1869758,.0496333,.1393007,.176,.196,.081,.134,.037,.045,.0518998,-.1227673,-.0808248,.118,-.066,-.006,.019,-.151,-.118,.769,0,0,.0131198,-.1264792,-.0896674,-.02,-.053,-.008,.2420421,.2626362,.0203356,.202469,.0133871,.1040182,.167,.217,.043,.128,.022,.053,.279,.285,.009,.239,.009,.129,.769,0,0,0,0,0,.2780435,.2817704,.0234515,.2180124,.0154384,.110841,.253,.249,.067,.135,.035,.045,-.020594,-.1821333,-.0906311,-.05,-.085,-.031,-.006,-.23,-.12,.769,0,0,-.0037269,-.1945609,-.0954026,.004,-.068,-.011,.2364325,.3201343,.0198838,.2111986,.0192608,.1085274,.138,.35,.043,.119,.042,.05,.285,.305,.008,.257,.008,.137,.757,0,0,0,0,0,.2726595,.293625,.0229305,.2153641,.0222121,.0996004,.213,.3,.067,.135,.064,.041,-.0837018,-.1913148,-.0892665,-.212,-.075,-.009,-.02,-.249,-.129,.757,0,0,-.0209655,-.1924336,-.0773883,-.087,-.068,.023
2012-05,1.552459,.2032434,.193367,.020663,.135379,.009852,.126856,.146,.181,.063,.1,.03,.082,.231,.199,0,.153,0,.149,0,0,0,0,0,0,.2311886,.2040526,.0238847,.1447163,.0113882,.1348645,.21,.218,.096,.106,.046,.079,.0098764,-.114716,-.117004,-.035,-.037,-.052,.032,-.153,-.149,0,0,0,.027136,-.1208316,-.1234764,-.008,-.009,-.033,.19945,.2987292,.0501669,.1494431,.0076132,.13379,.157,.418,.094,.101,.023,.056,.22,.24,.028,.173,0,.172,0,0,0,0,0,0,.230548,.2536114,.0579889,.1553334,.0088002,.1428796,.242,.291,.145,.085,.036,.039,-.0992792,-.0992761,-.1261768,-.26,-.007,-.033,-.02,-.145,-.172,0,0,0,-.0230634,-.0973445,-.1340794,-.048,.06,-.004,.1313773,.3427722,.043854,.2100083,.0076132,.1504104,.164,.526,.075,.207,.023,.056,.115,.252,.028,.212,0,.197,0,.011,0,0,0,0,.1481173,.2440421,.0506917,.1659537,.0088002,.1443768,.237,.285,.116,.08,.036,.039,-.2113948,-.1661543,-.1427972,-.363,-.131,-.033,-.137,-.183,-.197,-.011,0,0,-.0959248,-.1152621,-.1355766,-.048,.036,-.004
2012-06,1.522482,.146712,.4138458,.071257,.1264305,.0085473,.1010788,.091,.296,.057,.104,.026,.074,.174,.471,.078,.137,0,.114,0,1,0,0,0,0,.1656787,.4073212,.0785312,.1333869,.0098717,.1076109,.125,.242,.072,.108,.04,.076,-.2671338,-.0551735,-.0925316,-.205,-.047,-.048,-.298,-.059,-.114,-1,0,0,-.2416426,-.0548556,-.0977391,-.116,-.037,-.036,.1599082,.465703,.0728258,.1930492,.0085473,.132143,.145,.371,.061,.19,.026,.078,.167,.512,.078,.194,0,.159,0,1,0,0,0,0,.1809197,.4615538,.0841108,.2057762,.0098717,.1378284,.207,.333,.094,.223,.04,.06,-.3057948,-.1202233,-.1235957,-.226,-.129,-.052,-.345,-.116,-.159,-1,0,0,-.2806341,-.1216654,-.1279566,-.126,-.128,-.02,.154316,.5308283,.0769522,.2169943,.0094115,.198781,.145,.292,.074,.191,.029,.173,.159,.648,.078,.23,0,.212,0,1,0,.011,0,0,.174461,.5367707,.0851089,.1743055,.0108698,.156774,.207,.211,.098,.057,.044,.042,-.3765123,-.1400421,-.1893695,-.147,-.117,-.144,-.489,-.151,-.212,-1,-.011,0,-.3623097,-.0891965,-.1459042,-.004,.041,.002
2012-07,1.390421,.0672294,.2751827,.0384707,.1644304,.0095267,.0931041,.085,.28,.032,.205,.027,.065,.059,.273,.042,.145,.001,.107,0,0,0,0,0,0,.0736925,.2457574,.0405833,.1237427,.007221,.0971321,.115,.208,.034,.116,.026,.058,-.2079533,-.1259596,-.0835774,-.195,-.173,-.038,-.214,-.103,-.106,0,0,0,-.1720649,-.0831594,-.0899111,-.093,-.083,-.032,.0951116,.2767407,.0720187,.1841519,.0043949,.1188978,.141,.28,.085,.207,.012,.076,.073,.275,.066,.173,.001,.139,0,0,0,0,0,0,.1058308,.2475532,.0792523,.1408309,.0050658,.1223184,.201,.208,.115,.097,.018,.057,-.1816291,-.1121332,-.114503,-.138,-.122,-.065,-.203,-.107,-.139,0,0,0,-.1417224,-.0615786,-.1172526,-.007,.018,-.04,.1002631,.2933491,.0552629,.2105769,.0076569,.1791543,.193,.295,.069,.223,.021,.181,.055,.292,.048,.204,.001,.178,0,0,0,0,0,0,.1117687,.2666968,.0599388,.1712896,.0050658,.1350704,.28,.232,.091,.122,.018,.057,-.193086,-.155314,-.1714974,-.103,-.154,-.159,-.237,-.156,-.177,0,0,0,-.1549281,-.1113508,-.1300046,.047,-.031,-.04
2012-08,1.48935,.2444221,.3219517,.006843,.1382543,.006358,.0785311,.112,.355,.019,.128,.018,.068,.309,.306,.001,.143,.001,.084,1,0,0,0,0,0,.2793376,.2931383,.00785,.1492396,.0073308,.0803783,.16,.224,.029,.154,.027,.062,-.0775296,-.1314113,-.0721731,-.243,-.109,-.05,.003,-.142,-.083,1,0,0,-.0138007,-.1413895,-.0730474,-.064,-.125,-.035,.2364389,.3238087,.0304248,.1601528,.0303901,.0889883,.113,.332,.059,.136,.059,.063,.296,.32,.017,.172,.017,.101,1,0,0,0,0,0,.2701328,.2952794,.03504,.1744888,.03504,.0924354,.162,.19,.09,.166,.09,.055,-.0873698,-.1297281,-.0585982,-.219,-.077,-.004,-.023,-.155,-.085,1,0,0,-.0251465,-.1394487,-.0573954,-.028,-.076,.035,.2060776,.3531014,.0297965,.1687542,.0297618,.0975896,.113,.364,.059,.136,.059,.063,.251,.348,.016,.185,.016,.114,.767,0,0,0,0,0,.235126,.3264394,.0343156,.1844062,.0343156,.1023529,.162,.227,.09,.166,.09,.055,-.1470238,-.1389577,-.0678279,-.251,-.077,-.004,-.097,-.169,-.099,.767,0,0,-.0913134,-.1500906,-.0680373,-.065,-.076,.035
2012-09,1.65028,.2461907,.3511378,.1708573,.1953326,.0028792,.0595725,.163,.419,.009,.225,.009,.028,.287,.318,.25,.181,0,.075,.989,0,.989,0,0,0,.243128,.3341033,.1973851,.1577618,.0032862,.0686131,.083,.356,.013,.071,.013,.042,-.104947,-.0244753,-.0566933,-.257,-.216,-.019,-.031,.07,-.075,.989,.989,0,-.0909754,.0396233,-.0653269,-.273,-.058,-.029,.2947386,.3553403,.2173777,.1770583,.0138609,.0646718,.266,.402,.07,.211,.042,.028,.309,.333,.29,.16,0,.083,.989,0,.989,0,0,0,.2798061,.3426509,.2486758,.1366459,.0159756,.0745054,.232,.344,.098,.05,.065,.042,-.0606017,.0403193,-.0508109,-.136,-.141,.014,-.024,.129,-.083,.989,.989,0,-.0628448,.1120299,-.0585298,-.112,.048,.023,.2417667,.3589691,.1750525,.1980117,.0244538,.0621513,.245,.417,.049,.234,.042,.02,.24,.331,.237,.18,.016,.083,.766,0,.766,0,0,0,.2355523,.3442551,.199769,.1582686,.0282158,.0715929,.199,.356,.065,.075,.065,.03,-.1172023,-.0229592,-.0376974,-.172,-.186,.022,-.09,.057,-.067,.766,.766,0,-.1087028,.0415004,-.0433771,-.157,-.01,.035
2012-10,1.938555,.1768834,.3310366,.0488506,.2421013,.0416894,.1263422,.124,.219,.022,.152,.006,.043,.203,.386,.062,.286,.059,.168,.234,.011,.234,0,.234,0,.2043435,.3679343,.0564046,.275814,.0481299,.1457637,.191,.278,.034,.219,.009,.065,-.1541532,-.1932507,-.0846528,-.095,-.13,-.036,-.183,-.224,-.108,.223,.234,.234,-.1635908,-.2194095,-.0976338,-.087,-.185,-.055,.2520303,.3134564,.1434822,.204982,.0862314,.0880444,.329,.205,.228,.114,.062,.014,.214,.367,.102,.25,.098,.125,.234,.011,.234,0,.234,0,.2326428,.3538182,.107218,.2366302,.0995971,.1015115,.338,.281,.183,.174,.095,.02,-.0614261,-.0614998,-.0018131,.124,.114,.048,-.153,-.148,-.026,.223,.234,.234,-.1211755,-.1294122,-.0019144,.056,.009,.075,.1994241,.353942,.0385139,.2534478,.0421868,.1163214,.188,.243,.068,.15,.041,.024,.205,.408,.024,.305,.043,.162,.234,0,0,0,0,0,.2303888,.3836861,.0444607,.2900201,.0487047,.1315736,.29,.341,.104,.219,.063,.025,-.1545179,-.214934,-.0741346,-.055,-.082,.017,-.203,-.28,-.119,.234,0,0,-.1532973,-.2455594,-.082869,-.051,-.115,.037
2012-11,1.670715,.1285061,.4302178,.0407338,.2529209,.0020357,.2144956,.192,.187,.022,.139,.001,.126,.097,.549,.05,.309,.002,.258,0,.765,0,.011,0,0,.1266419,.4889849,.0471034,.2837812,.0023141,.2443306,.298,.254,.034,.18,.002,.18,-.3017117,-.2121871,-.2124599,.005,-.117,-.125,-.452,-.259,-.255,-.765,-.011,0,-.3623431,-.2366778,-.2420165,.043,-.146,-.178,.1207267,.4190586,.0912812,.2327312,.0410904,.1808025,.185,.186,.13,.123,.075,.113,.089,.533,.072,.286,.024,.214,0,.765,0,.011,0,0,.117638,.4760693,.0884082,.2665313,.0303172,.2090498,.287,.252,.202,.18,.116,.175,-.2983319,-.14145,-.1397122,-.001,.007,-.038,-.444,-.214,-.19,-.765,-.011,0,-.3584313,-.1781231,-.1787326,.035,.022,-.059,.1200001,.518315,.0980384,.2658958,.0213477,.2248364,.171,.348,.123,.155,.06,.144,.095,.602,.086,.32,.002,.265,0,.765,0,0,0,0,.1339959,.5478947,.1134278,.304916,.0246659,.2573938,.264,.329,.191,.229,.093,.211,-.398315,-.1678574,-.2034886,-.178,-.032,-.084,-.507,-.234,-.262,-.765,0,0,-.4138989,-.1914882,-.2327279,-.064,-.038,-.118
2012-12,1.598418,.1044488,.4946572,.0519131,.3161416,.007077,.1674526,.184,.359,.146,.167,.02,.124,.065,.561,.006,.389,.001,.189,0,1,0,.765,0,.011,.1194595,.5278373,.0598938,.3621114,.008165,.1905641,.278,.377,.224,.245,.031,.179,-.3902084,-.2642285,-.1603756,-.174,-.021,-.104,-.496,-.384,-.188,-1,-.765,-.011,-.4083778,-.3022176,-.1823991,-.099,-.021,-.149,.0945115,.4642938,.042776,.3200823,.0358135,.1425859,.193,.205,.129,.168,.107,.117,.046,.591,.001,.395,.001,.155,0,.989,0,.754,0,0,.1079945,.5330395,.0493521,.366869,.0413192,.164506,.292,.304,.197,.247,.165,.179,-.3697824,-.2773063,-.1067724,-.012,-.039,-.01,-.545,-.394,-.154,-.989,-.754,0,-.425045,-.3175169,-.1231868,-.012,-.05,-.015,.0944318,.5022441,.0448403,.4287491,.0383369,.1894291,.193,.412,.135,.324,.115,.15,.046,.546,.001,.48,.001,.209,0,.765,0,.765,0,0,.1089491,.5365906,.0517337,.4517971,.0442305,.2183394,.296,.459,.207,.323,.176,.229,-.4078122,-.3839089,-.1510922,-.219,-.189,-.035,-.5,-.479,-.208,-.765,-.765,0,-.4276415,-.4000634,-.1741089,-.163,-.117,-.053
2013-01,1.449488,.2173914,.4240712,.0864504,.3337555,.0416955,.2667767,.216,.35,.161,.278,.117,.149,.218,.46,.05,.361,.005,.325,0,.766,0,.766,0,.765,.2437793,.4333013,.0957611,.3434071,.0479689,.3047492,.303,.33,.23,.259,.178,.218,-.2066798,-.2473051,-.2250811,-.134,-.117,-.032,-.242,-.311,-.32,-.766,-.766,-.765,-.189522,-.247646,-.2567803,-.027,-.029,-.04,.2282287,.296402,.080285,.1910152,.0398761,.1571957,.251,.264,.155,.183,.121,.148,.217,.312,.043,.195,0,.162,0,0,0,0,0,0,.2599433,.3258401,.0923643,.217589,.0458757,.1786811,.371,.358,.236,.269,.184,.217,-.0681733,-.1107303,-.1173196,-.013,-.027,-.027,-.095,-.152,-.162,0,0,0,-.0658968,-.1252247,-.1328055,.013,-.033,-.032,.2294234,.3352228,.0785309,.2152988,.0393907,.1906922,.171,.315,.15,.22,.12,.202,.258,.345,.043,.213,0,.185,.235,.011,0,.011,0,.011,.2613179,.3694835,.0903464,.2455263,.0453173,.2172174,.249,.432,.228,.326,.182,.299,-.1057994,-.1367679,-.1513015,-.144,-.07,-.082,-.087,-.169,-.185,.224,-.011,-.011,-.1081656,-.1551798,-.1719001,-.182,-.098,-.117
2013-02,1.579267,.2848471,.2533271,.1583344,.1576248,.0220929,.0927247,.196,.406,.108,.171,.067,.115,.329,.178,.183,.151,0,.082,.233,0,0,0,0,0,.3166957,.2150394,.176273,.1719943,.0217932,.1069206,.251,.311,.14,.222,.087,.175,.03152,.0007096,-.0706318,-.21,-.063,-.049,.152,.032,-.082,.233,0,0,.1016563,.0042788,-.0851274,-.06,-.082,-.089,.3140069,.3232796,.0786621,.217639,.0188997,.1489518,.167,.444,.119,.207,.057,.131,.387,.263,.059,.223,0,.158,.989,0,0,0,0,0,.3540019,.2957014,.0880851,.2422549,.0217932,.171756,.222,.37,.171,.28,.087,.199,-.0092727,-.1389769,-.1300521,-.277,-.088,-.074,.124,-.164,-.158,.989,0,0,.0583004,-.1541698,-.1499627,-.148,-.11,-.113,.3348968,.318264,.0901042,.2292201,.0180197,.1541271,.288,.462,.075,.228,.054,.138,.358,.247,.098,.23,0,.162,.989,0,.234,0,0,0,.3378565,.2899179,.101279,.2545506,.0207784,.1777236,.247,.397,.103,.308,.083,.211,.0166328,-.1391159,-.1361075,-.174,-.153,-.084,.111,-.132,-.162,.989,.234,0,.0479386,-.1532716,-.1569452,-.15,-.205,-.128
2013-03,1.260891,.1587448,.2657584,.1183768,.1509643,.0210697,.0806357,.08,.371,.049,.246,.007,.053,.198,.213,.153,.104,.028,.094,.245,0,.234,0,0,0,.1699554,.212477,.1287948,.0968612,.0217153,.0835368,.091,.259,.043,.067,0,.043,-.1070136,-.0325875,-.059566,-.29,-.196,-.046,-.016,.049,-.066,.245,.234,0,-.0425216,.0319335,-.0618215,-.168,-.024,-.043,.1096533,.407867,.0918786,.2173961,.0052541,.1402269,.05,.401,.041,.267,.011,.072,.139,.411,.117,.193,.002,.174,.245,0,.234,0,0,0,.1242053,.3768946,.1036402,.1737218,.0034169,.153512,.066,.305,.052,.1,.007,.076,-.2982138,-.1255175,-.1349728,-.351,-.226,-.061,-.272,-.075,-.172,.245,.234,0,-.2526893,-.0700816,-.1500951,-.238,-.048,-.069,.1192121,.3539738,.0649563,.1838544,.0429388,.107715,.056,.354,.016,.274,.015,.074,.151,.354,.089,.139,.057,.125,.234,0,.234,0,.234,0,.1352647,.3145409,.0724915,.1349146,.0470175,.1148672,.075,.233,.014,.11,.012,.075,-.2347617,-.1188981,-.0647762,-.298,-.258,-.059,-.203,-.05,-.068,.234,.234,.234,-.1792762,-.0624231,-.0678496,-.158,-.096,-.062
2013-04,1.030496,.0737412,.3548587,.0246954,.2305914,.0043411,.1338747,.043,.387,.013,.293,.013,.206,.089,.339,.03,.2,0,.099,.011,0,.011,0,0,0,.0786377,.3219233,.0221441,.180533,.0050226,.0870554,.065,.311,.02,.176,.02,.043,-.2811175,-.205896,-.1295337,-.344,-.28,-.193,-.25,-.169,-.099,.011,.011,0,-.2432855,-.1583889,-.0820328,-.246,-.156,-.022,.0761715,.3522075,.0262026,.2501884,.0112844,.1002305,.063,.393,.035,.261,.034,.206,.083,.332,.022,.245,0,.048,.011,0,.011,0,0,0,.0881299,.3317522,.0303162,.2215827,.0130559,.0481293,.096,.297,.053,.127,.052,.043,-.276036,-.2239859,-.0889462,-.33,-.227,-.172,-.25,-.223,-.048,.011,.011,0,-.2436223,-.1912665,-.0350734,-.201,-.074,.01,.0752058,.3735192,.0044418,.2257538,.0020618,.0922168,.108,.48,.013,.21,.006,.194,.059,.321,0,.234,0,.042,0,0,0,0,0,0,.0867606,.3163087,.0051391,.193312,.0023855,.0388575,.164,.269,.021,.048,.01,.025,-.2983134,-.221312,-.090155,-.372,-.196,-.188,-.262,-.234,-.042,0,0,0,-.2295481,-.1881729,-.036472,-.105,-.027,-.015
2013-05,1.214108,.050216,.3304366,.0235401,.2292936,.0153754,.1310261,.064,.535,.023,.291,.001,.256,.044,.231,.024,.199,.022,.07,.011,0,.011,0,.011,0,.0473993,.3031361,.0271388,.1946183,.0177259,.0836955,.078,.501,.035,.163,.002,.118,-.2802206,-.2057534,-.1156507,-.471,-.268,-.255,-.187,-.175,-.048,.011,.011,.011,-.2557368,-.1674795,-.0659696,-.423,-.128,-.116,.1699593,.3744967,.0072036,.2849475,.0004416,.2011884,.059,.599,.019,.39,.001,.195,.224,.265,.002,.234,0,.204,.756,0,0,0,0,0,.1728753,.3179899,.0083048,.2150142,.0005091,.1645836,.09,.454,.028,.136,.002,.025,-.2045374,-.2777439,-.2007468,-.54,-.371,-.193,-.041,-.232,-.204,.756,0,0,-.1451146,-.2067094,-.1640745,-.364,-.107,-.023,.0625418,.3455719,.0018335,.2547246,.0013774,.190048,.079,.447,.006,.29,.004,.183,.055,.296,0,.238,0,.193,.011,0,0,0,0,0,.0490368,.320585,.0021138,.2185079,.001588,.1517401,.12,.368,.009,.139,.006,.007,-.28303,-.2528911,-.1886705,-.369,-.284,-.179,-.241,-.238,-.193,.011,0,0,-.2715483,-.2163941,-.1501521,-.248,-.13,-.001
2013-06,1.483177,.1550715,.3518585,.0663994,.0978755,.046735,.0790078,.095,.274,.037,.086,.003,.058,.184,.39,.081,.104,.068,.089,.011,.756,.011,0,.011,0,.174955,.3658923,.0727916,.1127671,.0538456,.0910287,.13,.258,.042,.131,.004,.089,-.196787,-.0314761,-.0322728,-.179,-.049,-.056,-.206,-.023,-.021,-.745,.011,.011,-.1909373,-.0399755,-.037183,-.128,-.089,-.085,.217845,.2501193,.1323894,.129984,.0008887,.111441,.12,.317,.043,.183,.003,.156,.266,.217,.176,.104,0,.09,.756,.011,.756,0,0,0,.2483093,.2363747,.1525322,.1113156,.001024,.0902083,.171,.274,.065,.123,.004,.084,-.0322744,.0024053,-.1105523,-.197,-.14,-.153,.048,.072,-.09,.745,.756,0,.0119346,.0412166,-.0891843,-.103,-.058,-.08,.1881311,.2978949,.0565771,.1827477,.0326613,.1377029,.223,.263,.073,.077,.006,.055,.171,.315,.048,.234,.046,.178,.011,0,.011,0,0,0,.1785667,.3296075,.0651852,.2105525,.0376307,.1586541,.186,.345,.112,.118,.008,.084,-.1097638,-.1261706,-.1050415,-.039,-.004,-.049,-.144,-.186,-.132,.011,.011,0,-.1510408,-.1453672,-.1210234,-.159,-.006,-.075
2013-07,1.570068,.1587725,.3390434,.0735137,.2432796,.0601184,.0591498,.294,.203,.04,.177,.025,.037,.093,.406,.09,.276,.077,.07,0,.989,0,.756,0,0,.1035618,.3454138,.0809842,.2404302,.0655543,.068134,.128,.148,.046,.109,.023,.057,-.1802709,-.1697659,.0009686,.091,-.137,-.012,-.313,-.186,.007,-.989,-.756,0,-.241852,-.1594461,-.0025798,-.02,-.063,-.034,.1536845,.1910148,.0580255,.0792441,.0407857,.0565445,.291,.085,.059,.073,.03,.03,.087,.243,.057,.082,.046,.07,0,.244,0,.011,0,0,.0992178,.2050838,.0641636,.081662,.0469806,.065133,.129,.09,.08,.072,.046,.045,-.0373303,-.0212186,-.0157588,.206,-.014,0,-.156,-.025,-.024,-.244,-.011,0,-.105866,-.0174984,-.0181524,.039,.007,.001,.1165292,.2536782,.0490839,.1597752,.0417169,.1362472,.202,.125,.033,.094,.033,.026,.075,.317,.057,.192,.046,.19,0,.233,0,0,0,0,.1239662,.277265,.0565392,.1744249,.0480533,.1569417,.266,.151,.05,.105,.05,.039,-.137149,-.1106913,-.0945303,.077,-.061,.007,-.242,-.135,-.144,-.233,0,0,-.1532988,-.1178857,-.1088884,.115,-.054,.011
2013-08,1.385327,.1550294,.2743361,.0819177,.1540275,.0592092,.0949177,.135,.208,.085,.045,.045,.026,.165,.307,.081,.207,.066,.129,0,0,0,0,0,0,.1785009,.3014841,.09432,.1715369,.0681735,.1082453,.205,.278,.129,.064,.069,.035,-.1193067,-.0721098,-.0357084,-.073,.039,.02,-.142,-.127,-.063,0,0,0,-.1229832,-.0772169,-.0400718,-.073,.065,.034,.1128,.2477163,.0302797,.1610242,.0099954,.1088509,.145,.147,.06,.047,.028,.042,.097,.297,.016,.217,.001,.142,0,0,0,0,0,0,.1236629,.271877,.0326597,.1720597,.0115087,.1167546,.196,.19,.083,.037,.043,.03,-.1349163,-.1307446,-.0988555,-.003,.013,-.014,-.2,-.201,-.141,0,0,0,-.1482141,-.1393999,-.105246,.006,.046,.013,.1459294,.317841,.0767723,.131808,.0117646,.1222953,.262,.369,.159,.077,.018,.068,.089,.293,.036,.159,.009,.149,0,0,0,0,0,0,.1618081,.2848448,.0861914,.1384201,.0135458,.1322345,.374,.255,.234,.083,.027,.069,-.1719115,-.0550357,-.1105306,-.107,.082,-.05,-.204,-.122,-.14,0,0,0,-.1230367,-.0522287,-.1186887,.119,.151,-.042
2013-09,1.128407,.1017791,.2675073,.0329179,.1263549,.0095512,.0580721,.114,.369,.034,.111,.029,.027,.096,.218,.033,.134,0,.073,0,0,0,0,0,0,.1169431,.2285365,.0379137,.1455314,.0110008,.0668855,.173,.242,.051,.17,.045,.041,-.1657282,-.093437,-.0485209,-.255,-.078,.002,-.122,-.101,-.073,0,0,0,-.1115934,-.1076176,-.0558847,-.069,-.119,.004,.1612294,.3537925,.0657754,.1224483,.0177891,.0687816,.302,.439,.102,.12,.054,.04,.093,.312,.048,.124,0,.083,0,0,0,0,0,0,.185416,.3230934,.0754753,.1324618,.0204889,.0706503,.461,.329,.154,.148,.083,.026,-.1925631,-.0566728,-.0509925,-.137,-.018,.014,-.22,-.075,-.083,0,0,0,-.1376774,-.0569866,-.0501615,.132,.006,.057,.1505141,.3030542,.0990612,.1457002,.0610862,.0420842,.261,.418,.203,.303,.154,.066,.097,.247,.048,.069,.016,.031,0,0,0,0,0,0,.1730745,.2646547,.1138127,.0916108,.0703571,.0399012,.398,.298,.309,.155,.236,.065,-.15254,-.046639,.019002,-.157,-.1,.089,-.15,-.021,-.015,0,0,0,-.0915802,.0222019,.0304559,.1,.154,.17
2013-10,.9666712,.1646745,.3924573,.0607232,.0927221,.0310694,.0844775,.108,.196,.08,.06,.027,.033,.192,.488,.051,.109,.033,.11,0,.989,0,0,0,0,.1886576,.443394,.0699566,.1003228,.0357937,.0973229,.161,.264,.122,.065,.042,.05,-.2277828,-.0319989,-.0534081,-.088,.02,-.006,-.296,-.057,-.077,-.989,0,0,-.2547364,-.0303661,-.0615292,-.103,.057,-.009,.1810358,.3234635,.0738775,.2307062,.0203806,.0843475,.205,.382,.178,.318,.03,.063,.169,.295,.023,.188,.016,.095,0,.233,0,0,0,0,.2040031,.2903752,.0851111,.1895131,.0234796,.0886248,.313,.251,.271,.178,.046,.062,-.1424277,-.1568286,-.0639668,-.177,-.141,-.033,-.125,-.165,-.079,-.233,0,0,-.0863721,-.104402,-.0651452,.062,.094,-.016,.215606,.2863735,.1155974,.1842541,.0744756,.1095601,.21,.492,.178,.288,.128,.247,.219,.186,.085,.134,.049,.043,0,0,0,0,0,0,.2483387,.2080687,.1331747,.1359977,.0858001,.049946,.32,.258,.271,.131,.195,.068,-.0707674,-.0686568,-.0350845,-.282,-.11,-.119,.032,-.048,.006,0,0,0,.04027,-.002823,.0358541,.062,.14,.127
2013-11,1.181348,.1459398,.24506,.0429558,.1575011,.0395328,.0529985,.097,.203,.028,.119,.028,.03,.17,.265,.05,.176,.045,.064,.011,.234,0,.234,0,0,.1680307,.2498737,.049458,.1748928,.0455169,.0545716,.148,.249,.042,.156,.042,.02,-.0991202,-.1145453,-.0134657,-.107,-.092,-.003,-.095,-.126,-.019,-.223,-.234,0,-.0818429,-.1254348,-.0090547,-.102,-.113,.022,.244858,.1858956,.0276744,.0912612,.0270844,.0554819,.125,.237,.048,.174,.048,.122,.303,.161,.018,.051,.017,.023,.766,0,0,0,0,0,.2764787,.1845226,.0318634,.0928381,.0311842,.0553754,.169,.312,.072,.216,.072,.151,.0589625,-.0635868,-.0283974,-.112,-.126,-.074,.142,-.033,-.006,.766,0,0,.0919562,-.0609746,-.0241912,-.143,-.143,-.079,.2859814,.2370229,.0466844,.1504106,.0429122,.1174701,.109,.378,.039,.312,.028,.268,.372,.169,.05,.072,.05,.044,.999,0,0,0,0,0,.323827,.170331,.053751,.0924326,.0494078,.0592975,.144,.249,.06,.148,.042,.101,.0489586,-.1037262,-.0745579,-.269,-.272,-.24,.203,-.022,.006,.999,0,0,.153496,-.0386816,-.0098897,-.105,-.088,-.059
2013-12,1.369096,.2090397,.4309314,.0170106,.1766603,.008241,.1131045,.074,.569,.028,.146,.015,.089,.275,.364,.011,.192,.005,.125,.766,0,.011,0,0,0,.2406088,.3871292,.0196087,.200903,.0094996,.12764,.112,.426,.043,.211,.023,.125,-.2218918,-.1596497,-.1048635,-.495,-.117,-.074,-.089,-.18,-.12,.766,.011,0,-.1465204,-.1812942,-.1181403,-.314,-.168,-.102,.229268,.3171316,.1314074,.1445065,.0005898,.0858725,.073,.346,.02,.187,0,.129,.305,.303,.185,.124,.001,.065,1,0,.766,0,0,0,.2558626,.3607754,.1460099,.1665776,.0006799,.0989882,.078,.529,.009,.286,0,.197,-.0878636,-.013099,-.0852827,-.273,-.167,-.129,.002,.062,-.064,1,.766,0,-.1049129,-.0205677,-.0983083,-.451,-.277,-.197,.2899706,.3535345,.1687209,.1541354,.0023224,.0912955,.209,.316,.028,.138,.007,.091,.329,.372,.237,.162,0,.091,1,0,.999,0,0,0,.2873283,.4016578,.1890224,.1718036,.0026771,.104159,.13,.478,.02,.207,.011,.135,-.0635639,.0145855,-.088973,-.106,-.111,-.084,-.043,.076,-.091,1,.999,0,-.1143296,.0172188,-.1014819,-.348,-.187,-.124
2014-01,1.385928,.1708649,.3298616,.0464867,.1686347,.0020773,.1023676,.161,.346,.051,.221,.006,.079,.176,.322,.044,.143,0,.114,.234,0,0,0,0,0,.1701226,.3414702,.0532457,.1554288,.0023971,.118123,.21,.371,.076,.179,.01,.121,-.1589967,-.122148,-.1002903,-.185,-.17,-.072,-.146,-.099,-.114,.234,0,0,-.1713476,-.1021831,-.1157259,-.161,-.103,-.111,.2366992,.3899916,.0455438,.1920411,.0019719,.0884867,.357,.223,.015,.128,.006,.1,.179,.471,.061,.223,0,.083,.234,0,.001,0,0,0,.1430973,.4500152,.0493272,.2215982,.0022754,.1021057,.091,.341,.009,.196,.009,.153,-.1532923,-.1464973,-.0865147,.134,-.113,-.094,-.293,-.163,-.083,.234,.001,0,-.3069178,-.172271,-.0998302,-.25,-.187,-.144,.1910534,.3879212,.0944323,.2116281,.0019719,.1130461,.364,.225,.116,.108,.006,.065,.107,.467,.084,.262,0,.136,0,0,0,0,0,0,.0904261,.4465686,.0676373,.2431422,.0022754,.1293874,.102,.341,.009,.161,.009,.096,-.1968678,-.1171958,-.1110741,.139,.008,-.059,-.36,-.178,-.136,0,0,0,-.3561425,-.175505,-.127112,-.239,-.152,-.086
2014-02,1.082144,.1930492,.3428524,.0392753,.169032,.0303519,.0719363,.344,.197,.029,.123,.001,.087,.12,.413,.044,.191,.044,.065,0,.755,0,0,0,0,.1462334,.3864592,.0450052,.194593,.0347308,.0822021,.237,.261,.043,.185,0,.13,-.1498032,-.1297567,-.0415844,.148,-.094,-.086,-.293,-.147,-.02,-.755,0,0,-.2402258,-.1495878,-.0474713,-.023,-.143,-.13,.1888709,.4202417,.0967403,.230965,.030248,.1543587,.344,.261,.205,.133,.001,.062,.114,.497,.044,.278,.044,.199,0,.755,0,0,0,0,.1442551,.4675002,.0431297,.2673483,.0346105,.1786744,.249,.325,.035,.205,0,.095,-.2313708,-.1342247,-.1241107,.083,.072,-.061,-.383,-.234,-.155,-.755,0,0,-.323245,-.2242187,-.144064,-.076,-.17,-.095,.204166,.3373268,.1095908,.2333296,.0444505,.1908614,.388,.27,.212,.145,.012,.09,.116,.37,.06,.276,.06,.24,0,.235,0,0,0,0,.1619596,.3715239,.0580046,.2690193,.0510503,.2198611,.316,.339,.046,.22,.017,.134,-.1331608,-.1237388,-.1464109,.117,.067,-.078,-.254,-.216,-.18,-.235,0,0,-.2095642,-.2110147,-.1688108,-.023,-.174,-.117
2014-03,1.370655,.2080477,.2743962,.1616569,.1369085,.0299274,.1262408,.328,.23,.315,.132,0,.103,.15,.296,.087,.139,.044,.138,.011,0,0,0,0,0,.1662695,.3002586,.1126707,.1526899,.0345223,.1458554,.226,.285,.208,.181,0,.158,-.0663485,.0247484,-.0963134,.098,.183,-.102,-.147,-.053,-.093,.011,0,0,-.1339891,-.0400192,-.1113331,-.058,.027,-.157,.1911202,.2620833,.122608,.1894559,.0911233,.172678,.23,.34,.217,.155,.187,.11,.172,.224,.076,.206,.044,.203,.011,0,0,0,0,0,.1467119,.2444336,.0675546,.2048733,.0370821,.1995078,.077,.285,.058,.181,.011,.169,-.0709631,-.0668478,-.0815547,-.11,.062,.076,-.052,-.13,-.159,.011,0,0,-.0977217,-.1373187,-.1624256,-.208,-.123,-.158,.3233819,.2744114,.1370731,.200255,.097078,.169357,.276,.384,.24,.211,.181,.123,.347,.221,.087,.195,.056,.192,.765,0,0,0,0,0,.2995236,.2576038,.0842672,.2162769,.043962,.1945972,.147,.348,.093,.262,.002,.185,.0489705,-.0631819,-.072279,-.108,.029,.057,.126,-.108,-.136,.765,0,0,.0419199,-.1320097,-.1506352,-.201,-.17,-.183
2014-04,1.645581,.2806018,.2065676,.1953138,.1625773,.1408372,.0440068,.395,.175,.321,.138,.315,.063,.225,.222,.134,.175,.056,.035,.236,0,0,0,0,0,.2560282,.2189951,.1576173,.1709442,.0947586,.0453178,.329,.188,.215,.142,.206,.074,.0740342,.0327365,.0968304,.22,.183,.252,.003,-.041,.021,.236,0,0,.0370331,-.0133269,.0494409,.141,.073,.132,.2306648,.235248,.1429448,.1480762,.1005276,.1282058,.298,.142,.206,.116,.192,.056,.198,.281,.112,.164,.056,.163,.236,0,0,0,0,0,.1984076,.2520885,.0971905,.1515039,.0482468,.1340241,.18,.138,.041,.098,.019,.03,-.0045832,-.0051314,-.0276782,.156,.09,.136,-.083,-.052,-.107,.236,0,0,-.0536808,-.0543134,-.0857773,.043,-.057,-.01,.2388964,.2387142,.1626847,.1444779,.1065739,.1288026,.289,.155,.216,.099,.21,.052,.214,.279,.137,.166,.056,.166,.246,0,.011,0,0,0,.2079058,.2557001,.1199677,.147352,.0552234,.1347127,.167,.157,.057,.073,.047,.023,.0001822,.0182067,-.0222287,.134,.117,.159,-.065,-.03,-.11,.246,.011,0,-.0477943,-.0273843,-.0794893,.01,-.017,.025
2014-05,1.735514,.2707838,.3786845,.1940346,.1641914,.1316364,.1269323,.442,.194,.33,.089,.285,.06,.187,.469,.127,.201,.056,.16,.236,.764,.236,0,0,0,.2446589,.4225661,.1561207,.1814316,.0841377,.1409453,.402,.263,.231,.103,.163,.069,-.1079006,.0298432,.004704,.248,.241,.225,-.283,-.074,-.104,-.528,.236,0,-.1779071,-.025311,-.0568075,.139,.127,.094,.2083946,.4119594,.111802,.2162989,.0839336,.1300574,.453,.174,.234,.108,.187,.074,.088,.529,.052,.269,.034,.158,0,.753,0,0,0,0,.1726864,.4609522,.0612567,.2415432,.0291075,.1420545,.419,.233,.085,.133,.013,.081,-.2035648,-.1044969,-.0461239,.28,.125,.113,-.441,-.217,-.124,-.753,0,0,-.2882657,-.1802865,-.112947,.187,-.049,-.068,.2287992,.3028964,.1181519,.2122037,.0981325,.1340995,.485,.169,.225,.088,.178,.069,.103,.368,.065,.273,.059,.166,.011,0,.011,0,.011,0,.1962253,.3351366,.068582,.2368189,.0454875,.1467175,.467,.226,.072,.101,0,.073,-.0740972,-.0940518,-.035967,.315,.138,.109,-.265,-.208,-.107,.011,.011,.011,-.1389113,-.1682369,-.10123,.241,-.03,-.073
2014-06,1.624629,.1958784,.3277853,.1023006,.225308,.054906,.1461795,.338,.212,.241,.087,.137,.034,.126,.385,.034,.293,.015,.201,0,0,0,0,0,0,.1955118,.365937,.1178519,.247938,.0632526,.1625933,.46,.298,.366,.109,.208,.028,-.1319069,-.1230074,-.0912735,.127,.154,.103,-.258,-.259,-.186,0,0,0,-.1704252,-.1300861,-.0993407,.162,.258,.18,.1513375,.4986829,.0691083,.3467348,.0119441,.1788559,.279,.182,.2,.072,.03,.061,.089,.654,.005,.481,.003,.236,.011,.989,0,.753,0,0,.1442,.5628138,.0796138,.3878235,.0137598,.2002371,.371,.253,.303,.086,.046,.07,-.3473454,-.2776265,-.1669118,.097,.128,-.031,-.565,-.476,-.234,-.979,-.753,0,-.4186138,-.3082097,-.1864772,.117,.217,-.023,.1403759,.3159375,.0782573,.2471355,.0224314,.1892548,.248,.177,.197,.067,.032,.056,.088,.384,.02,.335,.018,.255,.011,0,.011,0,.011,0,.141102,.3526245,.0901536,.27342,.0258414,.2125531,.362,.246,.299,.08,.048,.063,-.1755616,-.1688782,-.1668233,.072,.13,-.024,-.297,-.315,-.237,.011,.011,.011,-.2115226,-.1832664,-.1867117,.116,.219,-.015
2014-07,1.641835,.3210945,.3430044,.1052046,.2444507,.0451965,.1668517,.249,.337,.176,.128,.097,.068,.356,.346,.07,.301,.02,.215,.763,0,0,0,0,0,.3571945,.3210759,.1087897,.275408,.0520035,.186122,.329,.216,.218,.171,.148,.08,-.02191,-.1392461,-.1216552,-.088,.048,.029,.01,-.231,-.196,.763,0,0,.0361186,-.1666183,-.1341185,.113,.047,.068,.1254552,.2935569,.0809644,.2243861,.0534579,.188676,.299,.174,.224,.087,.158,.035,.04,.352,.011,.292,.002,.264,.011,0,.011,0,0,0,.1359094,.3322379,.0847179,.2526494,.0615092,.2115611,.419,.242,.307,.11,.239,.031,-.1681017,-.1434217,-.1352181,.124,.137,.123,-.312,-.281,-.262,.011,.011,0,-.1963285,-.1679314,-.1500519,.177,.197,.208,.2113967,.3191836,.0871351,.2472411,.0555535,.202492,.28,.199,.197,.082,.159,.03,.178,.378,.033,.328,.005,.287,.248,0,.011,0,.011,0,.2268536,.3578719,.083877,.2789465,.0639204,.2274579,.424,.264,.298,.103,.241,.024,-.1077868,-.160106,-.1469385,.081,.114,.128,-.2,-.295,-.282,.248,.011,.011,-.1310183,-.1950695,-.1635376,.16,.195,.217
2014-08,1.483893,.1605437,.3100042,.1157254,.2026081,.0384604,.1271733,.146,.475,.129,.249,.104,.044,.168,.229,.109,.18,.007,.168,.011,0,.011,0,0,0,.1779881,.236118,.1292437,.1652993,.0404179,.1462015,.195,.3,.181,.107,.142,.067,-.1494605,-.0868827,-.0887129,-.329,-.12,.059,-.062,-.07,-.161,.011,.011,0,-.0581299,-.0360556,-.1057836,-.104,.074,.075,.1335767,.2574741,.0419861,.1475413,.0261478,.1158444,.318,.206,.109,.078,.065,.038,.043,.283,.009,.181,.007,.154,.011,0,.011,0,.011,0,.0831594,.243352,.0482682,.169617,.0300602,.1331775,.201,.164,.166,.119,.098,.058,-.1238975,-.1055552,-.0896965,.112,.031,.026,-.239,-.172,-.147,.011,.011,.011,-.1601926,-.1213488,-.1031173,.037,.047,.04,.1441587,.258932,.03898,.1585255,.0306539,.1322014,.346,.214,.104,.086,.085,.041,.045,.281,.007,.194,.004,.177,.011,0,.011,0,.011,0,.0981044,.2603851,.0448124,.1822448,.0352405,.151982,.254,.175,.158,.13,.129,.062,-.1147733,-.1195454,-.1015475,.132,.019,.044,-.236,-.187,-.173,.011,.011,.011,-.1622807,-.1374324,-.1167415,.079,.028,.067
2014-09,1.475163,.1561999,.4571414,.0653826,.2555023,.0306434,.1887089,.127,.385,.09,.332,.078,.208,.171,.493,.054,.218,.007,.18,.011,.752,.011,0,.011,0,.176418,.4050408,.0720317,.1732746,.0352218,.1494889,.179,.165,.123,.085,.119,.044,-.3009415,-.1901197,-.1580655,-.258,-.242,-.129,-.322,-.165,-.172,-.741,.011,.011,-.2286228,-.1012429,-.114267,.015,.039,.075,.0576545,.3854308,.0394937,.2276851,.0221683,.125319,.131,.236,.086,.167,.063,.032,.022,.459,.017,.257,.002,.171,.011,.752,.011,0,.011,0,.0634856,.3816158,.0426113,.2087164,.0254805,.144043,.188,.176,.119,.105,.095,.049,-.3277763,-.1881914,-.1031506,-.104,-.081,.03,-.437,-.241,-.168,-.741,.011,.011,-.3181303,-.1661051,-.1185624,.012,.013,.046,.0827227,.2788706,.0393432,.2014913,.0212249,.1317542,.18,.25,.085,.133,.06,.026,.035,.293,.017,.235,.002,.184,.011,0,.011,0,.011,0,.0922992,.2587976,.0452215,.1949134,.0243961,.1514397,.261,.197,.129,.054,.09,.039,-.1961479,-.1621481,-.1105293,-.071,-.047,.034,-.257,-.218,-.181,.011,.011,.011,-.1664984,-.149692,-.1270436,.064,.075,.052
2014-10,1.315411,.1252401,.261613,.0510362,.2493576,.0361797,.2005458,.15,.414,.054,.329,.01,.289,.113,.188,.049,.211,.049,.158,.011,0,.011,0,.011,0,.1325161,.1700734,.0558106,.1674312,.0387558,.1113965,.18,.167,.071,.084,.004,.025,-.136373,-.1983214,-.164366,-.264,-.274,-.279,-.074,-.162,-.109,.011,.011,.011,-.0375574,-.1116206,-.0726407,.013,-.014,-.02,.1345305,.3009924,.0349955,.1840337,.0199398,.1515478,.158,.214,.072,.155,.027,.118,.123,.343,.017,.198,.016,.168,.011,0,.011,0,.011,0,.1516019,.2827201,.0373963,.1598813,.0201127,.1225884,.227,.137,.097,.094,.03,.038,-.1664619,-.1490382,-.131608,-.056,-.083,-.091,-.22,-.181,-.151,.011,.011,.011,-.1311182,-.1224851,-.1024757,.09,.003,-.008,.2466264,.389024,.0513061,.2077649,.0211877,.1527741,.149,.376,.095,.165,.031,.105,.294,.395,.03,.229,.016,.176,.762,0,.011,0,.011,0,.2830626,.3160069,.0588981,.1867934,.0243229,.1406161,.224,.109,.143,.107,.047,.019,-.1423976,-.1564588,-.1315865,-.228,-.07,-.074,-.101,-.198,-.159,.762,.011,.011,-.0329443,-.1278953,-.1162932,.114,.036,.028
2014-11,1.074097,.2696265,.270084,.0633365,.2177483,.0417837,.216864,.104,.501,.043,.367,.007,.316,.35,.158,.073,.146,.058,.169,.762,0,.011,0,.011,0,.2982726,.1838309,.0614975,.1288871,.045162,.129861,.112,.334,.02,.133,0,.066,-.0004575,-.1544119,-.1750803,-.397,-.324,-.309,.191,-.072,-.11,.762,.011,.011,.1144417,-.0673896,-.0846989,-.223,-.114,-.066,.2365843,.2778225,.0629522,.1876613,.0127174,.1656078,.123,.421,.042,.158,.009,.135,.291,.209,.073,.202,.014,.181,.762,0,.011,0,.011,0,.2603475,.1975268,.0694587,.1617056,.0118004,.1383819,.141,.214,.052,.09,.003,.063,-.0412382,-.1247091,-.1528903,-.297,-.116,-.125,.083,-.129,-.166,.762,.011,.011,.0628207,-.0922468,-.1265815,-.073,-.038,-.06,.2329881,.331492,.1664804,.21738,.0097064,.1864835,.116,.477,.039,.15,0,.144,.29,.261,.228,.25,.014,.207,.762,0,.762,0,.011,0,.2590163,.2543136,.1910825,.195504,.0111408,.1620305,.141,.299,.059,.077,0,.076,-.0985039,-.0508996,-.176777,-.362,-.111,-.144,.029,-.022,-.193,.762,.762,.011,.0047027,-.0044215,-.1508896,-.159,-.018,-.076
2014-12,.7269357,.2038153,.2031035,.0833653,.0977119,.0456269,.0560267,.16,.393,.138,.265,.109,.15,.225,.111,.057,.017,.015,.011,0,0,0,0,0,0,.2337532,.1977792,.0956106,.0769658,.0523289,.029505,.239,.448,.206,.256,.163,.086,.0007119,-.0143466,-.0103998,-.234,-.127,-.041,.114,.04,.004,0,0,0,.035974,.0186448,.0228239,-.209,-.05,.078,.1063138,.3079088,.0276799,.1570269,.0134063,.1205253,.155,.342,.031,.214,.008,.115,.083,.291,.026,.13,.016,.123,0,0,0,0,0,0,.1164634,.3201584,.0317457,.1471727,.0153755,.1056569,.231,.381,.047,.188,.012,.041,-.201595,-.129347,-.107119,-.188,-.182,-.107,-.208,-.104,-.107,0,0,0,-.203695,-.115427,-.0902814,-.149,-.141,-.03,.0970379,.3311257,.0266164,.1865802,.0105579,.1371958,.144,.414,.031,.266,.008,.124,.074,.291,.024,.148,.012,.144,0,0,0,0,0,0,.1112915,.3446063,.030526,.1788877,.0121088,.1222494,.216,.479,.047,.257,.012,.045,-.2340879,-.1599638,-.1266379,-.27,-.234,-.116,-.217,-.124,-.132,0,0,0,-.2333148,-.1483617,-.1101407,-.263,-.21,-.033
2015-01,.0413847,.0724952,.2646982,.0160597,.1266805,.0118044,.0712661,.025,.388,.008,.277,.005,.203,.095,.206,.02,.055,.015,.008,0,0,0,0,0,0,.0658733,.2527974,.0183453,.1127959,.0134844,.049554,.038,.377,.012,.283,.008,.173,-.1922031,-.1106208,-.0594617,-.363,-.269,-.197,-.11,-.035,.007,0,0,0,-.186924,-.0944506,-.0360697,-.34,-.271,-.165,.0418804,.4076532,.0132123,.1948272,.0122445,.1055161,.025,.353,.003,.211,0,.133,.05,.434,.018,.187,.018,.092,0,0,0,0,0,0,.0309015,.4132957,.0150926,.1926266,.0139872,.0906638,.038,.313,.004,.193,0,.078,-.3657728,-.1816149,-.0932716,-.327,-.208,-.133,-.384,-.169,-.074,0,0,0,-.3823943,-.1775339,-.0766767,-.276,-.188,-.078,.0524154,.3894352,.012146,.186648,.0111782,.0838022,.025,.402,.003,.292,0,.195,.065,.383,.017,.136,.017,.031,0,0,0,0,0,0,.0429358,.3924849,.0138746,.1832832,.0127691,.0658596,.038,.387,.004,.313,0,.169,-.3370198,-.174502,-.072624,-.377,-.289,-.195,-.318,-.12,-.014,0,0,0,-.3495491,-.1694086,-.0530904,-.349,-.308,-.169
2015-02,.1704105,.2432011,.2840955,.0239157,.0948768,.0009809,.0590428,.111,.402,.01,.129,.003,.066,.306,.228,.03,.079,0,.056,.989,0,0,0,0,0,.2595755,.2322763,.0098191,.0902704,.0011172,.0671875,.163,.244,.015,.118,.004,.097,-.0408944,-.070961,-.0580619,-.291,-.119,-.063,.077,-.048,-.056,.989,0,0,.0272993,-.0804513,-.0660703,-.081,-.103,-.092,.2590463,.3467463,.0249885,.1933143,.0020537,.0981857,.125,.379,.01,.106,.003,.065,.322,.332,.032,.235,.002,.114,.989,0,0,0,0,0,.2776225,.3092161,.0110409,.2079699,.002339,.1117696,.184,.232,.015,.106,.004,.095,-.0877,-.1683258,-.096132,-.254,-.096,-.062,-.009,-.203,-.112,.989,0,0,-.0315937,-.1969289,-.1094305,-.048,-.091,-.091,.251863,.3490913,.0249885,.1831437,.0009809,.0929046,.14,.368,.01,.085,.003,.059,.305,.34,.032,.229,0,.109,.989,0,0,0,0,0,.269441,.3157187,.0110409,.2002177,.0011172,.1057546,.206,.232,.015,.091,.004,.087,-.0972283,-.1581552,-.0919237,-.228,-.075,-.056,-.035,-.198,-.109,.989,0,0,-.0462776,-.1891768,-.1046374,-.026,-.076,-.082
2015-03,.1989527,.2872127,.2671322,.2080991,.2059955,.005316,.0772793,.111,.351,.067,.312,0,.101,.37,.227,.275,.156,.008,.066,.989,.011,.989,0,0,0,.3257774,.2014484,.2377209,.1528852,.0060727,.0743593,.155,.175,.099,.128,0,.093,.0200805,.0021036,-.0719633,-.24,-.245,-.101,.143,.119,-.058,.978,.989,0,.124329,.0848358,-.0682866,-.02,-.029,-.093,.2147411,.3309162,.2077096,.2625338,.005316,.1553144,.129,.332,.067,.303,0,.092,.255,.33,.274,.243,.008,.185,.989,.011,.989,0,0,0,.2429899,.2951848,.237276,.2170686,.0060727,.1690682,.181,.181,.099,.137,0,.102,-.1161751,-.0548242,-.1499983,-.203,-.236,-.092,-.075,.031,-.177,.978,.989,0,-.052195,.0202075,-.1629955,0,-.039,-.102,.2719204,.3209943,.1721234,.2475801,.005316,.1295954,.364,.263,.069,.239,0,.023,.228,.348,.221,.252,.008,.18,.752,.011,.752,0,0,0,.2780187,.2838506,.1966244,.1999863,.0060727,.1396883,.406,.079,.102,.044,0,0,-.049074,-.0754567,-.1242794,.101,-.17,-.023,-.12,-.031,-.172,.741,.752,0,-.0058319,-.003362,-.1336156,.326,.058,0
2015-04,.1102025,.2971295,.3092412,.2118174,.1591851,.1311246,.1203878,.077,.466,.035,.248,.033,.227,.402,.235,.296,.117,.178,.07,.751,.011,.751,.011,.751,0,.3389193,.2498869,.2416084,.1060449,.1495666,.0646549,.114,.275,.051,.064,.049,.043,-.0121117,.0526323,.0107368,-.388,-.213,-.193,.168,.18,.108,.74,.74,.751,.0890323,.1355635,.0849117,-.161,-.013,.006,.1146692,.3604014,.0248713,.1861825,.0206635,.1351552,.11,.471,.051,.26,.046,.241,.117,.308,.012,.151,.008,.085,0,.011,0,.011,0,0,.1307968,.2857546,.0283693,.1315537,.0235697,.0733497,.162,.282,.075,.082,.068,.053,-.2457322,-.1613112,-.1144918,-.361,-.209,-.194,-.191,-.138,-.076,-.011,-.011,0,-.1549577,-.1031844,-.04978,-.121,-.006,.016,.2884299,.3350171,.1875662,.171245,.1359355,.1398929,.299,.366,.206,.245,.048,.226,.283,.32,.179,.136,.178,.099,.751,.248,.751,.011,.751,0,.328996,.2841188,.2139464,.1145153,.1550541,.0787537,.44,.238,.303,.059,.071,.031,-.0465872,.0163212,-.0039574,-.068,-.04,-.178,-.037,.043,.079,.503,.74,.751,.0448772,.0994311,.0763004,.202,.243,.04
2015-05,.1849435,.161218,.2049093,.0299277,.1177,.0182584,.0337167,.092,.123,.042,.059,.033,.014,.194,.244,.024,.146,.011,.043,0,.249,0,.011,0,.011,.1834232,.2283885,.0340498,.1336022,.0207732,.0383606,.135,.18,.062,.085,.049,.02,-.0436913,-.0877723,-.0154583,-.031,-.017,.02,-.05,-.122,-.032,-.249,-.011,-.011,-.0449653,-.0995524,-.0175875,-.045,-.023,.029,.1781939,.2465986,.0511352,.169363,.0205589,.0778348,.19,.112,.048,.05,.045,.026,.172,.311,.053,.226,.009,.102,0,.249,0,.011,0,.011,.2027373,.2598952,.0581783,.1758623,.0233905,.0885554,.279,.148,.07,.072,.066,.038,-.0684046,-.1182278,-.057276,.078,-.002,.019,-.138,-.173,-.093,-.249,-.011,-.011,-.0571579,-.117684,-.0651648,.132,-.002,.027,.1554269,.2245018,.0939189,.1785982,.0639084,.0778801,.283,.135,.2,.057,.198,.011,.095,.267,.044,.236,0,.11,0,.011,0,.011,0,.011,.1768344,.234755,.1068548,.1866786,.0727108,.0886068,.415,.181,.293,.084,.291,.017,-.069075,-.0846793,-.0139717,.148,.143,.187,-.172,-.193,-.11,-.011,-.011,-.011,-.0579205,-.0798238,-.015896,.234,.209,.275
2015-06,.2696993,.1989359,.2461706,.0573524,.0798025,.0149271,.0500369,.26,.165,.041,.049,.015,.018,.17,.285,.065,.094,.015,.065,0,0,0,0,0,0,.1547442,.2668635,.0653101,.0866359,.0169982,.0569795,.095,.205,.06,.073,.022,.027,-.0472347,-.0224501,-.0351098,.095,-.009,-.003,-.115,-.029,-.05,0,0,0,-.1121193,-.0213259,-.0399813,-.11,-.013,-.005,.1787581,.3033408,.0411894,.1473634,.0311024,.1194166,.259,.177,.018,.081,.004,.019,.14,.364,.052,.179,.044,.167,0,0,0,0,0,0,.1275277,.3320531,.0469044,.163658,.0354178,.1356895,.094,.207,.026,.103,.006,.027,-.1245827,-.1061741,-.0883142,.082,-.064,-.015,-.223,-.127,-.124,0,0,0,-.2045254,-.1167536,-.1002717,-.112,-.077,-.02,.2255399,.3444778,.0550159,.1286313,.0460077,.0940281,.302,.216,.06,.101,.05,.018,.189,.406,.052,.142,.044,.13,.238,.011,0,.011,0,.011,.1808004,.3788978,.0626493,.1423267,.0523913,.1070745,.157,.265,.089,.132,.074,.027,-.1189378,-.0736154,-.0480204,.086,-.041,.032,-.217,-.089,-.086,.227,-.011,-.011,-.1980975,-.0796774,-.0546833,-.107,-.043,.048
2015-07,.2192511,.138127,.2785059,.0499167,.124004,.043825,.0175575,.069,.3,.013,.08,.013,.049,.171,.268,.068,.145,.059,.002,.238,0,0,0,0,0,.1574383,.2791409,.0568954,.1404315,.0499521,.0200121,.102,.289,.019,.115,.019,.073,-.1403789,-.0740873,.0262675,-.23,-.067,-.036,-.097,-.077,.056,.238,0,0,-.1217026,-.0835361,.0299399,-.187,-.096,-.054,.2569274,.3556429,.0527153,.1912287,.036138,.0768267,.076,.289,.017,.057,.001,.05,.343,.387,.07,.255,.053,.09,.989,0,0,0,0,0,.2873297,.3995392,.0545671,.2167528,.0411904,.0872657,.09,.403,.003,.079,.002,.073,-.0987155,-.1385134,-.0406887,-.213,-.04,-.049,-.044,-.186,-.037,.989,0,0,-.1122094,-.1621857,-.0460753,-.314,-.076,-.071,.1280906,.3338272,.0835478,.2037608,.0306805,.065,.056,.409,.017,.079,.001,.07,.162,.298,.115,.263,.045,.063,.238,.011,.238,.011,0,.011,.1404805,.3457665,.0897103,.2310371,.0349698,.0737856,.061,.465,.003,.112,.002,.102,-.2057365,-.120213,-.0343196,-.353,-.062,-.069,-.136,-.148,-.018,.227,.227,-.011,-.205286,-.1413268,-.0388157,-.404,-.109,-.1
2015-08,.2387002,.1049746,.4284053,.0524207,.1045233,.0012337,.0257338,.145,.581,.044,.23,.003,.066,.086,.356,.056,.044,0,.007,.238,.762,.238,0,0,0,.1112542,.3636375,.0597217,.0771733,.0014056,.0293179,.18,.44,.066,.19,.004,.097,-.3234307,-.0521025,-.0245,-.436,-.186,-.063,-.269,.012,-.006,-.524,.238,0,-.2523833,-.0174516,-.0279123,-.26,-.124,-.093,.0571446,.3935465,.0135664,.2214221,.0002832,.1415016,.132,.531,.024,.248,0,.052,.021,.328,.008,.209,0,.184,0,.011,0,0,0,0,.0567627,.361309,.0154559,.2474417,.0003227,.1609125,.161,.499,.036,.347,0,.076,-.3364019,-.2078557,-.1412184,-.399,-.224,-.052,-.307,-.2,-.184,-.011,0,0,-.3045464,-.2319858,-.1605898,-.337,-.311,-.076,.070957,.531193,.0042928,.2412984,.0016821,.1404737,.126,.627,.008,.349,0,.077,.044,.485,.002,.19,.002,.171,0,.762,0,.011,0,.011,.0724988,.4909661,.0048907,.2429261,.0019164,.1588364,.153,.532,.012,.387,0,.109,-.460236,-.2370056,-.1387916,-.501,-.341,-.077,-.441,-.187,-.168,-.762,-.011,-.011,-.4184673,-.2380354,-.15692,-.379,-.375,-.109
2015-09,.0656565,.1899554,.233988,.0625696,.187011,.0449512,.0562756,.122,.373,.043,.317,.021,.129,.223,.168,.072,.125,.056,.022,.238,0,.238,0,.238,0,.2153808,.1425811,.0712418,.0890931,.0511815,.0229927,.175,.136,.063,.054,.031,.042,-.0440326,-.1244415,-.0113245,-.251,-.275,-.107,.055,-.053,.034,.238,.238,.238,.0727997,-.0178512,.0281888,.04,.009,-.011,.1457501,.3849449,.0226904,.2613843,.0070084,.1305107,.114,.422,.038,.258,.016,.068,.161,.367,.016,.263,.003,.16,0,.011,0,.011,0,0,.1650486,.3132681,.0258354,.2104186,.0079798,.143875,.164,.185,.055,.095,.024,.081,-.2391948,-.2386939,-.1235022,-.308,-.22,-.052,-.206,-.248,-.158,-.011,-.011,0,-.1482196,-.1845832,-.1358952,-.022,-.04,-.057,.1392855,.4191754,.0311705,.3315092,.0002778,.2000719,.095,.504,.021,.457,0,.271,.16,.379,.036,.271,0,.166,0,.011,0,.011,0,.011,.1585908,.3551167,.0354908,.2647056,.0003163,.1975202,.14,.319,.031,.287,0,.278,-.2798898,-.3003388,-.1997941,-.409,-.436,-.271,-.218,-.236,-.166,-.011,-.011,-.011,-.1965259,-.2292149,-.1972039,-.178,-.256,-.278
2015-10,.0954071,.1236882,.2829897,.0284383,.1333448,.0089252,.1207779,.129,.363,.071,.251,.021,.211,.121,.245,.008,.078,.003,.078,0,0,0,0,0,0,.1404852,.2329347,.0323003,.0630243,.0101372,.0487508,.188,.258,.104,.095,.031,.036,-.1593014,-.1049064,-.1118527,-.234,-.18,-.19,-.124,-.069,-.075,0,0,0,-.0924495,-.030724,-.0386136,-.07,.009,-.005,.1391753,.3655158,.0546429,.2180135,.0069815,.1337517,.127,.368,.076,.274,.021,.221,.145,.365,.045,.192,0,.093,0,.011,0,.011,0,.011,.1580755,.3282127,.0620634,.1648286,.0079296,.069124,.185,.271,.111,.134,.031,.056,-.2263405,-.1633706,-.1267702,-.241,-.198,-.2,-.22,-.147,-.092,-.011,-.011,-.011,-.1701372,-.1027652,-.0611943,-.086,-.023,-.026,.1382413,.3849156,.0452763,.3082654,.0027734,.2535884,.153,.473,.043,.367,.004,.355,.131,.343,.046,.28,.002,.206,0,.011,0,.011,0,.011,.1570146,.350247,.0514249,.2673369,.0031501,.2052347,.224,.425,.064,.271,.007,.252,-.2466743,-.2629891,-.250815,-.32,-.324,-.35,-.212,-.234,-.204,-.011,-.011,-.011,-.1932324,-.215912,-.2020846,-.201,-.208,-.246
2015-11,.2532346,.070367,.5351677,.032356,.2257166,.0098306,.0894036,.063,.342,.063,.275,.025,.198,.074,.626,.018,.203,.003,.038,0,1,0,0,0,0,.0759413,.5201237,.0328293,.1700298,.0111499,.0154795,.077,.23,.077,.136,.036,.024,-.4648007,-.1933605,-.079573,-.279,-.212,-.174,-.552,-.185,-.036,-1,0,0,-.4441824,-.1372004,-.0043297,-.154,-.059,.012,.0405247,.5538973,.0096536,.2767603,.0078793,.2295933,.032,.348,.025,.289,.025,.268,.044,.65,.003,.271,0,.211,0,1,0,0,0,0,.044461,.5423066,.0109491,.2279788,.0089367,.1786492,.041,.242,.036,.157,.036,.127,-.5133726,-.2671067,-.221714,-.316,-.264,-.244,-.606,-.268,-.211,-1,0,0,-.4978456,-.2170297,-.1697125,-.202,-.121,-.091,.0644033,.5387601,.0106029,.2702932,.0026645,.2188817,.116,.295,.033,.262,.008,.23,.04,.653,0,.274,0,.214,0,1,0,.011,0,.011,.0436257,.525138,.0120258,.2206437,.003022,.1665001,.051,.165,.049,.118,.012,.07,-.4743568,-.2596903,-.2162172,-.179,-.229,-.221,-.613,-.274,-.214,-1,-.011,-.011,-.4815123,-.208618,-.1634781,-.114,-.069,-.058
2015-12,.344771,.0819579,.4807413,.031228,.3471938,.0094278,.2130213,.093,.446,.024,.29,.024,.239,.077,.497,.035,.374,.003,.201,0,.249,0,.249,0,0,.0928629,.4261299,.0353831,.3082694,.0106822,.1562445,.136,.25,.035,.157,.035,.084,-.3987834,-.3159658,-.2035935,-.352,-.266,-.216,-.421,-.339,-.198,-.249,-.249,0,-.333267,-.2728863,-.1455622,-.114,-.123,-.049,.0650795,.4976526,.0135905,.3462506,.0070208,.2108879,.098,.464,.02,.253,.016,.233,.05,.513,.011,.39,.003,.2,0,.249,0,.249,0,0,.0728474,.4361808,.0153988,.3072548,.0079549,.1538813,.139,.241,.028,.104,.024,.075,-.4325731,-.3326601,-.2038672,-.366,-.233,-.217,-.464,-.379,-.198,-.249,-.249,0,-.3633334,-.291856,-.1459264,-.101,-.075,-.051,.0538665,.442029,.0173489,.3026875,.00792,.2097785,.148,.399,.034,.226,.025,.224,.009,.462,.009,.339,0,.203,0,.01,0,.01,0,.01,.057266,.3978111,.0167808,.2578954,.0089738,.1526243,.201,.245,.039,.064,.036,.061,-.3881625,-.2853386,-.2018586,-.251,-.191,-.199,-.453,-.33,-.203,-.01,-.01,-.01,-.3405451,-.2411145,-.1436506,-.044,-.025,-.025
2016-01,.8636252,.2390086,.2729751,.0352515,.2011779,0,.1352989,.162,.35,.027,.185,0,.051,.275,.237,.039,.209,0,.175,.751,.01,0,.01,0,.01,.2609929,.2600884,.0398723,.1800533,0,.1379907,.198,.373,.04,.138,0,.074,-.0339665,-.1659263,-.1352989,-.187,-.157,-.051,.038,-.17,-.175,.741,-.01,-.01,.0009045,-.140181,-.1379907,-.175,-.098,-.074,.2350102,.2943613,.0363581,.221274,.0017775,.1398617,.144,.321,.029,.17,0,.031,.278,.282,.04,.245,.003,.191,.751,.01,0,.01,0,.01,.2649152,.2845017,.0402239,.2030075,.0020105,.1431516,.206,.332,.038,.118,0,.045,-.0593511,-.1849159,-.1380842,-.177,-.142,-.031,-.004,-.205,-.188,.741,-.01,-.01,-.0195865,-.1627836,-.1411411,-.126,-.08,-.045,.2412103,.24712,.019849,.172978,.0141456,.1318506,.117,.285,.045,.1,.027,.013,.3,.229,.008,.207,.008,.188,.99,.01,0,.01,0,.01,.272828,.2308441,.0224508,.172065,.0159998,.1340903,.17,.279,.065,.112,.039,.019,-.0059097,-.153129,-.117705,-.168,-.056,.014,.07,-.199,-.179,.979,-.01,-.01,.0419839,-.1496142,-.1180905,-.109,-.047,.02
2016-02,.6362563,.3638456,.1519271,.1365547,.1211915,.0053331,.0770927,.41,.2,.061,.144,.014,.055,.342,.13,.172,.11,.001,.088,.99,0,.751,0,0,0,.3389205,.132357,.1515595,.0975973,.0060313,.0716114,.302,.193,.077,.113,.02,.079,.2119185,.0153632,-.0717596,.211,-.083,-.041,.213,.061,-.086,.99,.751,0,.2065635,.0539622,-.0655801,.109,-.036,-.059,.3843513,.2399494,.1538752,.205298,.0039695,.1851704,.399,.165,.038,.11,.013,.087,.378,.275,.208,.25,0,.231,.99,0,.751,0,0,0,.3611029,.2332514,.1740214,.1940632,.0044892,.1713004,.297,.149,.055,.069,.018,.035,.1444018,-.0514229,-.181201,.234,-.072,-.074,.103,-.042,-.231,.99,.751,0,.1278515,-.0200418,-.1668112,.148,-.014,-.017,.1704777,.2261709,.0161749,.1976388,.0100678,.1432546,.221,.178,.028,.145,.014,.047,.147,.249,.01,.222,.008,.188,0,0,0,0,0,0,.1850175,.2084651,.0182926,.1771002,.011386,.1381348,.305,.13,.041,.085,.021,.035,-.0556932,-.1814638,-.1331868,.043,-.116,-.033,-.102,-.212,-.18,0,0,0,-.0234475,-.1588076,-.1267488,.175,-.044,-.014
2016-03,.6808432,.2429714,.1572051,.1008078,.0690793,.0035924,.0569158,.242,.13,.122,.087,.008,.049,.244,.17,.091,.061,.001,.061,.01,0,0,0,0,0,.2712514,.1571278,.1108352,.0625334,.0011382,.0488081,.336,.184,.164,.125,0,.07,.0857662,.0317284,-.0533233,.111,.035,-.04,.074,.03,-.059,.01,0,0,.1141236,.0483018,-.0476699,.152,.039,-.07,.1954844,.2221819,.1350102,.128218,.0282376,.1116794,.242,.139,.127,.057,.012,.018,.174,.261,.139,.161,.036,.155,.01,0,0,0,0,0,.2153498,.2497664,.1484401,.1446801,.031863,.126018,.343,.196,.182,.082,.017,.025,-.0266975,.0067922,-.0834418,.104,.07,-.006,-.087,-.022,-.119,.01,0,0,-.0344166,.00376,-.094155,.148,.1,-.009,.1676097,.4470963,.1159591,.1453113,.0007299,.1320357,.241,.31,.131,.064,.002,.035,.134,.511,.109,.183,0,.177,.01,.99,0,0,0,0,.1838962,.429559,.126943,.1547718,.0008236,.1406842,.341,.144,.188,.055,.003,.016,-.2794866,-.0293522,-.1313058,-.069,.067,-.032,-.377,-.074,-.177,-.98,0,0,-.2456628,-.0278288,-.1398606,.197,.133,-.013
2016-04,.9174125,.2119242,.1616197,.1232629,.0654097,.085014,.0366992,.237,.157,.152,.033,.114,.029,.2,.164,.11,.081,.071,.04,.01,.238,.01,0,0,0,.2351578,.1742767,.1362288,.0696011,.0930573,.0414224,.326,.207,.208,.043,.154,.042,.0503045,.0578532,.0483148,.08,.119,.085,.036,.03,.031,-.228,.01,0,.0608811,.0666277,.051635,.119,.164,.112,.2022663,.2179066,.1326007,.1622484,.0941741,.1124884,.214,.129,.174,.022,.119,.019,.197,.259,.113,.227,.083,.156,.01,0,.01,0,0,0,.2183274,.2411222,.1452089,.1822173,.1029797,.1269655,.282,.167,.247,.029,.173,.028,-.0156404,-.0296477,-.0183143,.084,.152,.1,-.062,-.114,-.073,.01,.01,0,-.0227948,-.0370084,-.0239858,.115,.218,.145,.2695161,.2350202,.1122513,.1805869,.0882364,.1262999,.29,.129,.15,.008,.118,.003,.26,.284,.095,.261,.075,.184,.01,0,.01,0,0,0,.2720163,.2575405,.1222405,.2029159,.0962778,.1416423,.302,.155,.213,.008,.171,0,.0344959,-.0683356,-.0380635,.161,.142,.115,-.024,-.166,-.109,.01,.01,0,.0144758,-.0806754,-.0453645,.147,.205,.171
2016-05,.8415433,.3169912,.1253395,.0988525,.0859043,.0349593,.0452403,.107,.168,.019,.138,0,.02,.415,.105,.136,.062,.051,.057,.762,0,.01,0,.01,0,.356906,.1369397,.1104703,.0923321,.0395446,.0502806,.148,.225,.022,.181,0,.026,.1916517,.0129482,-.0102811,-.062,-.119,-.02,.309,.074,-.006,.762,.01,.01,.2199663,.0181381,-.010736,-.077,-.159,-.025,.267521,.1329761,.0766493,.0781383,.0386002,.0428486,.101,.16,.028,.105,.013,.004,.345,.12,.099,.066,.05,.061,1,0,.01,0,.01,0,.2970838,.1301217,.0814915,.0835475,.0384517,.0475752,.141,.213,.035,.132,.014,.002,.1345449,-.0014891,-.0042484,-.059,-.077,.009,.224,.033,-.011,1,.01,.01,.1669621,-.002056,-.0091235,-.073,-.097,.012,.3304633,.1398728,.149918,.0959485,.0506365,.0576482,.108,.212,.036,.113,.004,.002,.434,.106,.203,.088,.072,.083,1,0,.01,0,.01,0,.3682819,.1504623,.1643704,.1007768,.0520668,.064316,.151,.277,.047,.132,0,0,.1905906,.0539695,-.0070117,-.104,-.077,.001,.327,.115,-.011,1,.01,.01,.2178196,.0635935,-.0122492,-.126,-.085,0
2016-06,.8227816,.4169461,.2806338,.1810378,.1258134,.0584779,.080358,.165,.496,.005,.156,0,.132,.534,.181,.263,.112,.086,.057,.99,0,.752,0,0,0,.4288533,.2358037,.2046729,.1375674,.0662047,.0861059,.145,.389,.006,.207,0,.172,.1363122,.0552244,-.0218801,-.331,-.151,-.132,.353,.151,.029,.99,.752,0,.1930496,.0671055,-.0199013,-.244,-.201,-.172,.2622716,.3134816,.1921193,.1250983,.025032,.0642494,.185,.491,.034,.129,.004,.081,.298,.231,.265,.123,.035,.057,.99,0,.99,0,0,0,.2720177,.2556799,.2157974,.1259128,.0269183,.0727388,.169,.376,.043,.188,0,.118,-.05121,.067021,-.0392174,-.306,-.095,-.077,.067,.142,-.022,.99,.99,0,.0163378,.0898846,-.0458205,-.207,-.145,-.118,.1607253,.3039619,.0829215,.1023646,.0406903,.0611261,.065,.477,.001,.119,0,.054,.205,.224,.121,.094,.06,.064,.248,0,.248,0,.01,0,.1816766,.2566447,.0935924,.1080786,.0460668,.0613912,.094,.34,0,.142,0,.047,-.1432365,-.0194431,-.0204357,-.412,-.119,-.054,-.018,.027,-.005,.248,.248,.01,-.0749681,-.0144862,-.0153244,-.246,-.142,-.047
2016-07,.7494255,.3691929,.27378,.2820445,.1724693,.1670136,.0755427,.174,.468,.021,.359,.005,.099,.461,.183,.404,.085,.243,.065,.752,.01,.752,0,.752,0,.3980041,.2382391,.2992265,.1248719,.1890119,.0807425,.252,.391,.029,.239,.006,.124,.0954129,.1095752,.0914709,-.294,-.338,-.094,.278,.319,.178,.743,.752,.752,.159765,.1743546,.1082694,-.138,-.209,-.118,.1510287,.393946,.0485091,.2469803,.0325481,.0847616,.192,.442,.036,.358,.027,.062,.132,.371,.054,.195,.035,.095,0,.01,0,0,0,0,.1708939,.3713027,.0546938,.2047698,.0366029,.0904819,.279,.341,.052,.219,.039,.068,-.2429173,-.1984711,-.0522136,-.25,-.322,-.034,-.24,-.141,-.061,-.01,0,0,-.2004088,-.150076,-.053879,-.062,-.167,-.029,.2063687,.3535317,.104553,.2343095,.0773763,.0871188,.213,.465,.014,.379,.001,.087,.203,.301,.147,.167,.113,.087,.246,0,.246,0,.246,0,.2336185,.3230425,.1182163,.1893738,.0874131,.0938633,.309,.365,.019,.244,0,.107,-.147163,-.1297565,-.0097425,-.252,-.364,-.086,-.098,-.02,.026,.246,.246,.246,-.089424,-.0711574,-.0064502,-.056,-.225,-.107
2016-08,.8803908,.3261827,.1827896,.2878318,.1323814,.2234724,.0813391,.184,.36,.109,.307,.002,.245,.392,.101,.371,.051,.326,.006,.753,.237,.753,0,.753,0,.3404822,.1402959,.305357,.0832495,.2325223,.0268964,.234,.253,.158,.177,.003,.091,.1433931,.1554503,.1421333,-.175,-.199,-.242,.291,.32,.32,.516,.753,.753,.2001863,.2221075,.2056259,-.019,-.019,-.088,.2041804,.2842759,.0846576,.1125741,.0202983,.0814993,.188,.202,.134,.129,.027,.1,.212,.322,.062,.105,.017,.073,0,.99,0,0,0,0,.2024136,.3077717,.0958061,.118815,.0229713,.0836912,.239,.237,.194,.153,.04,.11,-.0800955,-.0279165,-.061201,-.014,.005,-.073,-.111,-.043,-.056,-.99,0,0,-.1053581,-.0230089,-.0607199,.002,.042,-.071,.326444,.1803218,.0777667,.1585936,.0134074,.1310109,.18,.365,.107,.307,.001,.287,.394,.094,.064,.09,.019,.059,.763,.001,.01,0,.01,0,.3407779,.1279357,.0880077,.1033461,.015173,.0735419,.228,.222,.156,.138,.001,.114,.1461222,-.0808269,-.1176035,-.185,-.2,-.286,.3,-.026,-.039,.762,.01,.01,.2128422,-.0153383,-.058369,.006,.018,-.113
2016-09,1.205076,.2428417,.2605957,.0756565,.0699928,.0509722,.0840986,.317,.287,.151,.213,.109,.211,.209,.248,.041,.004,.024,.025,0,0,0,0,0,0,.2357135,.221129,.068883,.0139299,.0409463,.0298942,.368,.118,.219,.044,.158,.042,-.017754,.0056636,-.0331263,.029,-.062,-.102,-.039,.037,-.001,0,0,0,.0145845,.054953,.011052,.25,.175,.116,.1898442,.1643807,.0546744,.0508463,.03551,.0662227,.28,.101,.121,.048,.107,.048,.148,.194,.024,.052,.002,.075,.01,0,0,0,0,0,.1757329,.1774794,.0451362,.0489856,.0401889,.066388,.314,.111,.175,.035,.155,.035,.0254635,.003828,-.0307127,.179,.072,.059,-.045,-.028,-.072,.01,0,0,-.0017466,-.0038494,-.0261991,.203,.14,.12,.2796815,.2379507,.1858636,.1107506,.0372877,.1253956,.268,.278,.118,.225,.108,.225,.285,.219,.217,.058,.005,.079,.763,0,.763,0,.01,0,.2733595,.1955002,.1895633,.0544975,.0422008,.0710722,.298,.105,.171,.039,.156,.039,.0417308,.075113,-.0881079,-.01,-.107,-.117,.066,.159,-.075,.763,.763,.01,.0778594,.1350659,-.0288714,.193,.132,.117
2016-10,1.406926,.1809717,.220136,.100356,.160195,.0488627,.0650423,.343,.304,.261,.221,.116,.183,.106,.181,.026,.132,.018,.01,.236,0,0,0,0,0,.1801586,.1709917,.0902703,.1162998,.0552868,.0086371,.399,.124,.284,.057,.168,.002,-.0391643,-.059839,-.0161796,.04,.04,-.068,-.076,-.106,.008,.236,0,0,.0091669,-.0260295,.0466497,.275,.227,.165,.1465417,.3313502,.0547783,.0877385,.0010697,.0070312,.274,.148,.102,.05,0,.008,.087,.416,.033,.105,.002,.007,.236,0,0,0,0,0,.141202,.3657527,.0387005,.0992322,.0012103,.0079142,.299,.178,.054,.073,0,.011,-.1848085,-.0329601,-.0059615,.126,.052,-.008,-.329,-.072,-.005,.236,0,0,-.2245507,-.0605318,-.0067039,.12,-.019,-.011,.1521218,.4133874,.0586898,.1446648,.0096023,.0933463,.282,.377,.104,.232,.011,.192,.092,.43,.038,.104,.009,.048,.246,0,.01,0,.01,0,.1432313,.3936605,.0391213,.0987278,.0068598,.0406623,.309,.246,.057,.073,.016,.015,-.2612656,-.085975,-.083744,-.095,-.127,-.181,-.338,-.067,-.039,.246,.01,.01,-.2504292,-.0596065,-.0338025,.062,-.016,.001
2016-11,1.378146,.0999001,.3857829,.0206319,.1655523,.0048549,.1421714,.053,.555,.052,.262,.009,.22,.122,.307,.006,.121,.003,.106,0,0,0,0,0,0,.1130372,.3507425,.023345,.1170387,.0054933,.0954679,.077,.523,.076,.096,.013,.054,-.2858829,-.1449205,-.1373165,-.503,-.21,-.211,-.185,-.115,-.103,0,0,0,-.2377053,-.0936936,-.0899745,-.446,-.021,-.042,.0732344,.3553336,.0204113,.1974203,.0056398,.0455954,.054,.335,.052,.09,.009,.032,.082,.365,.006,.247,.004,.052,0,0,0,0,0,0,.0828649,.3816884,.0230955,.2224996,.0063815,.0515914,.078,.468,.076,.127,.013,.047,-.2820992,-.177009,-.0399556,-.282,-.038,-.024,-.282,-.241,-.048,0,0,0,-.2988235,-.1994042,-.0452099,-.39,-.052,-.034,.0708349,.4562725,.0198841,.3104668,.0025537,.0989637,.053,.509,.051,.282,0,.215,.079,.432,.005,.324,.004,.045,.01,0,.01,0,.01,0,.0798521,.4305016,.022201,.2850127,.0028896,.0465783,.076,.456,.074,.141,0,.047,-.3854375,-.2905827,-.09641,-.456,-.231,-.215,-.353,-.318,-.042,.01,.01,.01,-.3506496,-.2628117,-.0436887,-.38,-.068,-.047
2016-12,1.630144,.1192956,.4339845,.034428,.2276833,.0048362,.1284846,.074,.508,.01,.4,.009,.23,.14,.4,.046,.148,.003,.082,0,.235,0,0,0,0,.1263854,.4001438,.0389363,.1733131,.0054695,.0761879,.073,.447,.014,.301,.013,.052,-.314689,-.1932553,-.1236484,-.435,-.39,-.221,-.26,-.103,-.079,-.235,0,0,-.2737584,-.1343768,-.0707184,-.374,-.287,-.039,.1476223,.4086299,.0346741,.2624548,.0048362,.1588422,.077,.509,.01,.228,.009,.064,.18,.363,.046,.278,.003,.202,.01,0,0,0,0,0,.1584215,.3754834,.0392146,.2817592,.0054695,.1796422,.077,.464,.015,.333,.013,.094,-.2610075,-.2277806,-.154006,-.432,-.218,-.056,-.182,-.232,-.199,.01,0,0,-.2170619,-.2425446,-.1741727,-.387,-.318,-.081,.085976,.3205343,.0318291,.2314889,.0038626,.1560935,.069,.401,.003,.281,.001,.23,.094,.284,.045,.209,.005,.122,.01,0,.01,0,.01,0,.0969065,.275852,.0357092,.1816314,.0040805,.1114265,.099,.306,.002,.144,0,.068,-.2345583,-.1996597,-.1522309,-.332,-.279,-.229,-.19,-.163,-.117,.01,.01,.01,-.1789455,-.1459221,-.107346,-.207,-.142,-.068
2017-01,1.965792,.2187967,.3805533,.1075947,.2104229,.0708489,.0796864,.224,.242,.017,.171,.009,.137,.216,.445,.15,.229,.1,.053,0,.99,0,.234,0,0,.2158576,.4125855,.1216611,.2196988,.0803256,.0743951,.196,.341,.023,.238,.013,.199,-.1617566,-.1028282,-.0088375,-.018,-.154,-.128,-.229,-.079,.046,-.99,-.234,0,-.196728,-.0980377,.0059304,-.145,-.215,-.187,.1585316,.2826912,.0546835,.1496528,.0441757,.1317605,.215,.086,.03,.053,.009,.053,.132,.374,.066,.194,.061,.168,.01,.756,.01,0,0,0,.1435916,.3045534,.0616727,.1537201,.0500846,.1334345,.168,.126,.042,.078,.013,.078,-.1241596,-.0949693,-.0875848,.129,-.024,-.045,-.242,-.128,-.108,-.746,.01,0,-.1609618,-.0920474,-.0833499,.042,-.036,-.065,.2171236,.3298431,.0482126,.14642,.0432456,.1199295,.222,.141,.017,.029,.001,.016,.215,.417,.063,.201,.063,.168,.01,.756,.01,0,.01,0,.2100208,.3498085,.0543361,.1500549,.0487048,.120021,.178,.173,.023,.043,0,.023,-.1127195,-.0982075,-.0766839,.081,-.013,-.015,-.203,-.138,-.105,-.746,.01,.01,-.1397877,-.0957187,-.0713162,.005,-.02,-.023
2017-02,2.149901,.2499483,.3246316,.1207946,.2964133,.0802625,.1412823,.397,.173,.067,.09,.01,.026,.182,.395,.146,.392,.113,.195,0,.99,0,.99,0,.234,.2097309,.3633752,.1363279,.3323312,.0904799,.1568545,.298,.237,.097,.119,.013,.026,-.0746833,-.1756187,-.0610198,.224,-.022,-.016,-.213,-.247,-.082,-.99,-.99,-.234,-.1536443,-.1960033,-.0663745,.061,-.022,-.013,.2525443,.2323024,.0897635,.1124062,.0457198,.1021278,.421,.125,.083,.041,.014,.018,.174,.282,.093,.145,.06,.141,0,.234,0,0,0,0,.2097102,.2618941,.0972548,.1271485,.0514069,.1155221,.321,.18,.104,.06,.019,.026,.0202419,-.0226427,-.056408,.296,.042,-.004,-.108,-.052,-.081,-.234,0,0,-.0521838,-.0298936,-.0641152,.142,.043,-.007,.1805516,.2225414,.1004016,.1360992,.0421854,.0930943,.251,.156,.166,.063,.003,0,.148,.253,.07,.17,.06,.136,0,0,0,0,0,0,.1932675,.2508529,.1092882,.1539488,.047409,.1053038,.338,.225,.225,.092,.003,0,-.0419898,-.0356975,-.0509089,.095,.103,.003,-.105,-.1,-.076,0,0,0,-.0575854,-.0446607,-.0578948,.113,.134,.003
2017-03,1.870699,.2390079,.4687393,.1564182,.2862581,.0720511,.2657051,.384,.188,.278,.097,.059,.038,.172,.599,.1,.374,.078,.371,0,1,0,.99,0,.99,.1900985,.5302048,.1078505,.3237949,.0814992,.3005468,.235,.275,.125,.142,.087,.056,-.2297314,-.1298399,-.193654,.197,.181,.021,-.428,-.274,-.293,-1,-.99,-.99,-.3401063,-.2159444,-.2190476,-.04,-.017,.031,.174171,.3004811,.1447947,.0962269,.0323761,.0224545,.35,.22,.273,.101,.069,.042,.093,.338,.085,.094,.016,.013,0,.243,0,.233,0,0,.1167595,.3329937,.0917503,.1088451,.0326498,.0253989,.185,.294,.106,.149,.084,.061,-.1263101,.0485678,.0099216,.13,.172,.027,-.245,-.009,.002,-.243,-.233,0,-.2162342,-.0170948,.0072508,-.109,-.043,.023,.0771881,.2878715,.0593962,.0681084,.0251755,.0391744,.116,.299,.069,.062,.046,.02,.059,.283,.055,.071,.016,.048,0,.01,0,0,0,0,.0803853,.2931432,.0602604,.0770394,.0245049,.0443113,.141,.306,.073,.091,.051,.029,-.2106835,-.0087122,-.0139989,-.184,.007,.026,-.223,-.016,-.033,-.01,0,0,-.2127579,-.016779,-.0198064,-.165,-.018,.022
2017-04,1.736776,.1686204,.3774311,.0699235,.2889855,.0549459,.2540913,.269,.21,.1,.048,.054,.031,.122,.455,.056,.4,.055,.357,0,1,0,1,0,.99,.1472121,.4276307,.0669972,.3274215,.058266,.2878863,.216,.308,.096,.07,.064,.045,-.2088107,-.2190619,-.1991454,.06,.052,.024,-.333,-.344,-.302,-1,-1,-.99,-.2804185,-.2604243,-.2296203,-.092,.026,.018,.1672582,.2978998,.0698297,.1024071,.0576441,.053553,.111,.233,.066,.061,.027,.032,.193,.328,.072,.121,.072,.064,0,.99,0,.233,0,.233,.1748296,.3374835,.0708788,.1160275,.065311,.0606757,.103,.341,.063,.09,.04,.047,-.1306416,-.0325774,.0040911,-.122,.005,-.004,-.135,-.05,.008,-.99,-.233,-.233,-.1626539,-.0451488,.0046353,-.238,-.027,-.006,.0855972,.3345506,.0289658,.1078092,.0261613,.0244909,.07,.386,.022,.172,.013,.02,.093,.311,.032,.078,.032,.027,0,.767,0,.01,0,0,.092994,.3455976,.0288304,.0969751,.0256529,.0277483,.087,.429,.016,.148,.003,.029,-.2489535,-.0788434,.0016703,-.315,-.15,-.007,-.218,-.046,.006,-.767,-.01,0,-.2526036,-.0681447,-.0020954,-.342,-.133,-.026
2017-05,1.533878,.1593565,.3397628,.0723724,.1398085,.031566,.1200762,.109,.384,.032,.038,.028,.037,.183,.319,.091,.187,.033,.159,0,0,0,0,0,0,.1528743,.3142167,.0737829,.1584502,.0275355,.1360869,.125,.273,.014,.056,.007,.054,-.1804063,-.0674361,-.0885102,-.275,-.006,-.009,-.136,-.096,-.125,0,0,0,-.1613424,-.0846673,-.1085514,-.148,-.042,-.047,.1597746,.3200081,.0718231,.1079575,.0298448,.0502539,.093,.562,.026,.17,.025,.038,.191,.208,.093,.079,.032,.056,.01,0,0,0,0,0,.1533857,.2653298,.0731604,.1223524,.0255848,.0569547,.103,.427,.005,.25,.002,.056,-.1602335,-.0361345,-.0204091,-.469,-.144,-.013,-.017,.014,-.024,.01,0,0,-.1119441,-.049192,-.0313699,-.324,-.244,-.053,.1882015,.3915985,.0668616,.1415939,.0254671,.0742295,.07,.503,.011,.23,.011,.072,.243,.34,.093,.101,.032,.075,.232,.01,0,.01,0,.01,.1938425,.3743697,.0757767,.1604361,.0288628,.084127,.102,.453,.016,.337,.016,.106,-.2033969,-.0747323,-.0487623,-.433,-.219,-.061,-.097,-.008,-.043,.222,-.01,-.01,-.1805273,-.0846593,-.0552642,-.351,-.321,-.09
2017-06,1.44438,.3056102,.2893668,.1056117,.1639502,.0470066,.0314785,.184,.419,.039,.288,.005,.023,.361,.23,.136,.107,.066,.035,1,0,0,0,0,0,.330389,.2483387,.1039638,.1159044,.0532265,.0356437,.269,.287,.057,.135,.007,.033,.0162434,-.0583385,.0155281,-.235,-.248,-.018,.132,.029,.031,1,0,0,.0820503,-.0119406,.0175828,-.018,-.077,-.026,.2886083,.3447492,.1186912,.1460814,.0515418,.0406637,.079,.446,.04,.323,.002,.025,.385,.298,.155,.065,.074,.048,1,0,.01,0,0,0,.3111373,.310128,.118774,.0931358,.0583619,.0460444,.116,.323,.058,.176,.003,.036,-.056141,-.0273902,.0108781,-.367,-.284,-.023,.087,.09,.026,1,.01,0,.0010094,.0256382,.0123175,-.207,-.118,-.034,.2867802,.383665,.1511301,.2097303,.0509456,.0610997,.082,.457,.035,.29,0,.085,.381,.35,.204,.173,.074,.05,.99,0,.232,0,0,0,.3091047,.353847,.1555052,.1683137,.0576867,.0691845,.119,.337,.051,.139,0,.124,-.0968848,-.0586002,-.0101541,-.375,-.254,-.085,.031,.031,.024,.99,.232,0,-.0447423,-.0128085,-.0114977,-.217,-.088,-.124
2017-07,1.463884,.2553079,.2435075,.2141904,.1652524,.0586526,.1002629,.202,.301,.155,.166,.039,.105,.28,.217,.241,.165,.068,.098,.768,0,.768,0,0,0,.2723528,.253054,.2270784,.1770539,.051033,.1090342,.29,.365,.226,.202,.057,.136,.0118004,.048938,-.0416103,-.099,-.011,-.066,.063,.077,-.03,.768,.768,0,.0192989,.0500245,-.0580012,-.075,.024,-.078,.239131,.2603764,.2220215,.1838297,.0634446,.0541931,.17,.269,.159,.14,.04,.08,.271,.256,.251,.204,.074,.042,.758,0,.758,0,0,0,.2549696,.2735935,.235942,.1995269,.0564567,.0583365,.246,.324,.231,.169,.058,.104,-.0212453,.0381919,.0092515,-.1,.019,-.04,.015,.047,.032,.758,.758,0,-.0186239,.0364151,-.0018798,-.078,.062,-.046,.1535507,.3105948,.1198935,.2361061,.0757923,.1267425,.214,.312,.161,.189,.035,.086,.126,.31,.101,.258,.095,.145,0,0,0,0,0,0,.1584433,.3304331,.1203485,.2586959,.0704325,.1404514,.312,.386,.235,.24,.051,.113,-.1570442,-.1162125,-.0509501,-.098,-.028,-.051,-.184,-.157,-.051,0,0,0,-.1719898,-.1383474,-.0700189,-.074,-.005,-.062
2017-08,1.547582,.2067952,.3036555,.1355539,.0960586,.1240911,.0699199,.056,.228,.002,.132,0,.06,.276,.338,.197,.08,.181,.075,.768,0,.768,0,.768,0,.2294453,.3350435,.1529178,.1003825,.1402906,.0790476,.063,.298,.001,.158,0,.087,-.0968602,.0394953,.0541712,-.173,-.13,-.06,-.062,.117,.106,.768,.768,.768,-.1055982,.0525354,.061243,-.235,-.157,-.087,.204804,.2912479,.1362996,.1255341,.1324788,.104822,.063,.185,.015,.083,.004,.037,.27,.34,.192,.145,.192,.136,.758,0,.758,0,.758,0,.225782,.3210163,.1537609,.1337059,.1497733,.118506,.068,.236,.02,.088,.005,.054,-.086444,.0107654,.0276568,-.122,-.069,-.034,-.07,.047,.056,.758,.758,.758,-.0952343,.0200549,.0312673,-.168,-.068,-.049,.0998479,.2931215,.0172349,.1397872,.0158601,.1195335,.07,.196,.002,.117,.001,.075,.114,.338,.024,.15,.023,.14,0,0,0,0,0,0,.1071243,.3188998,.0194849,.1455852,.0179305,.135138,.078,.251,.003,.136,.001,.109,-.1932736,-.1225523,-.1036734,-.127,-.115,-.075,-.224,-.126,-.117,0,0,0,-.2117755,-.1261003,-.1172075,-.174,-.134,-.108
2017-09,1.727092,.2480365,.3204315,.0583325,.1455269,.0131534,.0398061,.19,.44,.041,.077,.001,.048,.275,.265,.066,.177,.019,.036,.01,0,.01,0,.01,0,.2411675,.2817411,.0616323,.1646645,.0145393,.0450508,.133,.372,.042,.112,0,.071,-.072395,-.0871944,-.0266527,-.25,-.036,-.047,.009,-.111,-.017,.01,.01,.01,-.0405736,-.1030322,-.0305115,-.238,-.071,-.071,.238307,.3441286,.0626019,.1411291,.0057172,.0406465,.2,.473,.041,.079,.004,.042,.256,.285,.073,.17,.006,.04,0,0,0,0,0,0,.231455,.3085968,.0649961,.1597237,.0061233,.0460019,.136,.42,.035,.115,.005,.061,-.1058215,-.0785271,-.0349293,-.273,-.038,-.037,-.029,-.097,-.034,0,0,0,-.0771418,-.0947275,-.0398786,-.284,-.079,-.056,.2287865,.3350159,.057421,.1386963,.0002296,.0461031,.184,.455,.038,.056,.001,.047,.25,.28,.066,.177,0,.046,0,0,0,0,0,0,.2206801,.293965,.0591326,.1526518,.0002598,.047859,.112,.394,.031,.083,.001,.069,-.1062294,-.0812752,-.0458735,-.272,-.019,-.046,-.03,-.11,-.046,0,0,0,-.0732849,-.0935192,-.0475991,-.282,-.051,-.067
2017-10,1.654216,.1849686,.119378,.0864672,.075671,.0102199,.039078,.165,.097,.063,.042,.014,.029,.194,.13,.098,.092,.009,.044,.01,0,.01,0,.01,0,.2059522,.11943,.0941225,.069809,.0075582,.0443295,.226,.139,.076,.058,.004,.043,.0655906,.0107962,-.0288581,.067,.021,-.016,.065,.006,-.035,.01,.01,.01,.0865221,.0243135,-.0367713,.087,.018,-.039,.1808032,.1568986,.0905401,.1124673,.0234808,.0355848,.145,.176,.082,.112,.02,.005,.198,.148,.095,.113,.025,.05,0,0,0,0,0,0,.189896,.1620636,.0957261,.1116203,.0226134,.0403998,.151,.255,.092,.161,.013,.007,.0239046,-.0219272,-.012104,-.031,-.03,.015,.05,-.018,-.025,0,0,0,.0278324,-.0158942,-.0177864,-.104,-.069,.005,.1635939,.1781754,.080628,.112307,.018378,.0378221,.157,.234,.064,.12,.017,.003,.167,.152,.088,.109,.019,.054,0,0,0,0,0,0,.1786649,.1862193,.0844728,.1114384,.0168202,.0429398,.202,.34,.066,.172,.009,.005,-.0145815,-.031679,-.0194441,-.077,-.055,.014,.015,-.021,-.035,0,0,0,-.0075545,-.0269656,-.0261197,-.138,-.106,.004
2017-11,1.762106,.1353942,.1480748,.065683,.061802,.0480662,.044953,.094,.123,.016,.033,.014,.027,.155,.16,.089,.075,.064,.054,.242,0,0,0,0,0,.1454426,.1440605,.0704133,.054485,.050436,.0353784,.121,.147,.007,.048,.004,.039,-.0126807,.003881,.0031132,-.029,-.016,-.013,-.005,.013,.01,.242,0,0,.001382,.0159283,.0150576,-.026,-.041,-.035,.1565325,.1803625,.0818666,.0727231,.0577651,.0562722,.115,.086,.012,.018,.012,.004,.176,.224,.114,.098,.079,.081,.231,0,0,0,0,0,.1734361,.20453,.0887654,.0824676,.0614344,.0638124,.153,.126,.001,.026,.001,.005,-.0238299,.0091435,.0014928,.029,-.006,.008,-.049,.016,-.002,.231,0,0,-.0310938,.0062978,-.002378,.026,-.025,-.004,.1111932,.1440555,.0613565,.0748941,.0541753,.0527922,.026,.088,.001,.016,.001,.004,.151,.17,.09,.102,.079,.076,.231,0,0,0,0,0,.1260924,.1551007,.0695779,.0849294,.0614344,.0598661,.038,.095,.001,.023,.001,.005,-.0328623,-.0135376,.001383,-.062,-.015,-.003,-.019,-.013,.003,.231,0,0,-.0290083,-.0153516,.0015683,-.057,-.022,-.004
2017-12,1.735749,.1883554,.2726162,.1052934,.1314997,.0439138,.0546111,.113,.404,.061,.191,0,.111,.224,.211,.126,.104,.065,.028,.242,0,.242,0,0,0,.2077892,.2979553,.1152252,.1409187,.0498126,.0619468,.158,.546,.089,.246,0,.163,-.0842608,-.0262063,-.0106973,-.291,-.13,-.111,.013,.023,.037,.242,.242,0,-.0901661,-.0256935,-.0121342,-.387,-.157,-.163,.1798596,.2021533,.0823403,.0940068,.0439138,.0606437,.202,.278,.009,.046,0,.009,.17,.167,.117,.116,.065,.085,.232,0,.232,0,0,0,.1870755,.2180275,.0934006,.1066343,.0498126,.0687897,.289,.361,.014,.068,0,.014,-.0222936,-.0116665,-.0167299,-.076,-.037,-.009,.003,0,-.02,.232,.232,0,-.0309521,-.0132336,-.0189771,-.073,-.054,-.014,.233099,.2684779,.0823403,.1438823,.0439138,.0620085,.202,.347,.009,.064,0,.008,.248,.232,.117,.181,.065,.087,.232,0,.232,0,0,0,.2474662,.2892113,.0934006,.1549646,.0498126,.0703378,.289,.446,.014,.06,0,.011,-.0353789,-.061542,-.0180947,-.145,-.054,-.008,.016,-.065,-.023,.232,.232,0,-.0417451,-.0615639,-.0205252,-.157,-.046,-.011
2018-01,1.72729,.3538819,.1583949,.1526825,.0810882,.0827164,.0669621,.309,.216,.032,.17,.012,.152,.375,.131,.209,.039,.116,.027,.232,0,.232,0,.232,0,.336927,.1653051,.1736413,.0839298,.0940709,.0678646,.19,.257,.047,.215,.017,.19,.195487,.0715943,.0157543,.093,-.137,-.14,.244,.17,.089,.232,.232,.232,.1716219,.0897114,.0262063,-.068,-.168,-.173,.4212322,.1262434,.0965062,.0370691,.0819862,.0241851,.307,.114,.023,.084,.01,.024,.475,.132,.131,.015,.116,.024,.232,0,.232,0,.232,0,.4117692,.1287047,.1080004,.0338682,.0932405,.027505,.179,.107,.027,.09,.014,.035,.2949888,.0594371,.0578011,.193,-.061,-.014,.343,.116,.092,.232,.232,.232,.2830645,.0741322,.0657355,.072,-.063,-.021,.3950309,.1273366,.1586151,.0514494,.0787253,.0467081,.283,.111,.014,.081,0,.047,.448,.135,.227,.037,.116,.047,.231,0,.231,0,.231,0,.3819712,.1299479,.178635,.0502225,.0895319,.0448303,.144,.104,.013,.086,0,.035,.2676943,.1071657,.0320172,.171,-.068,-.047,.313,.19,.069,.231,.231,.231,.2520233,.1284126,.0447016,.04,-.073,-.035
2018-02,1.804449,.2074296,.2124753,.0943343,.0757718,.0702643,.0127486,.3,.098,.074,.033,.022,.003,.164,.266,.104,.096,.093,.017,0,.768,0,0,0,0,.1968995,.2350316,.1072809,.0795667,.0799075,.0144983,.284,.117,.109,.021,.032,.005,-.0050456,.0185626,.0575157,.202,.042,.019,-.103,.008,.076,-.768,0,0,-.038132,.0277143,.0654092,.166,.088,.027,.1789891,.2645595,.0735165,.1024498,.0381191,.0264449,.272,.153,.087,.062,.016,.034,.135,.317,.067,.122,.048,.023,0,.768,0,0,0,0,.1728741,.2696765,.083606,.1015877,.0433506,.021756,.276,.165,.128,.031,.024,.017,-.0855704,-.0289333,.0116741,.119,.025,-.018,-.182,-.054,.026,-.768,0,0,-.0968024,-.0179817,.0215946,.111,.098,.007,.2523693,.2303793,.1377916,.0748076,.0353988,.0388653,.263,.115,.05,.05,.009,.032,.247,.285,.179,.087,.048,.042,0,.768,0,0,0,0,.2563251,.2308054,.1567024,.0701519,.040257,.035881,.263,.109,.073,.013,.013,.013,.02199,.062984,-.0034665,.148,0,-.023,-.037,.093,.006,-.768,0,0,.0255196,.0865505,.0043761,.154,.06,0
2018-03,1.959143,.1539252,.2407245,.0588529,.0563565,.0221199,.0403433,.305,.396,.12,.083,.035,.032,.083,.168,.03,.044,.016,.044,0,.233,0,0,0,0,.1744925,.1999411,.0667302,.0573469,.0250806,.0391904,.447,.286,.176,.094,.052,.021,-.0867993,.0024964,-.0182234,-.091,.038,.003,-.085,-.014,-.028,-.233,0,0,-.0254486,.0093832,-.0141099,.161,.082,.031,.1268426,.3325578,.0807335,.0764408,.0451624,.0550033,.2,.37,.143,.052,.062,.024,.092,.315,.051,.088,.037,.07,0,.233,0,0,0,0,.1437849,.2907037,.0915395,.0667571,.0512072,.0567668,.293,.251,.21,.053,.091,.013,-.2057152,.0042927,-.0098409,-.17,.092,.038,-.223,-.037,-.032,-.233,0,0,-.1469187,.0247824,-.0055596,.042,.157,.078,.0985059,.1934351,.0458743,.0494794,.0323736,.0345759,.11,.204,.034,.036,.021,.034,.093,.188,.052,.056,.038,.035,0,0,0,0,0,0,.1116554,.194196,.0520145,.0325087,.0367068,.029927,.162,.255,.049,.015,.031,.013,-.0949292,-.0036051,-.0022022,-.093,-.002,-.013,-.096,-.004,.003,0,0,0,-.0825406,.0195058,.0067798,-.093,.035,.018
2018-04,2.005581,.2760182,.3070508,.0827405,.1042345,.0381154,.0342015,.224,.134,.129,.101,.099,.054,.3,.388,.061,.106,.01,.025,.767,0,0,0,0,0,.3101729,.3199821,.0939979,.1184162,.0433012,.0388548,.316,.163,.19,.148,.146,.079,-.0310326,-.021494,.0039139,.091,.028,.045,-.088,-.045,-.015,.767,0,0,-.0098092,-.0244183,.0044464,.153,.042,.067,.2185462,.3116711,.0789817,.1359534,.0498594,.0405328,.198,.215,.155,.07,.126,.02,.228,.357,.044,.167,.015,.05,.767,0,0,0,0,0,.2479196,.3279345,.0897277,.1332546,.0566431,.0248515,.29,.293,.227,.08,.185,.007,-.093125,-.0569716,.0093266,-.016,.085,.105,-.129,-.123,-.035,.767,0,0,-.0800149,-.0435269,.0317916,-.003,.148,.178,.3146266,.2388476,.0372304,.1310122,.0121938,.0479279,.302,.218,.049,.07,.033,.028,.32,.248,.032,.16,.003,.057,.99,0,0,0,0,0,.2922544,.2424994,.0422958,.1249378,.0138529,.0305493,.179,.287,.072,.069,.048,.007,.075779,-.0937818,-.0357341,.084,-.021,.005,.072,-.128,-.055,.99,0,0,.049755,-.082642,-.0166965,-.108,.004,.042
2018-05,2.215988,.1756644,.1813139,.0701631,.1268377,.0530428,.0263448,.276,.121,.124,.051,.081,.051,.129,.209,.045,.162,.04,.015,.233,0,0,0,0,0,.1685791,.2060248,.076293,.1441241,.0602719,.0299353,.279,.178,.168,.076,.118,.076,-.0056495,-.0566746,.026698,.155,.072,.029,-.08,-.117,.026,.233,0,0,-.0374457,-.0678312,.0303366,.101,.092,.043,.0594027,.2107514,.0238549,.1359115,.0116307,.0412389,.129,.111,.112,.046,.083,.029,.027,.257,-.017,.178,-.021,.047,0,0,0,0,0,0,.0660954,.2338753,.0266938,.1488356,.0132159,.0412603,.184,.141,.162,.045,.122,.019,-.1513487,-.1120566,-.0296081,.018,.066,.054,-.23,-.195,-.068,0,0,0,-.1677799,-.1221419,-.0280444,.044,.118,.102,.0834342,.2197256,.0132972,.0634281,-.0066862,.0269828,.187,.134,.054,.035,.025,.006,.035,.26,-.006,.077,-.021,.037,0,.01,0,0,0,0,.0667991,.2303513,.0146972,.0666103,-.0075974,.0306602,.161,.14,.078,.051,.037,.008,-.1362914,-.0501309,-.0336689,.053,.019,.02,-.224,-.082,-.058,-.01,0,0,-.1635522,-.0519131,-.0382576,.021,.026,.029
2018-06,2.217997,.285941,.2770435,.1008928,.1145285,.0428296,.0983304,.245,.143,.162,.054,.044,.003,.305,.34,.072,.143,.042,.143,0,.756,0,0,0,0,.2880617,.3143542,.0863303,.1299525,.0485976,.111573,.213,.21,.124,.08,.065,.005,.0088975,-.0136357,-.0555009,.102,.108,.041,-.035,-.071,-.101,-.756,0,0,-.0262925,-.0436223,-.0629754,.003,.044,.06,.1796851,.32577,.0456598,.1197029,.0132001,.1042587,.098,.171,.049,.062,.041,.022,.218,.398,.044,.147,0,.143,0,1,0,0,0,0,.1942626,.3696429,.0504253,.1358239,.0145997,.1182996,.105,.251,.067,.091,.059,.032,-.1460848,-.0740432,-.0910586,-.073,-.013,.019,-.181,-.103,-.143,-1,0,0,-.1753803,-.0853985,-.1036999,-.146,-.024,.027,.1944386,.334789,.013395,.1344375,.0077655,.0277244,.218,.178,.032,.056,.024,.005,.183,.408,.005,.171,0,.038,0,.767,0,.01,0,0,.2196189,.3763883,.0141934,.1490547,.0088113,.0279701,.316,.261,.043,.081,.036,.007,-.1403504,-.1210425,-.019959,.04,-.023,.02,-.225,-.167,-.038,-.767,-.01,0,-.1567694,-.1348613,-.0191588,.055,-.038,.029
2018-07,2.285166,.3042079,.1902622,.1380253,.045716,.0235852,.0110623,.323,.318,.064,.071,.031,.003,.295,.131,.172,.034,.02,.015,.01,0,0,0,0,0,.2717222,.2002209,.1484793,.0518696,.0267599,.0125514,.174,.468,.061,.104,.045,.005,.1139457,.0923093,.0125229,.005,-.007,.027,.164,.138,.006,.01,0,0,.0715013,.0966097,.0142085,-.294,-.043,.04,.2540898,.2133575,.1208324,.0603951,.0201595,.0226959,.339,.337,.067,.09,.019,.023,.215,.156,.146,.047,.021,.023,0,0,0,0,0,0,.2144891,.2264249,.1286032,.0685245,.0225041,.0257509,.195,.496,.064,.133,.026,.033,.0407323,.0604373,-.0025365,.001,-.023,-.004,.059,.099,-.002,0,0,0,-.0119358,.0600787,-.0032468,-.301,-.069,-.007,.2798465,.2380111,.0976038,.1030812,.0066895,.0349323,.355,.291,.044,.113,.018,.016,.245,.214,.123,.098,.002,.044,.234,0,0,0,0,0,.2440817,.2268522,.1107417,.1169564,.0075899,.0396343,.221,.315,.064,.167,.026,.024,.0418354,-.0054774,-.0282428,.064,-.07,.002,.032,.024,-.042,.234,0,0,.0172295,-.0062147,-.0320444,-.094,-.103,.003
2018-08,2.133884,.3873475,.1711268,.2020068,.0714412,.097154,.0306717,.351,.248,.275,.188,.035,.066,.404,.136,.168,.018,.126,.014,1,0,.01,0,0,0,.3597797,.1890037,.1571104,.0809716,.1020293,.0347786,.208,.344,.109,.276,.019,.097,.2162207,.1305656,.0664822,.104,.087,-.031,.268,.151,.111,1,.01,0,.170776,.0761388,.0672508,-.136,-.167,-.078,.3125422,.1889864,.1101592,.0620418,.0700282,.036242,.107,.208,.073,.114,.024,.066,.408,.18,.127,.038,.091,.022,.99,0,0,0,0,0,.3387694,.2102599,.1163929,.0703136,.0708884,.0410947,.11,.29,.072,.167,0,.097,.1235558,.0481174,.0337862,-.102,-.041,-.043,.228,.089,.069,.99,0,0,.1285095,.0460793,.0297937,-.18,-.095,-.097,.308895,.1934385,.1546599,.1037764,.0569219,.0799807,.145,.221,.1,.161,.011,.093,.385,.181,.18,.077,.078,.074,.99,0,.234,0,0,0,.3346338,.2153082,.167235,.1176363,.0645436,.0906899,.166,.308,.114,.236,.016,.136,.1154564,.0508835,-.0230588,-.075,-.061,-.082,.204,.103,.004,.99,.234,0,.1193256,.0495987,-.0261463,-.141,-.123,-.12
2018-09,1.970357,.3233948,.1396679,.1843126,.0887801,.1517682,.0201718,.389,.171,.277,.077,.239,.026,.293,.125,.142,.094,.111,.018,0,.01,0,0,0,0,.2587553,.1584457,.1339829,.1007163,.1004107,.0228839,.129,.251,.099,.114,.057,.038,.1837269,.0955324,.1315963,.219,.2,.213,.168,.047,.094,-.01,0,0,.1003096,.0332667,.0775268,-.122,-.014,.019,.2581359,.1697165,.1130395,.0681702,.0730902,.0291132,.202,.337,.081,.068,.063,.041,.284,.093,.128,.068,.078,.024,0,.01,0,0,0,0,.2473489,.1288981,.1167636,.0773354,.0744118,.0330273,.111,.234,.072,.1,.057,.061,.0884193,.0448693,.043977,-.135,.013,.022,.191,.06,.054,-.01,0,0,.1184508,.0394281,.0413845,-.123,-.028,-.003,.2411599,.1122127,.104593,.0690234,.0829364,.0628386,.214,.137,.092,.063,.081,.062,.254,.101,.11,.072,.084,.063,0,.01,0,0,0,0,.2310593,.1272993,.1101501,.0783033,.0859609,.071287,.14,.202,.101,.093,.086,.092,.1289472,.0355697,.0200978,.077,.029,.019,.153,.039,.021,-.01,0,0,.10376,.0318468,.0146738,-.061,.008,-.006
2018-10,2.011794,.3161329,.1218531,.1678023,.0775898,.0938985,.0327879,.318,.286,.187,.149,.09,.066,.315,.046,.159,.045,.096,.018,0,0,0,0,0,0,.3118334,.1382766,.1491792,.0880474,.0983983,.0372071,.276,.421,.106,.22,.1,.097,.1942798,.0902125,.0611106,.032,.038,.025,.269,.114,.078,0,0,0,.1735568,.0611319,.0611912,-.145,-.113,.003,.3206451,.2433965,.1434069,.1376902,.0774026,.0481364,.315,.476,.19,.272,.072,.032,.323,.136,.122,.076,.08,.056,0,.235,0,0,0,0,.3169537,.212344,.1214958,.0923906,.0796792,.0546242,.271,.439,.111,.138,.073,.047,.0772486,.0057167,.0292663,-.162,-.082,.04,.187,.046,.024,-.235,0,0,.1046097,.0291053,.0250549,-.169,-.027,.025,.3000692,.1375357,.1214618,.0600704,.06215,.0236822,.295,.283,.167,.094,.063,.032,.302,.071,.101,.045,.062,.02,0,0,0,0,0,0,.2936046,.1560729,.0965929,.0681668,.0623708,.0268741,.242,.417,.076,.138,.06,.047,.1625335,.0613913,.0384678,.012,.073,.031,.232,.056,.042,0,0,0,.1375317,.0284262,.0354967,-.175,-.062,.012
2018-11,1.904901,.4297317,.1488922,.1519454,.0661765,.0383631,.0305943,.194,.195,.114,.153,.078,.04,.538,.127,.169,.026,.02,.026,.99,0,0,0,0,0,.4581003,.1687189,.1629389,.0751626,.0379811,.0347488,.247,.287,.129,.226,.092,.059,.2808395,.085769,.0077688,-.001,-.039,.038,.411,.143,-.006,.99,0,0,.2893815,.0877762,.0032323,-.04,-.097,.032,.2975014,.1261682,.1195722,.0340865,.0620778,.0279528,.163,.1,.088,.058,.053,.053,.359,.138,.134,.023,.066,.017,.765,0,0,0,0,0,.3166598,.1429091,.1301817,.0387151,.0649161,.0317486,.218,.146,.107,.085,.055,.078,.1713333,.0854857,.034125,.063,.031,0,.221,.111,.05,.765,0,0,.1737507,.0914666,.0331675,.071,.022,-.023,.3652416,.117598,.123619,.0396269,.0707778,.0334932,.163,.129,.101,.058,.081,.053,.458,.112,.134,.031,.066,.025,1,0,0,0,0,0,.3806998,.1331751,.1266127,.0450079,.066632,.0380413,.184,.189,.093,.085,.062,.078,.2476436,.0839921,.0372846,.034,.044,.028,.346,.103,.042,1,0,0,.2475246,.0816048,.0285906,-.005,.007,-.016
2018-12,1.830557,.3245999,.1632666,.1140198,.0825242,.0317411,.0441333,.42,.33,.097,.151,.061,.109,.28,.086,.122,.051,.018,.014,0,.01,0,0,0,0,.2739221,.1489059,.1030256,.0932801,.0303592,.0500853,.315,.336,.12,.22,.066,.159,.1613333,.0314956,-.0123921,.09,-.054,-.048,.195,.071,.004,-.01,0,0,.1250162,.0097455,-.0197261,-.02,-.1,-.093,.2915803,.1564374,.1157613,.0540696,.086207,.0156787,.314,.246,.059,.078,.043,.035,.281,.115,.142,.043,.106,.007,0,0,0,0,0,0,.2394753,.14536,.1099715,.0609881,.0921705,.0177932,.172,.23,.064,.112,.04,.051,.1351428,.0616916,.0705282,.068,-.018,.008,.167,.099,.1,0,0,0,.0941152,.0489834,.0743772,-.058,-.048,-.011,.2954552,.2079374,.1210215,.0584628,.0902201,.0156787,.333,.256,.059,.078,.056,.035,.278,.185,.15,.049,.106,.007,0,0,0,0,0,0,.2356381,.2038056,.1027369,.0659737,.0884902,.0177932,.166,.245,.03,.112,.025,.051,.0875177,.0625587,.0745414,.076,-.018,.021,.093,.1,.1,0,0,0,.0318325,.0367633,.070697,-.079,-.082,-.026
2019-01,1.41162,.2235319,.2104584,.1548319,.087501,.0340555,.0017471,.242,.177,.17,.135,.074,.006,.215,.225,.148,.066,.016,0,0,.01,0,.01,0,0,.244634,.2113008,.1668313,.0720515,.0330398,.0016234,.321,.148,.215,.086,.085,.007,.0130735,.0673309,.0323084,.065,.035,.068,-.01,.082,.016,-.01,-.01,0,.0333332,.0947798,.0314164,.173,.129,.078,.2188329,.3797761,.1180866,.1452593,.0415996,.0302509,.176,.177,.066,.135,.031,.004,.238,.471,.142,.15,.047,.042,0,1,0,0,0,0,.2395921,.403053,.133733,.1374628,.0471116,.0339038,.224,.147,.097,.086,.045,.005,-.1609433,-.0271727,.0113487,-.001,-.069,.026,-.233,-.008,.005,-1,0,0,-.1634609,-.0037297,.0132077,.076,.011,.04,.2166893,.1803935,.1267664,.0950559,.0467675,.0321205,.17,.148,.084,.106,.044,.004,.238,.195,.146,.09,.048,.045,0,.01,0,0,0,0,.2371646,.1772522,.1353269,.0806074,.0447282,.0360212,.216,.104,.089,.043,.031,.005,.0362959,.0317105,.014647,.022,-.022,.04,.043,.056,.003,-.01,0,0,.0599124,.0547195,.008707,.111,.046,.026
2019-02,1.380839,.3648182,.1244234,.1248689,.0519692,.072869,.0187176,.188,.073,.116,.033,.052,.033,.445,.148,.129,.061,.082,.012,.754,0,0,0,0,0,.3918035,.120134,.1326274,.0588033,.0737894,.021179,.188,.102,.134,.048,.041,.048,.2403948,.0728996,.0541513,.116,.084,.02,.297,.068,.07,.754,0,0,.2716694,.0738241,.0526103,.086,.086,-.007,.2336479,.1509739,.1087113,.0718828,.0645346,.0336471,.212,.067,.076,.033,.026,.033,.243,.189,.124,.09,.082,.034,0,.236,0,.236,0,0,.2490212,.150176,.1230071,.0813356,.073021,.0380717,.247,.094,.111,.048,.037,.048,.082674,.0368285,.0308875,.145,.043,-.007,.054,.034,.048,-.236,-.236,0,.0988452,.0416715,.0349493,.152,.063,-.01,.3887917,.1083162,.1178359,.0301241,.0760799,.0245291,.199,.052,.091,.003,.045,.003,.475,.134,.13,.042,.09,.034,.99,0,0,0,0,0,.4245667,.1019086,.1250426,.0340854,.0777956,.0277547,.227,.072,.099,.005,.032,.005,.2804756,.0877118,.0515508,.147,.088,.042,.341,.088,.056,.99,0,0,.3226581,.0909571,.0500409,.155,.094,.027
2019-03,1.498996,.3826211,.1646344,.1794503,.0570574,.0402337,.0176955,.419,.163,.112,.016,.09,.003,.366,.166,.21,.076,.018,.024,.763,0,.753,0,0,0,.3398624,.1862778,.2000214,.0645583,.0425029,.0200218,.227,.238,.151,.023,.119,.005,.2179867,.1223929,.0225382,.256,.096,.087,.201,.134,-.007,.763,.753,0,.1535846,.1354631,.0224811,-.011,.128,.114,.4194626,.158884,.0640958,.0262814,.0270953,.0116344,.45,.199,.136,.025,.058,.003,.406,.141,.032,.027,.013,.015,.763,0,0,0,0,0,.3815471,.1797714,.069502,.0297364,.0306573,.0131639,.272,.29,.186,.037,.085,.005,.2605786,.0378144,.0154608,.251,.111,.055,.265,.005,-.002,.763,0,0,.2017757,.0397656,.0174934,-.018,.149,.08,.4124099,.1386004,.2175079,.0319226,.0332633,.0095178,.425,.228,.125,.025,.062,.003,.407,.098,.26,.035,.02,.012,.99,0,.99,0,0,0,.3735673,.1568213,.2430822,.0361193,.0376362,.0107691,.237,.334,.17,.037,.09,.005,.2738095,.1855853,.0237455,.197,.1,.058,.309,.225,.008,.99,.99,0,.216746,.2069629,.0268672,-.097,.133,.085
2019-04,1.542183,.2914785,.1508554,.2190789,.0806018,.1495729,.0113061,.152,.163,.106,.062,.018,.003,.356,.145,.271,.089,.21,.015,1,0,.763,0,.753,0,.3030799,.1530776,.2210416,.0913325,.1694859,.0128113,.111,.166,.044,.091,.026,.005,.1406232,.1384771,.1382668,-.012,.045,.015,.21,.182,.195,1,.763,.753,.1500022,.1297091,.1566745,-.055,-.046,.022,.3117687,.1770001,.2061355,.0954753,.0284982,.0113061,.249,.188,.095,.054,.023,.003,.341,.172,.257,.115,.031,.015,.99,0,.753,0,0,0,.3276798,.1827031,.2079835,.1081862,.0322923,.0128113,.26,.202,.034,.079,.034,.005,.1347685,.1106602,.0171921,.061,.041,.02,.169,.143,.016,.99,.753,0,.1449767,.0997973,.0194809,.057,-.045,.029,.3069741,.1462986,.2423387,.0637691,.1827973,.0113061,.238,.196,.099,.063,.023,.003,.339,.124,.308,.064,.256,.015,.99,0,.99,0,.99,0,.3206384,.1479142,.2473979,.0722588,.2071335,.0128113,.237,.214,.034,.093,.034,.005,.1606756,.1785696,.1714912,.042,.036,.02,.215,.244,.241,.99,.99,.99,.1727243,.1751391,.1943222,.024,-.059,.029
2019-05,1.444385,.1686675,.2443384,.0627405,.1267308,.0459616,.0674417,.188,.212,.047,.128,.017,.06,.16,.259,.07,.126,.059,.071,0,0,0,0,0,0,.1908956,.2494556,.0707834,.1380616,.0517576,.0764732,.276,.277,.068,.165,.024,.089,-.0756709,-.0639903,-.0214801,-.024,-.08,-.043,-.1,-.056,-.012,0,0,0,-.0585599,-.0672782,-.0247156,0,-.097,-.065,.142184,.2044764,.0481032,.1256273,.0388638,.0654599,.127,.193,.036,.113,.016,.045,.149,.21,.054,.132,.049,.075,0,0,0,0,0,0,.1596837,.203395,.0545449,.1368104,.0440682,.074226,.182,.245,.053,.143,.024,.067,-.0622924,-.0775241,-.0265961,-.066,-.077,-.029,-.061,-.078,-.026,0,0,0,-.0437113,-.0822654,-.0301577,-.064,-.09,-.043,.1526311,.1994926,.0489479,.0833561,.0405392,.0292704,.132,.203,.039,.095,.022,.042,.162,.198,.054,.078,.049,.023,0,0,0,0,0,0,.1711709,.2033841,.053603,.0945188,.0440682,.0331901,.187,.284,.049,.141,.024,.062,-.0468615,-.0344082,.0112689,-.071,-.057,-.021,-.036,-.024,.026,0,0,0,-.0322132,-.0409158,.0108781,-.097,-.092,-.038
2019-06,1.406014,.1269934,.2647895,.0615363,.1268423,.0070828,.0633584,.236,.213,.103,.118,.005,.054,.077,.289,.042,.131,.008,.068,0,0,0,0,0,0,.1389745,.2534958,.0696966,.1249961,.0080221,.0717603,.326,.198,.151,.173,.007,.08,-.1377961,-.065306,-.0562756,.023,-.015,-.049,-.212,-.089,-.059,0,0,0,-.1145213,-.0552995,-.0637382,.128,-.022,-.073,.1322072,.2778355,.0425299,.0989504,.0024566,.0498661,.182,.304,.048,.09,.004,.032,.109,.266,.04,.103,.002,.058,0,0,0,0,0,0,.1457197,.268254,.0481698,.0918903,.0027824,.0508084,.25,.314,.07,.108,.005,.023,-.1456284,-.0564205,-.0474094,-.122,-.042,-.028,-.157,-.063,-.056,0,0,0,-.1225343,-.0437205,-.048026,-.065,-.038,-.018,.1368661,.2733517,.0405081,.1012535,.0015668,.0475495,.206,.314,.051,.1,.001,.019,.105,.255,.036,.102,.002,.061,0,0,0,0,0,0,.145326,.2688459,.0458798,.1001691,.0017746,.053855,.263,.353,.075,.147,.001,.028,-.1364856,-.0607454,-.0459827,-.108,-.049,-.018,-.15,-.066,-.059,0,0,0,-.1235199,-.0542893,-.0520804,-.09,-.071,-.027
2019-07,1.433093,.1464007,.2870257,.0686377,.15537,.0402731,.0614403,.176,.359,.106,.05,.041,.033,.133,.254,.052,.204,.04,.075,0,0,0,0,0,0,.1519868,.2522297,.0727625,.1757323,.0455511,.0694925,.201,.229,.135,.073,.061,.048,-.1406249,-.0867323,-.0211672,-.183,.055,.009,-.121,-.152,-.035,0,0,0,-.1002429,-.1029698,-.0239413,-.027,.061,.013,.1482277,.2823511,.0523521,.1668351,.0162998,.0643609,.201,.333,.08,.078,.025,.059,.124,.259,.04,.208,.012,.067,0,0,0,0,0,0,.1597456,.2469425,.0551778,.1886999,.018436,.0727958,.262,.19,.1,.114,.037,.086,-.1341234,-.114483,-.0480611,-.131,.002,-.034,-.135,-.168,-.055,0,0,0,-.0871969,-.1335221,-.0543598,.072,-.014,-.049,.1277151,.2835127,.0483794,.1606594,.0116372,.0647575,.167,.342,.077,.09,.02,.071,.109,.257,.035,.193,.008,.062,0,0,0,0,0,0,.1348875,.2482563,.0490274,.1817149,.0131623,.0732444,.206,.203,.089,.132,.03,.103,-.1557976,-.11228,-.0531203,-.174,-.013,-.05,-.147,-.158,-.054,0,0,0,-.1133687,-.1326876,-.0600821,.002,-.042,-.074
2019-08,1.410244,.164844,.4343824,.0918274,.2553985,.0365485,.1670009,.253,.382,.083,.283,.052,.018,.124,.458,.096,.242,.029,.236,0,.99,0,.752,0,.752,.1775748,.4189668,.0990664,.2163635,.036481,.1890745,.35,.261,.101,.117,.056,.026,-.2695384,-.1635711,-.1304524,-.13,-.201,.034,-.334,-.146,-.206,-.99,-.752,-.752,-.241392,-.1172971,-.1525935,.089,-.016,.03,.1998139,.3746155,.0885245,.126552,.0213991,.0568446,.266,.31,.073,.28,.032,.073,.169,.404,.096,.056,.016,.049,0,1,0,0,0,0,.2125366,.3513381,.0922642,.0704866,.0201645,.0643581,.333,.156,.074,.111,.031,.107,-.1748016,-.0380275,-.0354455,-.044,-.207,-.041,-.235,.04,-.033,-1,0,0,-.1388015,.0217777,-.0441936,.178,-.037,-.077,.1708239,.2945487,.0626902,.1432331,.0197141,.0690088,.211,.37,.045,.277,.027,.073,.152,.26,.071,.082,.016,.067,0,.238,0,0,0,0,.1846132,.2606884,.0621867,.0893725,.016593,.0781302,.273,.243,.03,.107,.016,.107,-.1237248,-.0805429,-.0492947,-.159,-.232,-.046,-.108,-.011,-.051,-.238,0,0,-.0760752,-.0271858,-.0615372,.03,-.077,-.091
2019-09,1.267678,.2253434,.2756261,.0597869,.1323607,.0512705,.0684634,.195,.316,.056,.17,.029,.061,.239,.257,.062,.115,.062,.072,.01,0,0,0,0,0,.2500673,.2764311,.0627643,.1497086,.0531291,.0774564,.265,.316,.062,.249,.022,.09,-.0502827,-.0725738,-.0171929,-.121,-.115,-.033,-.018,-.053,-.01,.01,0,0,-.0263638,-.0869443,-.0243273,-.052,-.187,-.068,.2154263,.1685692,.0615928,.053585,.0464554,.0481049,.173,.244,.074,.073,.029,.058,.235,.134,.056,.045,.055,.044,0,0,0,0,0,0,.2388475,.1641155,.0648073,.0606237,.0476816,.0544237,.233,.247,.088,.107,.022,.084,.0468571,.0080078,-.0016495,-.071,.001,-.029,.101,.011,.011,0,0,0,.0747321,.0041836,-.0067422,-.015,-.019,-.062,.317055,.1917264,.0437933,.0672304,.0331024,.0566458,.163,.268,.045,.086,.011,.055,.388,.157,.043,.058,.043,.058,.763,0,0,0,0,0,.3546538,.1903146,.0495458,.0760614,.0374506,.0640865,.222,.283,.065,.126,.015,.08,.1253286,-.023437,-.0235434,-.105,-.042,-.044,.231,-.015,-.014,.763,0,0,.1643392,-.0265156,-.0266359,-.062,-.061,-.065
2019-10,1.272169,.2535145,.231479,.142011,.1809049,.012596,.0818869,.327,.229,.107,.155,.033,.125,.22,.233,.158,.193,.003,.062,0,0,0,0,0,0,.1995913,.2567736,.1604944,.199617,.0142354,.0925449,.181,.313,.155,.206,.048,.182,.0220355,-.0388939,-.069291,.098,-.048,-.092,-.013,-.035,-.059,0,0,0,-.0571823,-.0391227,-.0783095,-.132,-.051,-.134,.2931174,.1886449,.1468972,.1074338,.0140722,.0457304,.338,.191,.081,.119,.04,.06,.273,.187,.177,.102,.002,.039,0,0,0,0,0,0,.2677838,.2087049,.1660166,.1199605,.0159038,.0516825,.231,.26,.118,.168,.058,.087,.1044725,.0394634,-.0316582,.146,-.038,-.02,.085,.075,-.037,0,0,0,.0590789,.0460561,-.0357787,-.029,-.049,-.029,.2849016,.1614015,.1456946,.1168388,.0125743,.0576799,.309,.161,.087,.118,.038,.057,.274,.162,.172,.116,.001,.058,0,0,0,0,0,0,.2584986,.1779156,.1646574,.1305896,.0142109,.0651872,.189,.215,.127,.166,.056,.083,.1235,.0288558,-.0451056,.148,-.031,-.018,.112,.056,-.057,0,0,0,.080583,.0340679,-.0509763,-.026,-.039,-.027
2019-11,1.340075,.2390175,.2768103,.1288316,.1132444,.0924646,.0949353,.237,.122,.081,.078,.04,.024,.24,.347,.151,.129,.116,.127,0,.237,0,0,0,0,.2374955,.3050318,.1374238,.1249531,.1045132,.1042583,.211,.146,.084,.101,.058,.022,-.0377928,.0155872,-.0024707,.115,.003,.016,-.107,.021,-.011,-.237,0,0,-.0675364,.0124707,.0002549,.065,-.017,.036,.3125144,.246919,.2059987,.1369276,.1383323,.0707952,.232,.124,.079,.094,.052,.021,.349,.303,.264,.156,.178,.094,0,0,0,0,0,0,.3287645,.2563307,.2328413,.1517224,.1563577,.0800202,.238,.148,.115,.125,.076,.03,.0655954,.0690711,.0675371,.108,-.016,.031,.046,.108,.084,0,0,0,.0724338,.0811189,.0763375,.089,-.01,.046,.2768486,.2393103,.1602599,.0901573,.0958308,.0810822,.249,.168,.067,.045,.05,.02,.29,.272,.203,.111,.116,.109,0,0,0,0,0,0,.2881146,.2477306,.1811426,.0988576,.108318,.0916476,.261,.213,.097,.053,.074,.03,.0375383,.0701026,.0147486,.081,.021,.03,.018,.092,.008,0,0,0,.040384,.0822849,.0166704,.048,.044,.044
2019-12,1.539686,.217511,.2023031,.1389488,.0866812,.0488671,.0436847,.28,.361,.223,.117,.082,.055,.189,.13,.1,.073,.034,.038,.01,0,0,0,0,0,.2193102,.1436499,.1320288,.0909593,.0305351,.0463553,.299,.237,.223,.142,.018,.068,.015208,.0522676,.0051824,-.081,.107,.027,.059,.028,-.005,.01,0,0,.0756603,.0410695,-.0158202,.063,.081,-.05,.2162809,.1803708,.1467779,.0762199,.0843727,.0286813,.192,.374,.109,.134,.039,.065,.227,.092,.164,.05,.105,.012,.245,0,0,0,0,0,.2182815,.1188511,.1412433,.0643212,.0954006,.029391,.172,.256,.057,.166,.057,.082,.0359101,.0705581,.0556914,-.182,-.025,-.026,.135,.114,.093,.245,0,0,.0994304,.0769221,.0660096,-.084,-.109,-.025,.1738088,.2241349,.1071796,.103937,.0527932,.0301929,.193,.375,.115,.145,.027,.027,.165,.155,.104,.085,.064,.032,.236,0,0,0,0,0,.1698959,.1713745,.0961072,.0987003,.0596935,.0341393,.172,.271,.064,.195,.04,.039,-.0503261,.0032426,.0226002,-.182,-.03,.001,.01,.018,.033,.236,0,0,-.0014786,-.0025931,.0255542,-.099,-.131,.001
2020-01,1.762848,.259228,.1129188,.0864025,.0687391,.0423614,.032867,.147,.2,.108,.09,.028,.035,.31,.073,.077,.059,.049,.032,.245,0,.01,0,0,0,.2831635,.1137691,.0975485,.0638903,.0478261,.0371068,.192,.292,.157,.131,.04,.051,.1463093,.0176634,.0094944,-.053,.018,-.007,.237,.017,.017,.245,.01,0,.1693943,.0336582,.0107192,-.101,.026,-.01,.2805257,.1445422,.1704995,.0593124,.1058175,.0406217,.118,.25,.084,.106,.011,.091,.354,.097,.21,.038,.149,.018,.235,0,.235,0,0,0,.3072085,.1413147,.1924939,.0532475,.119468,.0321457,.149,.331,.123,.155,.016,.133,.1359835,.1111871,.0651958,-.131,-.022,-.08,.258,.172,.131,.235,.235,0,.1658939,.1392464,.0873223,-.182,-.032,-.117,.2235004,.1223616,.1099942,.0562247,.0466994,.037534,.134,.22,.084,.09,.015,.075,.264,.078,.122,.041,.061,.02,.235,0,.235,0,0,0,.2397853,.1244301,.1241835,.0497615,.0527236,.0286597,.16,.321,.123,.132,.022,.11,.1011389,.0537695,.0091654,-.086,-.006,-.06,.186,.081,.041,.235,.235,0,.1153552,.074422,.0240639,-.162,-.009,-.088
2020-02,1.661041,.2757404,.1691578,.055963,.0366221,.0284244,.0263349,.44,.254,.123,.04,.038,.03,.202,.131,.026,.035,.024,.025,0,0,0,0,0,0,.2274531,.151775,.0574052,.0284403,.032026,.0168497,.295,.262,.156,.059,.056,.044,.1065826,.019341,.0020895,.186,.083,.008,.071,-.009,-.001,0,0,0,.0756781,.0289649,.0151764,.033,.097,.012,.3448325,.1518702,.1542258,.0449793,.0541529,.0233972,.381,.28,.099,.071,.066,.04,.329,.094,.179,.033,.049,.016,0,0,0,0,0,0,.3133827,.1370361,.1681189,.0425958,.0610147,.0263619,.242,.267,.12,.071,.096,.058,.1929622,.1092465,.0307557,.1,.027,.026,.235,.146,.033,0,0,0,.1763466,.1255231,.0346528,-.025,.05,.038,.2906289,.1597426,.08133,.0328999,.0374141,.0177867,.413,.234,.107,.032,.066,.016,.236,.126,.07,.033,.025,.019,0,0,0,0,0,0,.2442281,.1536762,.0829283,.0370687,.0421549,.0200404,.256,.232,.12,.047,.096,.023,.1308863,.04843,.0196275,.179,.075,.05,.109,.037,.006,0,0,0,.0905518,.0458597,.0221145,.023,.073,.073
2020-03,1.152765,.3327098,.3474125,.2143689,.1386528,.036118,.0257029,.413,.269,.281,.211,.029,.006,.297,.383,.184,.106,.039,.035,0,.757,0,0,0,0,.2911697,.3529988,.1577689,.117673,.0350454,.014856,.252,.289,.06,.205,.019,.009,-.0147026,.075716,.0104151,.144,.07,.023,-.086,.078,.005,-.757,0,0,-.0618291,.0400959,.0201893,-.037,-.145,.01,.3354345,.34278,.2126442,.1092353,.0636129,.0154619,.333,.249,.227,.214,.022,.014,.337,.385,.206,.062,.082,.016,0,.757,0,0,0,0,.3023753,.3618946,.163959,.0986296,.0660392,.0174296,.17,.26,.016,.209,.009,.021,-.0073455,.1034089,.0481509,.084,.014,.008,-.049,.144,.066,-.757,0,0,-.0595192,.0653294,.0486096,-.09,-.193,-.012,.3052579,.2942673,.2195251,.1221755,.0507883,.0179609,.398,.277,.27,.213,.031,.022,.263,.302,.197,.081,.06,.016,0,0,0,0,0,0,.2602242,.3068993,.1635814,.1129075,.0485175,.0202466,.231,.3,.044,.207,.009,.033,.0109905,.0973496,.0328274,.121,.057,.009,-.039,.116,.044,0,0,0,-.0466751,.0506739,.0282709,-.069,-.163,-.023
2020-04,.4603325,.3241895,.3403939,.2456442,.2330815,.2063512,.062782,.373,.248,.341,.127,.296,.071,.301,.385,.2,.284,.163,.059,0,.758,0,.758,0,0,.2646131,.354453,.1777707,.2318761,.1427325,.035793,.141,.294,.092,.11,.065,.024,-.0162043,.0125627,.1435692,.124,.214,.225,-.084,-.084,.105,-.758,-.758,0,-.0898399,-.0541054,.1069395,-.152,-.018,.041,.2768489,.2504314,.2408483,.1369008,.184433,.0789644,.346,.373,.278,.232,.262,.196,.244,.192,.223,.091,.147,.023,0,0,0,0,0,0,.2101049,.25087,.1824525,.1367598,.1174958,.0700517,.099,.486,.037,.273,.013,.217,.0264175,.1039476,.1054686,-.027,.046,.067,.052,.132,.124,0,0,0,-.0407651,.0456927,.047444,-.387,-.235,-.204,.2372147,.2572965,.2149012,.1442534,.1950411,.0907134,.35,.392,.325,.25,.298,.2,.183,.193,.162,.093,.146,.038,0,0,0,0,0,0,.1644701,.2587746,.1423733,.1449156,.1195063,.0832696,.107,.515,.068,.3,.026,.222,-.0200818,.0706479,.1043278,-.041,.075,.098,-.01,.069,.107,0,0,0,-.0943045,-.0025423,.0362368,-.409,-.232,-.196
2020-05,.487772,.2580499,.4022344,.1861268,.2910521,.1293184,.1898727,.177,.184,.09,.105,.069,.046,.296,.505,.231,.378,.158,.258,0,.99,0,.759,0,.759,.282841,.4445859,.2000573,.3166148,.1346708,.2001571,.212,.282,.078,.161,.047,.07,-.1441846,-.1049253,-.0605542,-.007,-.015,.023,-.209,-.147,-.1,-.99,-.759,-.759,-.1617449,-.1165574,-.0654862,-.069,-.082,-.023,.2725262,.3383293,.123375,.1996926,.099481,.08407,.168,.333,.066,.229,.013,.144,.322,.341,.151,.186,.14,.056,0,.232,0,0,0,0,.2995032,.3704656,.1278299,.2108944,.1103665,.0967647,.198,.507,.041,.348,.003,.221,-.0658031,-.0763176,.015411,-.165,-.164,-.131,-.019,-.035,.084,-.232,0,0,-.0709624,-.0830645,.0136018,-.309,-.307,-.218,.2720906,.3154588,.1260179,.1985969,.1155845,.0834677,.16,.322,.074,.218,.063,.133,.325,.312,.151,.189,.14,.06,0,.232,0,0,0,0,.2990019,.3441415,.1308719,.2096333,.1188631,.0960715,.186,.49,.054,.331,.038,.203,-.0433682,-.0725791,.0321168,-.162,-.144,-.07,.013,-.039,.08,-.232,0,0,-.0451397,-.0787614,.0227916,-.305,-.277,-.165
2020-06,.7538122,.2853475,.4214109,.179265,.2639847,.1434538,.2057113,.201,.422,.066,.075,.038,.028,.328,.421,.237,.361,.197,.297,0,.991,0,.991,0,.759,.3011688,.3975893,.2010165,.3020451,.1600422,.23537,.199,.317,.081,.11,.04,.041,-.1360634,-.0847197,-.0622575,-.221,-.009,.01,-.092,-.123,-.099,-.991,-.991,-.759,-.0964205,-.1010286,-.0753278,-.118,-.029,-.001,.2372801,.3085565,.1787971,.1941427,.1008656,.1342393,.195,.448,.063,.215,.038,.163,.259,.237,.238,.183,.133,.119,0,.231,0,.231,0,0,.2461711,.2604208,.2004811,.2215185,.1113138,.1529785,.19,.324,.076,.313,.04,.237,-.0712764,-.0153456,-.0333737,-.253,-.153,-.125,.022,.055,.014,-.231,-.231,0,-.0142497,-.0210374,-.0416646,-.134,-.237,-.197,.2460956,.2961828,.1874595,.1740018,.1100847,.1157284,.237,.445,.091,.189,.069,.142,.251,.22,.237,.166,.131,.102,0,.231,0,.231,0,0,.2467052,.2462631,.2008401,.1984738,.1123098,.1317987,.215,.319,.082,.274,.049,.205,-.0500873,.0134577,-.0056437,-.208,-.098,-.073,.031,.07,.029,-.231,-.231,0,.0004421,.0023664,-.0194889,-.104,-.192,-.156
2020-07,.9141502,.3114049,.2080629,.1984466,.1912104,.1644119,.0437246,.261,.368,.074,.329,.027,.004,.338,.126,.263,.12,.235,.064,0,.231,0,.231,0,.231,.3335212,.1496226,.2207386,.1394313,.1870341,.0497409,.356,.221,.088,.198,.039,.006,.103342,.0072362,.1206873,-.107,-.255,.023,.212,.142,.171,-.231,-.231,-.231,.1838986,.0813073,.1372933,.135,-.11,.033,.3455624,.191153,.2458831,.160758,.2186366,.0552368,.214,.361,.066,.325,.029,.111,.414,.104,.339,.076,.316,.027,0,0,0,0,0,0,.3724249,.1234542,.2747484,.097857,.2487199,.0628371,.289,.185,.077,.166,.042,.159,.1544094,.0851251,.1633998,-.147,-.258,-.082,.31,.262,.29,0,0,0,.2489707,.1768914,.1858828,.104,-.09,-.117,.3452811,.1118024,.2194311,.0853994,.1754078,.0437617,.334,.147,.139,.134,.052,.111,.351,.094,.261,.06,.239,.009,0,0,0,0,0,0,.3552224,.1160124,.2277742,.0859765,.199543,.0497831,.398,.185,.118,.166,.075,.159,.2334787,.1340317,.1316461,.187,.005,-.058,.257,.2,.23,0,0,0,.2392099,.1417978,.1497599,.213,-.048,-.084
2020-08,1.144274,.2790714,.1500437,.1882893,.0884529,.150632,.074194,.235,.107,.124,.032,.026,.004,.302,.172,.222,.118,.215,.111,0,.231,0,.231,0,.231,.3172617,.1402298,.2140563,.0875863,.1712456,.0802793,.337,.057,.177,.013,.037,.005,.1290277,.0998364,.076438,.128,.092,.022,.13,.104,.104,-.231,-.231,-.231,.1770319,.1264701,.0909663,.28,.164,.032,.3635255,.1012431,.2710506,.0632913,.2073737,.0446213,.259,.081,.14,.055,.034,.021,.418,.112,.339,.068,.297,.057,0,0,0,0,0,0,.4132732,.0989949,.3081433,.0561971,.2357524,.0438755,.371,.057,.201,.02,.048,.005,.2622825,.2077593,.1627524,.178,.085,.012,.306,.271,.241,0,0,0,.3142783,.2519462,.1918769,.314,.18,.043,.3597054,.0994593,.2549331,.0459836,.1667278,.040416,.373,.083,.209,.032,.068,.021,.353,.108,.279,.053,.218,.05,0,0,0,0,0,0,.3915545,.0929449,.2724443,.0413563,.1721683,.0350268,.47,.059,.235,.02,.034,.005,.2602461,.2089494,.1263118,.29,.177,.047,.245,.226,.167,0,0,0,.2986095,.231088,.1371416,.41,.214,.029
2020-09,1.260268,.2359926,.3187691,.1428619,.1052142,.0875853,.0747479,.265,.189,.168,.026,.103,.026,.221,.385,.13,.146,.08,.1,0,1,0,.23,0,.23,.2633865,.3403952,.1619044,.1105943,.0992598,.076067,.363,.191,.239,.005,.146,.005,-.0827765,.0376477,.0128374,.077,.142,.076,-.164,-.016,-.02,-1,-.23,-.23,-.0770087,.0513101,.0231928,.171,.234,.141,.28618,.2938494,.2208346,.076967,.1618773,.0509262,.315,.163,.165,.044,.082,.044,.271,.361,.249,.094,.203,.055,0,1,0,0,0,0,.302782,.3121538,.2502703,.071847,.1834544,.0423352,.369,.154,.235,.005,.117,.005,-.0076694,.1438676,.1109511,.152,.121,.038,-.09,.155,.148,-1,0,0,-.0093718,.1784233,.1411192,.214,.23,.112,.2875337,.2930831,.1913313,.0740883,.1382679,.0317518,.26,.171,.222,.046,.159,.021,.302,.356,.176,.089,.128,.037,0,1,0,0,0,0,.3043161,.3112854,.1990516,.0685847,.1389153,.0292492,.29,.166,.25,.008,.16,.005,-.0055494,.1172429,.1065161,.089,.176,.138,-.054,.087,.091,-1,0,0,-.0069693,.130467,.1096661,.124,.242,.155
2020-10,1.17355,.1352171,.320304,.0560155,.0959208,.0419383,.0800204,.215,.409,.129,.07,.087,.026,.094,.275,.019,.109,.019,.108,0,.23,0,.23,0,.23,.1344893,.2840619,.059462,.0993853,.0475076,.0820488,.292,.29,.168,.066,.124,.005,-.1850869,-.0399053,-.038082,-.194,.058,.061,-.181,-.09,-.089,-.23,-.23,-.23,-.1495726,-.0399233,-.0345412,.002,.103,.119,.1507141,.1854276,.095729,.0952363,.083957,.0347885,.208,.232,.12,.07,.092,.004,.121,.162,.083,.108,.08,.051,0,.23,0,.23,0,0,.1557286,.2093762,.1084415,.1072079,.0951063,.0394083,.295,.328,.171,.097,.131,.005,-.0347135,.0004927,.0491685,-.024,.05,.088,-.04,-.025,.029,-.23,-.23,0,-.0536476,.0012336,.0556979,-.033,.074,.126,.0887402,.1704729,.0341819,.0965386,.0254004,.0388823,.135,.272,.057,.084,.057,.026,.065,.119,.023,.103,.009,.045,0,.23,0,.23,0,0,.0855248,.1825132,.0387211,.1000851,.0287734,.0354477,.19,.347,.081,.086,.081,.005,-.0817327,-.0623567,-.0134819,-.137,-.028,.03,-.053,-.08,-.036,-.23,-.23,0,-.0969884,-.061364,-.0066743,-.157,-.005,.075
2020-11,1.172357,.1572443,.3399458,.0621435,.2438129,.0358039,.0647804,.26,.393,.13,.325,.105,.036,.105,.313,.028,.203,.001,.079,0,.23,0,.23,0,.23,.1466552,.3063807,.0514945,.1976656,.0365863,.0640492,.307,.266,.17,.17,.134,.017,-.1827015,-.1816693,-.0289764,-.133,-.195,.069,-.208,-.175,-.078,-.23,-.23,-.23,-.1597255,-.1461711,-.027463,.042,0,.117,.1335293,.2735491,.0524991,.1091909,.0325934,.0601048,.157,.211,.07,.133,.057,.014,.122,.305,.044,.097,.02,.083,0,.23,0,.23,0,.23,.1234604,.3087067,.0442118,.1228367,.0368594,.0673261,.175,.297,.098,.187,.081,.017,-.1400198,-.0566918,-.0275114,-.054,-.063,.043,-.184,-.053,-.063,-.23,-.23,-.23,-.1852463,-.0786249,-.0304667,-.122,-.089,.064,.1955848,.329802,.0336597,.1141515,.0144287,.0676779,.174,.317,.026,.179,.02,.047,.207,.336,.037,.081,.012,.078,0,.23,0,.23,0,.23,.1948418,.3601338,.0229066,.1198822,.0163172,.067326,.204,.402,.036,.22,.029,.032,-.1342172,-.0804917,-.0532491,-.143,-.153,-.027,-.13,-.044,-.067,-.23,-.23,-.23,-.165292,-.0969756,-.0510088,-.198,-.184,-.004
2020-12,1.316947,.3007582,.3458465,.1270852,.1841487,.0510193,.1366188,.399,.071,.217,.034,.109,.005,.251,.484,.082,.26,.022,.203,0,.991,0,.23,0,.23,.2947804,.3909741,.1191614,.2081772,.0390099,.1544454,.466,.101,.272,.049,.14,.007,-.0450884,-.0570635,-.0855995,.328,.183,.104,-.233,-.178,-.181,-.991,-.23,-.23,-.0961937,-.0890158,-.1154355,.365,.223,.133,.2535797,.3029582,.1078221,.1856254,.0382559,.0978969,.335,.194,.153,.162,.065,.122,.212,.358,.085,.197,.025,.086,0,.23,0,.23,0,.23,.2414458,.3424895,.1010269,.2098467,.0282231,.110671,.375,.275,.194,.231,.091,.173,-.0493785,-.0778033,-.0596411,.142,-.01,-.057,-.146,-.112,-.061,-.23,-.23,-.23,-.1010437,-.1088197,-.0824478,.099,-.037,-.082,.186623,.2377981,.047465,.1886579,.0225134,.0907236,.252,.203,.088,.187,.021,.11,.153,.256,.027,.19,.023,.081,0,.23,0,.23,0,.23,.1693944,.2688271,.033942,.2132748,.0104265,.1025616,.271,.288,.106,.265,.029,.157,-.0511751,-.1411928,-.0682102,.05,-.099,-.089,-.102,-.163,-.058,-.23,-.23,-.23,-.0994327,-.1793327,-.0921351,-.017,-.159,-.128
2021-01,1.561043,.3651149,.1169154,.1958454,.0917734,.0750807,.0607635,.562,.059,.33,.032,.137,.013,.265,.146,.127,.122,.044,.085,.009,.231,0,.231,0,.231,.3049205,.1324787,.1906986,.1039899,.076576,.0688521,.41,.084,.368,.045,.162,.019,.2481996,.104072,.0143172,.503,.299,.123,.118,.005,-.041,-.221,-.231,-.231,.1724419,.0867087,.0077239,.326,.324,.144,.2973737,.1506978,.1782712,.1235974,.0625847,.0973676,.359,.163,.275,.141,.093,.131,.266,.144,.129,.115,.047,.08,.009,.231,0,.231,0,.231,.3017909,.170758,.1754071,.1400501,.0706175,.1103288,.395,.232,.308,.201,.131,.185,.146676,.0546739,-.0347829,.196,.134,-.038,.122,.014,-.033,-.221,-.231,-.231,.1310329,.0353569,-.0397113,.163,.107,-.055,.2519234,.1836279,.106443,.1527347,.0142022,.1114838,.288,.221,.136,.176,.028,.165,.234,.165,.091,.141,.007,.084,.009,.231,0,.231,0,.231,.2502904,.2015549,.0975962,.1730662,.0157945,.1263241,.294,.289,.124,.25,.038,.235,.0682955,-.0462918,-.0972815,.067,-.04,-.138,.069,-.05,-.077,-.221,-.231,-.231,.0487355,-.07547,-.1105296,.005,-.126,-.197
2021-02,1.80939,.4589729,.0982673,.1872869,.0283615,.0757492,.0118978,.475,.206,.438,.047,.204,.024,.451,.042,.057,.018,.009,.006,.769,0,.009,0,0,0,.4139906,.1115656,.1055826,.0321996,.0579725,.0135079,.299,.295,.246,.068,.203,.035,.3607056,.1589254,.0638513,.269,.39,.18,.408,.039,.004,.769,.009,0,.302425,.0733831,.0444645,.004,.178,.169,.2916416,.1253529,.126083,.0624113,.0795333,.0463808,.279,.261,.221,.141,.206,.12,.298,.055,.077,.022,.014,.008,.009,0,.009,0,0,0,.3030364,.1375648,.1151179,.0708572,.0622687,.0526574,.31,.356,.228,.202,.206,.172,.1662887,.0636717,.0331524,.018,.08,.086,.243,.055,.006,.009,.009,0,.1654717,.0442606,.0096112,-.046,.026,.034,.2764498,.1469235,.1065578,.0991014,.0561166,.090447,.254,.226,.176,.115,.131,.108,.288,.106,.071,.091,.017,.082,.009,.231,.009,.231,0,.231,.2857888,.1620544,.0929503,.1125126,.0393944,.102687,.274,.306,.162,.165,.112,.154,.1295263,.0074564,-.0343304,.028,.06,.023,.182,-.02,-.064,-.222,-.222,-.231,.1237344,-.0195622,-.0632926,-.032,-.002,-.042
2021-03,2.599623,.3604897,.0687239,.2684429,.0225948,.0819442,.0150603,.207,.079,.162,.02,.141,.008,.438,.064,.322,.024,.052,.019,1,0,.769,0,.009,0,.3679447,.0782154,.2797304,.0257154,.0675192,.0171403,.217,.113,.155,.029,.124,.011,.2917658,.2458481,.0668839,.129,.142,.133,.374,.298,.033,1,.769,.009,.2897292,.254015,.0503789,.103,.126,.113,.5325904,.1567796,.256047,.0842125,.1051074,.0432293,.433,.304,.193,.19,.167,.115,.583,.082,.288,.031,.074,.007,1,0,.009,0,.009,0,.4922124,.1649298,.2656225,.091122,.0938815,.0491998,.273,.388,.198,.257,.162,.166,.3758107,.1718345,.0618781,.129,.002,.052,.501,.258,.067,1,.009,.009,.3272826,.1745005,.0446817,-.115,-.058,-.005,.4382299,.2094544,.2270974,.1211868,.076159,.096631,.301,.257,.14,.178,.114,.115,.508,.186,.271,.092,.057,.087,.769,.231,.009,.231,.009,.231,.448195,.2296008,.2326746,.1379241,.0609351,.1099768,.321,.337,.122,.257,.086,.166,.2287755,.1059106,-.0204719,.044,-.038,-.001,.322,.179,-.03,.537,-.222,-.222,.2185942,.0947505,-.0490418,-.016,-.134,-.081
2021-04,3.512424,.4155028,.1562049,.2245709,.0294889,.1427163,.0124788,.321,.054,.049,.047,.032,.009,.467,.212,.32,.02,.203,.014,.991,0,.991,0,.759,0,.4487569,.1773662,.2365854,.0334838,.1579342,.0141693,.438,.076,.069,.067,.045,.013,.2592979,.195082,.1302376,.267,.002,.023,.255,.3,.188,.991,.991,.759,.2713908,.2031016,.1437649,.361,.002,.032,.4987571,.0849274,.3214165,.0436478,.0510889,.0186555,.43,.043,.331,.041,.09,.009,.536,.108,.316,.045,.03,.024,.991,0,.991,0,0,0,.4796394,.0877232,.2782741,.0408515,.0538939,.0211828,.366,.03,.227,.027,.127,.013,.4138298,.2777687,.0324334,.387,.29,.081,.428,.271,.006,.991,.991,0,.3919162,.2374227,.032711,.337,.199,.114,.4262872,.1370612,.2693072,.084818,.0746935,.0600853,.3,.064,.172,.041,.046,.009,.495,.177,.322,.109,.09,.088,.768,.232,.768,.232,.009,.232,.4610023,.1469197,.2873822,.087599,.0806961,.0682251,.408,.06,.244,.027,.065,.013,.2892261,.1844892,.0146082,.236,.131,.037,.318,.213,.003,.537,.537,-.222,.3140826,.1997832,.012471,.348,.216,.052
2021-05,3.913104,.4941404,.1284165,.3221939,.1007143,.2090725,.0108693,.524,.036,.172,.004,.025,.004,.478,.178,.403,.153,.308,.015,.991,0,.991,0,.991,0,.4701068,.1455964,.3468305,.1141881,.2231322,.0123234,.469,.051,.227,.005,.036,.005,.365724,.2214796,.1982032,.488,.168,.022,.3,.25,.293,.991,.991,.991,.3245104,.2326424,.2108088,.418,.221,.03,.6478435,.1491331,.4807095,.0378313,.2914545,.0297428,.631,.053,.414,.026,.298,.026,.657,.201,.517,.044,.288,.032,.991,0,.991,0,.991,0,.6404538,.1604063,.4593908,.0342143,.2448168,.0250437,.62,.045,.343,.006,.179,.005,.4987104,.4428781,.2617117,.578,.388,.272,.456,.472,.256,.991,.991,.991,.4800475,.4251765,.2197731,.576,.338,.174,.5977082,.1498485,.4043537,.0412393,.2545745,.0297428,.604,.053,.235,.026,.145,.026,.594,.202,.496,.05,.314,.032,.768,0,.768,0,.768,0,.588168,.1612174,.44062,.0380782,.2708029,.0250437,.598,.044,.332,.005,.204,.005,.4478597,.3631144,.2248317,.551,.209,.119,.392,.446,.282,.768,.768,.768,.4269506,.4025418,.2457593,.554,.326,.199
2021-06,4.128356,.568004,.2220089,.413955,.0965817,.2704113,.0933104,.518,.188,.385,.013,.093,.004,.594,.24,.429,.14,.364,.14,1,0,.991,0,.991,0,.5425681,.2519614,.3983,.1096121,.306894,.1058994,.365,.269,.289,.019,.132,.005,.3459951,.3173732,.1771009,.329,.372,.089,.355,.289,.223,1,.991,.991,.2906068,.2886879,.2009946,.097,.27,.127,.6028432,.1662371,.5132913,.0934125,.4113228,.0127285,.595,.189,.505,.004,.338,.004,.607,.155,.518,.14,.45,.017,1,0,.991,0,.991,0,.5719109,.1886651,.5022093,.1060153,.3948292,.0144458,.455,.269,.442,.005,.235,.005,.4366061,.4198788,.3985943,.407,.501,.334,.452,.377,.432,1,.991,.991,.3832457,.396194,.3803833,.186,.437,.23,.5223669,.1788092,.4481947,.1052816,.2017795,.0280621,.539,.19,.432,.004,.112,.004,.514,.173,.457,.159,.249,.041,.768,0,.768,0,.009,0,.4710771,.1984228,.4188303,.1194857,.2106737,.0318481,.391,.255,.354,.005,.159,.005,.3435577,.3429132,.1737173,.348,.428,.108,.341,.298,.208,.768,.768,.009,.2726543,.2993445,.1788256,.136,.349,.154
2021-07,4.281687,.4653206,.0582179,.4169929,.0316741,.3183751,.0088832,.452,.093,.415,.047,.323,.004,.472,.04,.418,.024,.316,.012,.991,0,.991,0,.991,0,.4125268,.0647382,.3704462,.0359971,.2903622,.0100956,.236,.128,.215,.067,.201,.005,.4071026,.3853188,.3094919,.359,.368,.319,.432,.394,.304,.991,.991,.991,.3477887,.334449,.2802665,.108,.148,.195,.5044801,.0934051,.4435514,.0543216,.3409581,.0102947,.482,.149,.425,.132,.335,.004,.516,.064,.453,.014,.344,.014,.758,0,.758,0,.758,0,.4524896,.1061536,.396088,.0617357,.311486,.0116998,.263,.214,.213,.189,.201,.005,.411075,.3892298,.3306635,.333,.294,.332,.452,.439,.33,.758,.758,.758,.3463359,.3343523,.2997862,.049,.025,.196,.4931118,.1800071,.4238759,.0628671,.3721667,.0221563,.439,.176,.379,.122,.288,.004,.521,.182,.447,.032,.416,.032,.768,.232,.768,0,.768,0,.4362028,.2045756,.3661385,.0714476,.3330141,.0251804,.241,.253,.187,.175,.15,.005,.3131047,.3610088,.3500103,.263,.257,.285,.34,.415,.384,.536,.768,.768,.2316273,.2946909,.3078337,-.012,.012,.145
2021-08,4.380254,.5527881,.1040675,.4367956,.0330386,.388024,.0197887,.559,.116,.42,.049,.373,.035,.55,.098,.445,.025,.396,.012,.991,0,.991,0,.991,0,.5001565,.1166873,.3862309,.0360857,.3437478,.0224556,.392,.162,.208,.065,.173,.051,.4487207,.403757,.3682353,.443,.371,.337,.452,.42,.384,.991,.991,.991,.3834692,.3501452,.3212922,.23,.143,.122,.4407468,.1496029,.3661842,.0734795,.3125192,.0429811,.601,.205,.471,.1,.405,.1,.36,.122,.313,.06,.266,.014,0,0,0,0,0,0,.3667805,.1683597,.2955023,.0833825,.2518325,.0487737,.429,.29,.242,.145,.196,.145,.2911438,.2927046,.2695381,.396,.371,.305,.238,.253,.252,0,0,0,.1984208,.2121198,.2030588,.139,.097,.051,.5246451,.1734387,.449182,.1116442,.4051964,.0548147,.579,.223,.4,.102,.365,.1,.497,.148,.474,.117,.425,.032,.768,0,.768,0,.768,0,.4682207,.1892181,.3869533,.1266907,.3456464,.0622021,.422,.293,.18,.147,.162,.145,.3512064,.3375378,.3503817,.357,.298,.265,.349,.357,.394,.768,.768,.768,.2790025,.2602626,.2834443,.129,.033,.017
2021-09,4.523148,.4432778,.1803911,.3662246,.0700856,.3349834,.0194784,.519,.115,.447,.076,.402,.036,.405,.213,.325,.067,.301,.011,1,0,.991,0,.991,0,.3789354,.1988484,.2913509,.0797063,.2702267,.0221522,.349,.143,.245,.11,.18,.052,.2628867,.296139,.3155051,.403,.371,.366,.192,.258,.29,1,.991,.991,.180087,.2116446,.2480745,.205,.135,.128,.3689232,.0530044,.2728008,.0246273,.2439651,.0068477,.49,.07,.419,.046,.377,.004,.307,.044,.198,.014,.176,.009,.242,0,0,0,0,0,.2943742,.0602803,.185057,.0280079,.1666685,.0077876,.307,.101,.205,.067,.144,.005,.3159188,.2481735,.2371174,.42,.373,.374,.263,.185,.168,.242,0,0,.2340939,.1570491,.1588808,.206,.138,.139,.4706431,.0586608,.3856584,.0243539,.3642159,.0065742,.49,.07,.419,.046,.362,.004,.461,.053,.369,.013,.365,.008,1,0,.767,0,.767,0,.410057,.0667131,.3134523,.0276969,.2890664,.0074767,.307,.101,.205,.067,.122,.005,.4119823,.3613046,.3576417,.42,.373,.358,.408,.355,.357,1,.767,.767,.3433439,.2857554,.2815898,.206,.138,.117
2021-10,5.065817,.4576446,.2333196,.3572204,.1456859,.223194,.0382333,.63,.042,.441,.024,.413,.004,.371,.33,.315,.207,.127,.055,1,0,1,0,.233,0,.3938755,.2590708,.2810418,.1594043,.1286594,.043483,.503,.038,.235,.012,.194,.006,.224325,.2115345,.1849608,.587,.417,.409,.041,.108,.072,1,1,.233,.1348047,.1216375,.0851765,.465,.223,.188,.4716836,.0805782,.2623412,.0333881,.1910318,.00843,.654,.03,.426,.01,.366,.007,.379,.106,.18,.045,.102,.009,1,0,.242,0,0,0,.4098422,.087227,.1731349,.0379725,.092081,.0095875,.538,.027,.213,.015,.126,.01,.3911054,.2289531,.1826018,.623,.415,.359,.274,.135,.093,1,.242,0,.3226152,.1351624,.0824935,.511,.197,.116,.538198,.0894579,.4279326,.0381827,.3777878,.0081502,.63,.03,.443,.01,.412,.007,.492,.119,.42,.052,.36,.009,1,0,1,0,.767,0,.4854895,.097326,.3614633,.0434255,.3044801,.0092693,.504,.027,.237,.015,.193,.01,.4487401,.3897499,.3696376,.6,.432,.406,.372,.368,.351,1,1,.767,.3881635,.3180377,.2952108,.476,.222,.183
2021-11,5.598206,.4388015,.1514377,.3872928,.1255508,.3214279,.1103811,.551,.052,.493,.008,.356,.005,.381,.203,.333,.186,.304,.165,1,0,1,0,1,0,.3770182,.1722609,.3228125,.1428145,.247891,.125559,.393,.075,.325,.012,.126,.007,.2873638,.2617421,.2110468,.499,.485,.35,.179,.147,.139,1,1,1,.2047573,.179998,.122332,.317,.313,.119,.46191,.0872053,.3711509,.0199595,.2205993,.0110221,.57,.019,.446,.008,.358,.008,.406,.122,.333,.026,.15,.012,.991,0,.991,0,.233,0,.4163333,.0991963,.3130946,.022704,.1418415,.0125377,.469,.028,.29,.012,.163,.012,.3747047,.3511914,.2095772,.551,.438,.35,.284,.307,.137,.991,.991,.233,.317137,.2903906,.1293038,.441,.278,.151,.5360833,.0809064,.4630582,.0288853,.405894,.0110221,.618,.036,.493,.008,.405,.008,.494,.104,.448,.039,.407,.012,1,0,1,0,1,0,.4920623,.0920313,.408996,.0328571,.3439715,.0125377,.506,.052,.325,.012,.197,.012,.4551769,.434173,.3948719,.582,.484,.396,.39,.408,.394,1,1,1,.400031,.3761389,.3314338,.454,.312,.185
2021-12,5.786561,.3259581,.1066783,.1989942,.0231173,.1413267,.009593,.435,.167,.411,.015,.326,.004,.27,.076,.09,.028,.046,.013,.009,0,.009,0,.009,0,.3333028,.1124308,.188662,.0263359,.1229654,.0109286,.49,.225,.455,.021,.331,.005,.2192797,.175877,.1317338,.268,.396,.322,.194,.062,.033,.009,.009,.009,.220872,.1623261,.1120369,.265,.433,.326,.4431212,.0796665,.2554394,.0356691,.1796463,.0106329,.416,.056,.36,.016,.265,.005,.457,.092,.202,.046,.136,.014,.233,.009,.233,0,.233,0,.4754046,.0816581,.2615919,.0406353,.1752461,.0121133,.494,.063,.413,.023,.274,.007,.3634547,.2197703,.1690133,.36,.344,.26,.365,.156,.122,.223,.233,.233,.3937464,.2209566,.1631328,.431,.389,.267,.7095203,.0722486,.5156455,.0264622,.4432881,.0129379,.654,.061,.58,.016,.486,.005,.738,.078,.482,.032,.421,.017,1,0,1,0,1,0,.6892232,.0732074,.4683552,.0301465,.3859236,.0147392,.557,.071,.449,.023,.312,.007,.6372718,.4891833,.4303502,.593,.564,.481,.66,.451,.404,1,1,1,.6160158,.4382088,.3711844,.486,.426,.305
2022-01,5.902221,.3842061,.2137361,.2014221,.0706891,.1353547,.0088007,.43,.153,.245,.136,.206,.015,.361,.245,.179,.037,.099,.006,.009,.758,.009,0,.009,0,.4374803,.2297385,.2293779,.0730923,.1541409,.0100222,.628,.187,.358,.185,.301,.021,.17047,.130733,.126554,.278,.109,.191,.116,.142,.093,-.749,.009,.009,.2077417,.1562856,.1441187,.442,.172,.279,.4334393,.0511097,.2882367,.0338371,.1770491,.0127655,.54,.047,.262,.03,.216,.004,.379,.053,.302,.036,.157,.017,.233,0,.233,0,.233,0,.4927498,.0519487,.3274448,.0385334,.2008253,.0145373,.786,.045,.379,.044,.312,.005,.3823296,.2543996,.1642836,.493,.232,.212,.326,.266,.14,.233,.233,.233,.4408011,.2889114,.186288,.741,.335,.307,.5876505,.0442205,.4704305,.0154382,.3560952,.0073712,.471,.033,.273,.016,.218,.004,.647,.05,.571,.015,.427,.009,.991,0,.991,0,.991,0,.6550242,.0441033,.5215856,.0175809,.3913814,.0083943,.684,.025,.395,.024,.315,.005,.54343,.4549923,.348724,.438,.257,.214,.597,.556,.418,.991,.991,.991,.6109208,.5040047,.3829872,.66,.372,.31
2022-02,6.14342,.3317316,.1184958,.1898948,.0175523,.1214673,.0061168,.468,.052,.245,.004,.144,.004,.261,.153,.161,.025,.11,.007,.233,0,0,0,0,0,.3039127,.1352517,.2166945,.0200342,.1386433,.0069817,.402,.076,.356,.006,.209,.006,.2132358,.1723425,.1153505,.416,.241,.14,.108,.137,.103,.233,0,0,.168661,.1966603,.1316616,.326,.35,.203,.5021163,.1212664,.2320447,.0175523,.122843,.0061168,.644,.014,.421,.004,.224,.004,.428,.177,.134,.025,.07,.007,.991,0,0,0,0,0,.475022,.138414,.2640163,.0200342,.1394253,.0069817,.645,.02,.609,.006,.322,.006,.38085,.2144924,.1167262,.63,.417,.22,.251,.109,.063,.991,0,0,.336608,.243982,.1324436,.625,.603,.317,.5108946,.0647289,.3867886,.0290005,.2697855,.0061168,.612,.049,.354,.004,.159,.004,.459,.073,.404,.042,.327,.007,.991,0,.991,0,.991,0,.4850416,.0738819,.4253213,.0331014,.292614,.0069817,.597,.071,.512,.006,.231,.006,.4461657,.357788,.2636687,.563,.35,.155,.386,.362,.32,.991,.991,.991,.4111598,.3922199,.2856323,.526,.506,.226
2022-03,6.477736,.425203,.2321551,.2250554,.0786653,.1440915,.0165286,.499,.245,.347,.05,.14,.035,.387,.226,.162,.094,.146,.007,.758,0,0,0,0,0,.362607,.2505809,.183495,.0898627,.1645483,.0188813,.284,.358,.231,.073,.205,.051,.1930479,.1463902,.127563,.254,.298,.106,.161,.069,.139,.758,0,0,.1120261,.0936322,.145667,-.074,.158,.154,.4748238,.1760983,.3648725,.0820862,.1539423,.0061453,.59,.093,.435,.014,.23,.004,.416,.219,.329,.117,.115,.007,.758,.009,.758,0,0,0,.4042793,.2011648,.3237114,.0937706,.1758013,.0070201,.416,.136,.358,.021,.336,.006,.2987254,.2827863,.147797,.497,.42,.226,.197,.212,.108,.748,.758,0,.2031146,.2299408,.1687812,.28,.338,.33,.5154285,.2737619,.3921329,.0498755,.3032193,.0175442,.595,.131,.431,.044,.21,.004,.474,.347,.372,.053,.351,.024,.991,.009,.991,0,.991,0,.450664,.3127301,.3548523,.056975,.3317069,.0200415,.423,.192,.353,.065,.307,.006,.2416666,.3422574,.2856751,.464,.387,.206,.127,.319,.327,.981,.991,.991,.1379339,.2978773,.3116654,.231,.288,.301
2022-04,6.265895,.3617213,.1691032,.3330451,.0799987,.1534677,.0081995,.388,.251,.364,.147,.262,.009,.348,.127,.317,.045,.097,.008,.767,0,.758,0,0,0,.3234162,.1934196,.29055,.0916878,.104275,.0093976,.247,.369,.211,.217,.116,.014,.1926181,.2530463,.1452682,.137,.217,.253,.221,.272,.09,.767,.758,0,.1299966,.1988622,.0948774,-.123,-.006,.103,.4238914,.1359119,.3460994,.0494616,.282878,.005965,.389,.146,.34,.027,.264,.004,.442,.131,.349,.061,.293,.007,.758,0,.758,0,.758,0,.3794526,.1557709,.3051195,.0566887,.248,.0068366,.247,.215,.175,.039,.12,.006,.2879795,.2966378,.276913,.244,.314,.26,.311,.288,.285,.758,.758,.758,.2236818,.2484308,.2411634,.032,.135,.114,.4089194,.2427745,.3782514,.1302227,.2856524,.0214571,.388,.134,.356,.011,.286,.004,.42,.299,.39,.192,.286,.031,.758,.009,.758,.009,.758,0,.3685607,.2782478,.3334116,.1492503,.2363544,.0245923,.269,.199,.222,.017,.152,.006,.1661448,.2480287,.2641953,.254,.345,.282,.121,.198,.255,.748,.748,.758,.0903129,.1841613,.211762,.071,.205,.147
2022-05,6.362259,.4079208,.1487572,.2313569,.1269501,.2089947,.074834,.252,.177,.15,.153,.126,.145,.488,.134,.273,.114,.252,.039,1,0,.767,0,.758,0,.4230007,.1702714,.2400278,.1453104,.2144313,.0856569,.282,.26,.148,.224,.112,.213,.2591636,.1044068,.1341607,.075,-.003,-.019,.354,.16,.213,1,.767,.758,.2527293,.0947174,.1287744,.022,-.076,-.1,.4948299,.0955464,.2990327,.0741225,.2640329,.0422233,.48,.143,.316,.118,.299,.024,.502,.071,.29,.052,.246,.052,1,0,.758,0,.758,0,.4643731,.1093649,.241054,.0848426,.2160131,.0483299,.398,.21,.159,.173,.135,.035,.3992835,.2249102,.2218095,.337,.198,.275,.431,.239,.194,1,.758,.758,.3550081,.1562114,.1676831,.188,-.013,.1,.5081861,.0859403,.2995704,.0802533,.2671903,.0483541,.504,.115,.318,.103,.309,.009,.51,.071,.29,.069,.246,.069,.991,0,.758,0,.758,0,.4763505,.0983695,.2416694,.09186,.2196272,.0553474,.421,.169,.162,.151,.15,.013,.4222458,.2193171,.2188362,.389,.215,.3,.439,.222,.177,.991,.758,.758,.377981,.1498094,.1642798,.252,.011,.136
2022-06,6.754231,.5920581,.1348782,.3411018,.0781156,.2077555,.0693345,.579,.187,.184,.132,.124,.119,.599,.108,.422,.05,.251,.044,1,0,1,0,.767,0,.5401117,.1547173,.3537794,.089638,.2203598,.0795616,.405,.278,.207,.196,.134,.177,.4571799,.2629862,.138421,.391,.051,.005,.491,.371,.207,1,1,.767,.3853944,.2641414,.1407981,.127,.011,-.043,.6549785,.0862539,.4407915,.0391604,.279936,.0339447,.676,.037,.419,.031,.313,.017,.644,.112,.452,.043,.263,.043,1,0,1,0,.757,0,.6156151,.0989768,.4032345,.0449368,.219467,.0389517,.562,.054,.309,.047,.155,.025,.5687246,.4016311,.2459912,.639,.388,.296,.533,.409,.22,1,1,.757,.5166383,.3582977,.1805153,.508,.262,.129,.6662266,.0906566,.4680212,.0301004,.291879,.0293291,.719,.04,.445,.005,.315,.003,.639,.117,.48,.043,.28,.043,1,0,.991,0,.757,0,.6189616,.1040289,.4311786,.0345404,.2331718,.0336553,.591,.059,.334,.007,.157,.005,.57557,.4379207,.2625499,.68,.44,.312,.522,.437,.237,1,.991,.757,.5149328,.3966382,.1995165,.532,.327,.152
2022-07,6.323362,.371759,.1314302,.3133679,.0520599,.2331045,.037031,.36,.199,.318,.06,.088,.038,.378,.097,.311,.048,.308,.037,.991,0,.991,0,.991,0,.3297634,.149241,.268884,.0598808,.2447129,.0425942,.221,.29,.183,.089,.1,.057,.2403288,.261308,.1960735,.161,.259,.05,.281,.263,.271,.991,.991,.991,.1805224,.2090032,.2021188,-.069,.094,.043,.4123986,.1394999,.3222412,.0330422,.2115019,.0292685,.576,.08,.409,.018,.176,.018,.328,.17,.278,.041,.23,.035,.233,0,.233,0,.233,0,.3676874,.1585232,.2735835,.0380061,.2143582,.0336655,.511,.113,.298,.027,.211,.027,.2728987,.289199,.1822334,.495,.391,.159,.158,.237,.194,.233,.233,.233,.2091642,.2355773,.1806927,.398,.272,.184,.4031439,.1273453,.3173218,.0361601,.2849953,.0236816,.582,.055,.44,.014,.369,.001,.311,.165,.254,.047,.242,.035,.233,0,.233,0,.233,0,.3570423,.1445425,.2583272,.0415925,.2274281,.0272393,.521,.074,.307,.021,.226,.002,.2757986,.2811617,.2613137,.527,.425,.368,.146,.207,.206,.233,.233,.233,.2124998,.2167348,.2001888,.446,.286,.224
2022-08,6.226273,.2379066,.1154951,.1395878,.0518851,.1117713,.0142231,.281,.212,.148,.061,.106,.02,.216,.067,.135,.047,.115,.011,.233,0,.233,0,.233,0,.2347277,.1000007,.1308664,.0594195,.1052449,.0162884,.329,.19,.166,.091,.128,.029,.1224114,.0877027,.0975482,.069,.087,.086,.15,.088,.103,.233,.233,.233,.1347271,.0714469,.0889564,.139,.075,.099,.3188177,.103771,.2594686,.0560319,.1870732,.0055703,.428,.177,.397,.059,.234,.017,.264,.067,.19,.054,.163,0,0,0,0,0,0,0,.326597,.0865741,.2586296,.0641684,.185243,.0063792,.544,.139,.499,.088,.294,.025,.2150467,.2034367,.1815028,.251,.338,.217,.197,.135,.163,0,0,0,.240023,.1944613,.1788638,.406,.411,.269,.3485469,.0993461,.2819382,.050869,.2125675,.0043449,.435,.164,.393,.044,.249,.013,.305,.067,.226,.054,.194,0,.233,0,.233,0,.233,0,.3606432,.0815066,.2843621,.0582558,.2049179,.0049759,.554,.119,.492,.065,.279,.019,.2492008,.2310692,.2082225,.27,.349,.236,.239,.171,.194,.233,.233,.233,.2791366,.2261063,.199942,.435,.428,.26
2022-09,6.251118,.5129601,.1796307,.1619086,.0728295,.0941189,.0370147,.35,.336,.172,.136,.076,.06,.595,.101,.157,.041,.103,.026,1,0,.233,0,.233,0,.5763368,.1076088,.1805907,.0538528,.1031785,.0422688,.498,.118,.237,.087,.095,.088,.3333293,.0890791,.0571042,.014,.036,.016,.494,.116,.078,1,.233,.233,.468728,.1267378,.0609096,.379,.149,.007,.4138922,.1634936,.1338592,.0785677,.0846254,.0549169,.316,.335,.169,.153,.158,.057,.463,.077,.116,.041,.048,.054,.767,0,0,0,0,0,.4624023,.0899853,.1477555,.0604056,.0915331,.0627121,.444,.12,.229,.112,.212,.083,.2503986,.0552914,.0297085,-.019,.017,.101,.386,.075,-.006,.767,0,0,.372417,.0873499,.0288209,.324,.118,.129,.4951351,.137383,.2548749,.0518362,.20777,.0505423,.37,.257,.227,.073,.204,.044,.558,.077,.269,.041,.21,.054,.991,0,.233,0,.233,0,.5357941,.0890744,.2665657,.0587857,.2127744,.0577166,.506,.116,.296,.105,.263,.064,.3577522,.2030388,.1572277,.113,.154,.16,.481,.228,.156,.991,.233,.233,.4467196,.20778,.1550578,.39,.191,.199
2022-10,6.06942,.2312538,.1987409,.1746701,.1233125,.0651517,.0256035,.212,.361,.158,.244,.044,.047,.241,.118,.183,.063,.076,.015,0,0,0,0,0,0,.2594016,.1354948,.1949241,.0728224,.0700183,.0288184,.294,.233,.216,.096,.048,.067,.0325129,.0513576,.0395482,-.149,-.086,-.003,.123,.12,.061,0,0,0,.1239069,.1221017,.0411999,.06,.12,-.019,.2233582,.1982765,.189049,.0354533,.0908758,.0211244,.194,.227,.174,.069,.095,.064,.238,.184,.197,.019,.089,0,0,0,0,0,0,0,.249582,.2111075,.2105085,.040052,.0985419,.0237099,.264,.332,.236,.1,.119,.092,.0250818,.1535957,.0697514,-.034,.105,.031,.054,.178,.089,0,0,0,.0384745,.1704565,.074832,-.068,.136,.027,.3528846,.2163511,.2808849,.03458,.2000012,.0197113,.277,.248,.256,.066,.184,.059,.391,.201,.294,.019,.208,0,0,.009,0,0,0,0,.3782406,.2463661,.2961811,.039056,.2039332,.0220983,.369,.362,.338,.096,.233,.085,.1365335,.2463049,.1802899,.029,.189,.125,.19,.275,.208,-.009,0,0,.1318745,.257125,.1818349,.007,.242,.148
2022-11,5.687509,.2260516,.4274474,.1679105,.1645278,.1306103,.1173915,.161,.485,.108,.321,.058,.24,.258,.399,.198,.086,.167,.056,0,.757,0,0,0,0,.2434398,.3914957,.1873834,.0966747,.144847,.0662514,.181,.417,.142,.176,.068,.09,-.2013958,.0033827,.0132188,-.323,-.213,-.182,-.141,.111,.111,-.757,0,0,-.1480559,.0907087,.0785957,-.237,-.035,-.022,.2353922,.3226267,.1699264,.1567006,.1498134,.0123349,.235,.28,.12,.172,.118,.014,.235,.344,.195,.149,.166,.011,0,.757,0,0,0,0,.2454242,.3478567,.1931317,.1637903,.170221,.0136616,.256,.411,.173,.252,.17,.019,-.0872345,.0132258,.1374786,-.045,-.052,.104,-.108,.046,.154,-.757,0,0,-.1024325,.0293414,.1565594,-.155,-.078,.151,.2537937,.1807926,.1870776,.146489,.1402705,.0221785,.218,.25,.135,.191,.135,.044,.271,.146,.213,.124,.143,.011,0,.009,0,.009,0,0,.2664364,.2006188,.2040349,.166849,.1506427,.0249018,.231,.366,.162,.279,.162,.063,.0730011,.0405887,.118092,-.031,-.055,.091,.125,.089,.131,-.009,-.009,0,.0658176,.0371859,.1257409,-.135,-.117,.099
2022-12,5.231281,.20952,.3558326,.1499572,.2022407,.1035223,.1772915,.125,.64,.085,.44,.036,.389,.251,.217,.182,.086,.136,.074,.009,0,0,0,0,0,.2287399,.283916,.1607263,.1388468,.1138825,.1103577,.143,.525,.085,.349,.037,.273,-.1463126,-.0522835,-.0737691,-.515,-.355,-.352,.034,.096,.062,.009,0,0,-.0551761,.0218795,.0035248,-.382,-.264,-.236,.197931,.2910701,.1396994,.0828235,.1016342,.0573339,.157,.565,.113,.231,.05,.154,.218,.157,.153,.01,.127,.01,.009,0,0,0,0,0,.2146581,.2341873,.1481645,.0942016,.1151501,.0650956,.187,.448,.123,.341,.07,.226,-.0931391,.0568759,.0443004,-.408,-.118,-.104,.061,.142,.117,.009,0,0,-.0195293,.0539629,.0500545,-.262,-.218,-.155,.3602349,.2146711,.1495969,.0646937,.1123568,.0504122,.178,.355,.132,.197,.071,.154,.449,.146,.158,0,.133,0,.991,0,0,0,0,0,.3921378,.2144414,.1516144,.0734997,.119542,.0571919,.187,.404,.119,.29,.07,.226,.1455638,.0849032,.0619446,-.177,-.065,-.083,.303,.158,.133,.991,0,0,.1776963,.0781147,.0623502,-.216,-.171,-.156
2023-01,5.220219,.1884478,.1719597,.1416275,.1258356,.0798715,.0924473,.101,.376,.069,.357,.05,.26,.231,.074,.177,.014,.094,.012,0,.001,0,0,0,0,.1987719,.1189362,.1509708,.0672412,.0806336,.0292136,.107,.247,.06,.223,.032,.079,.0164881,.0157919,-.0125759,-.275,-.289,-.21,.157,.162,.082,-.001,0,0,.0798357,.0837296,.0514201,-.139,-.163,-.047,.1897276,.1307161,.1224617,.0393266,.0716604,.0235729,.111,.153,.087,.096,.062,.051,.228,.12,.14,.012,.076,.01,0,.234,0,0,0,0,.1848562,.1398546,.1291419,.0444235,.0712816,.0264809,.121,.189,.086,.139,.05,.074,.0590114,.0831351,.0480874,-.042,-.009,.011,.108,.128,.066,-.234,0,0,.0450016,.0847184,.0448007,-.067,-.053,-.023,.3361275,.060614,.1220051,.0240739,.0720788,.016591,.276,.102,.07,.07,.046,.051,.365,.041,.147,.002,.085,0,0,0,0,0,0,0,.29066,.0678307,.1347378,.0270514,.0778742,.0185288,.123,.144,.086,.102,.05,.074,.2755134,.0979312,.0554878,.175,0,-.005,.324,.145,.085,0,0,0,.2228294,.1076864,.0593454,-.022,-.016,-.023
2023-02,4.940981,.2888208,.079059,.0903809,.0327514,.0617389,.0109237,.33,.144,.073,.053,.045,.028,.268,.047,.099,.023,.07,.003,0,0,0,0,0,0,.3183455,.0888441,.0964369,.0363471,.0639339,.0123963,.443,.206,.082,.074,.042,.041,.2097618,.0576295,.0508151,.186,.02,.017,.221,.076,.067,0,0,0,.2295014,.0600899,.0515376,.238,.008,.001,.2156574,.2296128,.0649351,.0640099,.0402675,.0245692,.241,.186,.044,.081,.03,.071,.203,.251,.075,.056,.045,.002,0,.991,0,.235,0,0,.2278077,.2596932,.0600493,.0726386,.0456957,.0278812,.338,.267,.064,.118,.044,.103,-.0139555,.0009252,.0156983,.055,-.037,-.04,-.048,.02,.043,-.991,-.235,0,-.0318854,-.0125894,.0178145,.071,-.054,-.059,.3132828,.0800313,.1569787,.0287271,.0459852,.0245692,.227,.191,.044,.083,.03,.071,.356,.025,.213,.002,.054,.002,0,0,0,0,0,0,.3385935,.0899475,.1645007,.0317803,.0521842,.0278812,.317,.274,.064,.118,.044,.103,.2332516,.1282516,.021416,.036,-.039,-.04,.33,.211,.052,0,0,0,.248646,.1327204,.024303,.043,-.053,-.059
2023-03,4.240492,.3186448,.2044312,.2161247,.0415049,.1387723,.01066,.337,.322,.224,.065,.044,.032,.31,.147,.212,.03,.185,0,0,0,0,0,0,0,.3620601,.1328288,.2455717,.0463302,.15768,.0112827,.491,.098,.326,.092,.064,.044,.1142136,.1746198,.1281123,.015,.159,.012,.163,.183,.185,0,0,0,.2292313,.1992414,.1463973,.393,.234,.02,.3194486,.260475,.1422565,.0665913,.0343953,.0188903,.273,.352,.182,.079,.019,.057,.342,.215,.123,.06,.042,0,0,.235,0,.235,0,0,.3629735,.1912361,.1616389,.0756643,.0390817,.0214641,.398,.122,.266,.116,.028,.084,.0589737,.0756652,.015505,-.08,.103,-.038,.127,.062,.042,-.235,-.235,0,.1717374,.0859746,.0176175,.275,.15,-.056,.3277798,.1666832,.2312672,.0192723,.1172477,.0062035,.278,.322,.181,.046,.026,.019,.352,.091,.256,.006,.162,0,0,0,0,0,0,0,.3724397,.0921185,.2627773,.0218982,.1332227,.0070487,.406,.107,.264,.067,.038,.027,.1610966,.2119948,.1110442,-.043,.135,.007,.261,.25,.162,0,0,0,.2803212,.2408791,.126174,.299,.197,.011
2023-04,4.284249,.3062028,.3371038,.2126424,.087133,.15712,.0282109,.252,.218,.175,.036,.128,.032,.332,.395,.231,.112,.171,.026,0,.991,0,0,0,0,.343402,.3437333,.241402,.0926879,.1783702,.0320264,.35,.241,.255,.046,.185,.046,-.030901,.1255095,.1289091,.035,.14,.096,-.062,.119,.145,-.991,0,0,-.0003313,.1487141,.1463438,.108,.209,.139,.2817793,.2360267,.2090305,.0319184,.0782372,.0087839,.261,.107,.129,.034,.077,.014,.292,.298,.248,.031,.079,.006,0,.991,0,0,0,0,.3189977,.2289857,.2373016,.0239864,.0888186,.0099719,.376,.08,.187,.02,.112,.02,.0457525,.1771121,.0694532,.154,.095,.063,-.007,.217,.073,-.991,0,0,.090012,.2133152,.0788467,.296,.167,.092,.3267688,.0867021,.2043643,.0319662,.1540528,.0103872,.269,.109,.088,.032,.054,.019,.354,.076,.26,.032,.202,.006,0,0,0,0,0,0,.3659092,.0608931,.2320042,.031488,.1748883,.011792,.372,.089,.128,.046,.079,.027,.2400668,.172398,.1436657,.161,.056,.035,.278,.228,.196,0,0,0,.3050161,.2005163,.1630962,.283,.082,.051
2023-05,3.849355,.3012942,.2347563,.2286277,.1054915,.1717447,.0537677,.428,.206,.247,.135,.162,.034,.24,.249,.22,.091,.176,.063,.009,0,0,0,0,0,.2723792,.2472749,.2550078,.1007359,.1946957,.0595516,.351,.282,.343,.178,.236,.044,.0665378,.1231363,.1179771,.222,.112,.128,-.009,.128,.113,.009,0,0,.0251043,.1542719,.1351442,.069,.164,.191,.3807126,.3078812,.2296491,.1969146,.1881526,.0177017,.458,.176,.222,.041,.103,.004,.343,.372,.234,.272,.23,.024,.009,.991,0,.991,0,0,.3665831,.3260249,.2603381,.2002294,.2132962,.0145191,.41,.238,.322,.042,.149,0,.0728314,.0327345,.1704508,.282,.18,.099,-.029,-.039,.205,-.981,-.991,0,.0405581,.0601087,.1987771,.172,.28,.149,.3019349,.1410872,.2693954,.0496439,.1732196,.023128,.241,.123,.215,.047,.059,.02,.331,.15,.296,.051,.229,.024,0,0,0,0,0,0,.3381113,.1401296,.3012234,.0378677,.1963677,.0220719,.334,.173,.296,.068,.086,.03,.1608477,.2197515,.1500916,.118,.169,.039,.181,.245,.204,0,0,0,.1979817,.2633557,.1742958,.161,.228,.056
2023-06,3.180071,.0963798,.2120027,.0283118,.1301574,.0179071,.0371995,.083,.187,.035,.14,.035,.095,.103,.224,.025,.125,.01,.009,.244,0,.009,0,0,0,.1050429,.2373599,.0320296,.1459076,.0202585,.040743,.12,.26,.051,.198,.051,.133,-.1156229,-.1018456,-.0192925,-.104,-.105,-.06,-.121,-.1,0,.244,.009,0,-.1323169,-.1138781,-.0204845,-.14,-.147,-.082,.1179501,.3308794,.0802517,.2678541,.0155634,.1629698,.074,.224,.03,.145,.03,.013,.139,.382,.104,.327,.008,.235,0,.991,0,.991,0,.991,.1334386,.3691952,.0907898,.2990342,.0176071,.1803771,.107,.319,.044,.21,.044,.019,-.2129293,-.1876024,-.1474064,-.15,-.115,.017,-.243,-.223,-.227,-.991,-.991,-.991,-.2357566,-.2082444,-.1627701,-.213,-.166,.025,.1195919,.3235639,.0834762,.0749346,.0599037,.013336,.081,.327,.021,.064,.017,.029,.138,.322,.114,.08,.081,.006,0,.756,0,0,0,0,.1320923,.2960144,.0944378,.0807817,.0677699,.0110943,.104,.213,.03,.093,.025,.042,-.203972,.0085415,.0465677,-.246,-.043,-.012,-.184,.033,.075,-.756,0,0,-.163922,.0136561,.0566756,-.109,-.062,-.017
2023-07,3.296658,.2219092,.2785205,.025918,.1426957,.0100571,.1080713,.054,.415,.034,.145,.011,.127,.303,.213,.022,.142,.009,.099,1,0,.009,0,.009,0,.2439026,.3054942,.0254119,.160249,.0113738,.1222214,.065,.564,.049,.206,.016,.184,-.0566112,-.1167777,-.0980143,-.361,-.111,-.115,.089,-.12,-.09,1,.009,.009,-.0615916,-.1348371,-.1108475,-.499,-.156,-.167,.1025581,.4031375,.0517018,.2650512,.0257257,.2362109,.075,.354,.044,.147,.014,.097,.116,.427,.056,.321,.032,.303,0,.991,0,.991,0,.991,.1113935,.4404522,.0584712,.2986248,.029094,.2671385,.091,.453,.063,.209,.02,.14,-.3005795,-.2133494,-.2104852,-.279,-.104,-.083,-.311,-.266,-.272,-.991,-.991,-.991,-.3290587,-.2401536,-.2380445,-.362,-.146,-.12,.1175848,.2470654,.0603089,.0878874,.0312968,.0540982,.079,.392,.049,.121,.011,.049,.136,.177,.066,.072,.041,.057,.009,0,0,0,0,0,.1284367,.2598046,.0650432,.0982646,.0353946,.0611814,.097,.492,.059,.171,.016,.071,-.1294807,-.0275785,-.0228014,-.313,-.071,-.038,-.041,-.007,-.016,.009,0,0,-.131368,-.0332214,-.0257868,-.395,-.112,-.055
2023-08,3.318178,.1732345,.2271994,.0655583,.1201127,.0049317,.0713385,.209,.239,0,.14,0,.02,.156,.222,.097,.11,.007,.096,.235,0,.235,0,0,0,.1301329,.2510298,.0741618,.1358756,.005579,.0807006,.042,.321,0,.203,0,.028,-.0539648,-.0545544,-.0664068,-.03,-.14,-.02,-.066,-.013,-.089,.235,.235,0,-.1208969,-.0617138,-.0751217,-.279,-.203,-.028,.1940572,.3731201,.051645,.2830895,.0266089,.1678964,.371,.228,.022,.176,.019,.04,.109,.442,.066,.334,.03,.229,0,.991,0,.991,0,.991,.1536399,.4066378,.0570622,.3194681,.030101,.1891576,.276,.327,.027,.252,.027,.055,-.1790629,-.2314446,-.1412875,.143,-.154,-.022,-.333,-.269,-.199,-.991,-.991,-.991,-.2529978,-.2624058,-.1590567,-.05,-.225,-.028,.1472838,.1480338,.0538089,.073318,.0233215,.014523,.174,.253,.004,.197,0,.045,.135,.098,.078,.014,.034,0,0,0,0,0,0,0,.1653004,.1633144,.0595584,.0787932,.0263821,.0164289,.246,.349,0,.268,0,.065,-.0007501,-.019509,.0087986,-.08,-.193,-.045,.037,.064,.034,0,0,0,.001986,-.0192348,.0099532,-.104,-.268,-.065
2023-09,3.33391,.1672176,.2364059,.074267,.0767249,.0409752,.012728,.111,.19,.014,.098,0,.021,.194,.259,.103,.066,.061,.009,.236,0,.236,0,.236,0,.1734847,.2619539,.0827654,.0809795,.0464392,.0144253,.156,.252,.014,.119,0,.03,-.0691884,-.0024579,.0282472,-.079,-.085,-.021,-.065,.037,.052,.236,.236,.236,-.0884692,.0017859,.0320139,-.097,-.105,-.03,.1890548,.2409652,.0571566,.063084,.0370686,.0142716,.234,.155,.06,.099,.022,.04,.168,.282,.056,.046,.044,.002,0,0,0,0,0,0,.1662855,.2692342,.0633733,.0714962,.0406066,.0161747,.208,.225,.082,.144,.027,.059,-.0519104,-.0059274,.022797,.079,-.039,-.018,-.115,.01,.042,0,0,0,-.1029487,-.0081229,.0244318,-.018,-.062,-.032,.2864641,.266641,.0603959,.0575381,.0400749,.0202874,.214,.342,.039,.113,.004,.062,.321,.23,.071,.031,.058,0,.236,0,0,0,0,0,.2766845,.2336249,.0670446,.0652107,.0440138,.0229927,.179,.242,.051,.164,0,.091,.0198231,.0028579,.0197875,-.128,-.074,-.059,.091,.04,.058,.236,0,0,.0430595,.0018338,.0210211,-.063,-.113,-.091
2023-10,2.934543,.3040275,.1903581,.0928853,.1040695,.0421166,.0431907,.134,.195,.034,.056,0,.04,.386,.188,.121,.127,.062,.045,1,0,.236,0,.236,0,.3221103,.1882796,.0906622,.1179685,.0477415,.048959,.178,.175,.049,.082,0,.058,.1136694,-.0111842,-.0010741,-.061,-.022,-.04,.197,-.006,.018,1,.236,.236,.1338306,-.0273063,-.0012175,.004,-.033,-.058,.1884299,.154086,.0616424,.0745901,.0089187,.0280469,.142,.074,.061,.029,.019,.015,.211,.193,.062,.096,.004,.035,.236,0,0,0,0,0,.2034991,.1738448,.063903,.084552,.0101098,.0317927,.167,.104,.066,.043,.027,.021,.0343438,-.0129477,-.0191282,.068,.032,.004,.018,-.035,-.03,.236,0,0,.0296543,-.020649,-.0216829,.063,.023,.006,.1157858,.1230581,.0657834,.0429331,.0157679,.0263886,.133,.115,.045,.041,.005,.028,.108,.127,.076,.044,.021,.025,.236,0,.236,0,0,0,.121153,.1386728,.0685971,.048667,.0178738,.029913,.153,.164,.042,.059,.007,.041,-.0072722,.0228503,-.0106207,.018,.004,-.024,-.019,.032,-.004,.236,.236,0,-.0175198,.01993,-.0120392,-.011,-.017,-.034
2023-11,2.69069,.3508991,.2477085,.2605587,.1239959,.0875011,.0455714,.239,.348,.038,.188,.018,.054,.404,.2,.367,.093,.12,.041,1,0,1,0,.236,0,.3747641,.2500168,.2807316,.1143983,.0846927,.0516231,.315,.384,.055,.171,.027,.079,.1031906,.1365628,.0419298,-.109,-.151,-.036,.204,.274,.079,1,1,.236,.1247473,.1663333,.0330696,-.07,-.116,-.052,.3033475,.2861313,.1387625,.1255513,.0379287,.0543461,.233,.309,.012,.07,.011,.027,.337,.275,.199,.152,.051,.067,.236,0,.236,0,0,0,.3314041,.2934956,.1571896,.1421776,.0429654,.0615631,.306,.328,.018,.101,.016,.039,.0172162,.0132112,-.0164175,-.076,-.058,-.016,.062,.047,-.017,.236,.236,0,.0379085,.015012,-.0185976,-.022,-.084,-.023,.2277484,.2867427,.068685,.0872676,.0545015,.0256258,.215,.336,.011,.078,.011,.027,.234,.263,.096,.092,.075,.025,.236,0,.236,0,.236,0,.2457656,.2941881,.0778061,.0988099,.0617391,.0290288,.28,.367,.016,.114,.016,.039,-.0589943,-.0185826,.0288757,-.12,-.067,-.016,-.03,.004,.05,.236,.236,.236,-.0484225,-.0210038,.0327103,-.086,-.097,-.023
2023-12,2.69275,.2866912,.3353437,.2456006,.1211833,.210736,.0573036,.063,.433,.049,.149,.007,.084,.392,.289,.338,.108,.307,.045,.755,0,.755,0,.755,0,.3007955,.3102216,.2551084,.1325561,.2239563,.0648042,.055,.352,.038,.198,.011,.122,-.0486524,.1244173,.1534324,-.369,-.1,-.077,.103,.23,.262,.755,.755,.755,-.0094261,.1225523,.1591521,-.296,-.16,-.112,.1286377,.2792612,.0620923,.1597659,.03345,.0712804,.073,.5,.042,.191,0,.031,.155,.175,.072,.145,.049,.09,0,0,0,0,0,0,.122054,.2222281,.0619438,.1515726,.0378283,.0805645,.07,.351,.027,.161,0,.045,-.1506235,-.0976735,-.0378305,-.427,-.15,-.031,-.02,-.073,-.041,0,0,0,-.1001741,-.0896288,-.0427363,-.281,-.134,-.045,.1200579,.2017459,.0525095,.1326036,.0249634,.0337732,.058,.286,.045,.128,0,.036,.149,.162,.056,.135,.037,.033,0,0,0,0,0,0,.1123512,.2173589,.0511066,.1454253,.0282309,.0381479,.048,.372,.032,.168,0,.052,-.081688,-.0800942,-.0088098,-.228,-.084,-.036,-.013,-.078,.004,0,0,0,-.1050077,-.0943187,-.009917,-.324,-.137,-.052
2024-01,2.627833,.362361,.1425045,.2633862,.0657737,.2178918,.0507547,.116,.216,.028,.038,0,.024,.479,.108,.374,.079,.32,.063,.755,0,.755,0,.755,0,.3726967,.1564776,.2744113,.069864,.232028,.0529107,.091,.295,.004,.037,0,.017,.2198566,.1976125,.167137,-.101,-.01,-.024,.371,.295,.257,.755,.755,.755,.216219,.2045473,.1791173,-.204,-.033,-.017,.2482034,.144978,.0846912,.0523685,.0493975,.043504,.107,.278,.025,.129,0,.122,.315,.082,.113,.016,.073,.007,0,.236,0,0,0,0,.2480491,.135109,.0734818,.0305715,.0557598,.0205653,.082,.288,.003,.073,0,.062,.1032254,.0323227,.0058935,-.171,-.105,-.122,.232,.097,.066,-.236,0,0,.1129401,.0429103,.0351945,-.207,-.07,-.062,.298438,.1611779,.0875711,.0569331,.0292381,.0456888,.266,.26,.028,.072,.026,.051,.314,.114,.116,.05,.031,.043,0,.236,0,0,0,0,.247076,.1775562,.0767327,.0598848,.0248144,.0471923,.081,.359,.007,.087,.004,.056,.1372601,.030638,-.0164508,.006,-.045,-.026,.199,.066,-.012,-.236,0,0,.0695198,.0168479,-.0223779,-.278,-.08,-.052
2024-02,2.633811,.2767383,.1005751,.1128689,.0575689,.093844,.0209649,.213,.213,.059,.117,.003,.004,.306,.049,.138,.03,.136,.029,0,0,0,0,0,0,.2868902,.1122119,.1022987,.0636764,.0907882,.0223662,.264,.304,.042,.164,.001,0,.1761633,.0553,.072879,0,-.058,-.001,.257,.107,.107,0,0,0,.1746783,.0386223,.068422,-.04,-.122,.001,.3015162,.0978382,.098323,.0504817,.0298267,.0083757,.227,.243,.041,.146,0,.013,.336,.031,.125,.006,.044,.006,0,0,0,0,0,0,.3119245,.1096611,.0866389,.0569723,.0192965,.0094526,.287,.349,.019,.211,0,.018,.203678,.0478413,.021451,-.016,-.105,-.013,.305,.118,.037,0,0,0,.2022634,.0296666,.0098439,-.062,-.192,-.018,.2884711,.0978382,.1363817,.0504817,.0382608,.0083757,.224,.243,.041,.146,.005,.013,.318,.031,.18,.006,.054,.006,0,0,0,0,0,0,.2972021,.1096611,.135474,.0569723,.0288149,.0094526,.283,.349,.043,.211,.008,.018,.1906329,.0859,.029885,-.019,-.105,-.007,.287,.174,.047,0,0,0,.187541,.0785018,.0193623,-.067,-.169,-.011
2024-03,2.84465,.2154149,.3348072,.1123113,.0724291,.0663311,.0406333,.147,.442,.083,.17,.02,.108,.247,.285,.126,.028,.088,.009,.236,.764,0,0,0,0,.2421184,.2872267,.1258825,.0804318,.0740459,.0445862,.209,.344,.117,.24,.026,.152,-.1193923,.0398821,.0256978,-.295,-.087,-.088,-.039,.098,.078,-.528,0,0,-.0451083,.0454507,.0294597,-.135,-.124,-.126,.2199596,.3287315,.1388909,.0701906,.038741,.0371008,.196,.453,.117,.183,.003,.118,.231,.272,.149,.018,.055,0,.236,.764,0,0,0,0,.2444637,.2993292,.1530692,.0791307,.0436754,.0418263,.284,.364,.17,.265,.004,.17,-.1087719,.0687003,.0016402,-.256,-.066,-.115,-.041,.13,.055,-.528,0,0,-.0548656,.0739385,.0018491,-.08,-.095,-.166,.247361,.1756255,.1454058,.07658,.1043021,.0434901,.208,.417,.125,.203,.01,.138,.265,.064,.155,.018,.148,0,.236,.009,0,0,0,0,.2646055,.1349035,.1496644,.0863339,.1033697,.0490295,.301,.346,.18,.294,.014,.2,.0717355,.0688259,.0608119,-.209,-.079,-.128,.201,.137,.148,.227,0,0,.129702,.0633305,.0543402,-.046,-.114,-.185
2024-04,2.748478,.2131823,.3803937,.0952946,.132013,.042379,.0359678,.164,.417,.102,.307,.049,.054,.236,.363,.092,.051,.039,.028,0,.764,0,.009,0,0,.2406122,.3328083,.1075561,.0739133,.0478319,.0405957,.238,.285,.148,.154,.071,.078,-.1672114,-.0367184,.0064113,-.253,-.204,-.005,-.128,.041,.012,-.764,-.009,0,-.0921961,.0336428,.0072362,-.047,-.006,-.007,.1757378,.3617282,.0965034,.2427421,.0696885,.03632,.122,.424,.093,.311,.049,.075,.201,.333,.098,.211,.079,.018,0,.754,0,.754,0,0,.1983498,.3296649,.1089204,.2026095,.0786552,.0409933,.177,.295,.134,.161,.071,.109,-.1859904,-.1462386,.0333684,-.302,-.219,-.026,-.132,-.113,.061,-.754,-.754,0,-.1313151,-.0936891,.0376619,-.119,-.027,-.038,.2425743,.2136092,.1144287,.098077,.0695195,.0331953,.122,.368,.09,.266,.051,.066,.298,.142,.126,.02,.078,.018,0,.009,0,.009,0,0,.2737861,.170666,.1291521,.047465,.0784645,.0374665,.177,.247,.13,.129,.074,.095,.0289651,.0163516,.0363242,-.246,-.177,-.014,.156,.106,.06,-.009,-.009,0,.1031201,.081687,.040998,-.071,.001,-.021
2024-05,2.592665,.1780284,.2452982,.0945317,.0997093,.0537761,.0720633,.207,.2,.002,.158,.002,.122,.165,.266,.137,.073,.077,.049,0,0,0,0,0,0,.19386,.2467713,.1067605,.0831083,.0607326,.0696651,.272,.242,.004,.184,.004,.144,-.0672698,-.0051775,-.0182872,.007,-.156,-.12,-.102,.064,.028,0,0,0,-.0529113,.0236522,-.0089325,.03,-.181,-.141,.1661925,.346094,.0945217,.1738602,.0581417,.1546905,.183,.228,.016,.148,0,.112,.158,.4,.131,.186,.085,.174,.009,.991,0,.754,0,.754,.1876913,.3606061,.1067491,.1850915,.065663,.1665507,.266,.283,.023,.169,0,.13,-.1799015,-.0793385,-.0965488,-.045,-.132,-.112,-.242,-.055,-.089,-.981,-.754,-.754,-.1729148,-.0783424,-.1008877,-.017,-.146,-.13,.1782316,.1897617,.0853266,.0549346,.0556659,.0224028,.221,.28,.016,.135,.002,.066,.158,.148,.117,.018,.08,.002,0,.009,0,.009,0,.009,.1954108,.1840505,.0963645,.0553627,.0628669,.0253008,.298,.358,.023,.183,.004,.097,-.0115301,.0303919,.0332631,-.058,-.119,-.064,.01,.099,.078,-.009,-.009,-.009,.0113603,.0410018,.0375661,-.06,-.16,-.093
2024-06,2.485045,.2353473,.1685196,.1057334,.0896042,.0504291,.0436348,.192,.197,.15,.083,.002,.035,.255,.155,.085,.093,.073,.048,0,0,0,0,0,0,.2655818,.1420939,.1193363,.0773792,.0569169,.0262516,.278,.151,.217,.085,.003,.018,.0668278,.0161292,.0067943,-.006,.066,-.033,.1,-.007,.025,0,0,0,.1234879,.041957,.0306653,.126,.132,-.015,.1732607,.3209214,.0496511,.2412587,.0300768,.1303699,.12,.216,.051,.105,.016,.035,.198,.369,.049,.304,.037,.174,0,.991,0,.991,0,.754,.1955076,.3217475,.0560388,.2573911,.0339462,.1471423,.173,.209,.075,.152,.023,.05,-.1476606,-.1916076,-.1002931,-.096,-.053,-.019,-.171,-.255,-.138,-.991,-.991,-.754,-.1262399,-.2013523,-.113196,-.035,-.077,-.027,.1464503,.1481378,.0845448,.0794733,.0584065,.0173633,.105,.241,.049,.139,.016,.05,.166,.105,.101,.052,.078,.002,0,.009,0,.009,0,.009,.1652479,.1267349,.0954217,.0747916,.0659206,.0195971,.152,.246,.071,.201,.023,.073,-.0016875,.0050716,.0410432,-.136,-.09,-.035,.06,.049,.076,-.009,-.009,-.009,.038513,.0206301,.0463235,-.094,-.13,-.05
2024-07,2.528771,.1287535,.1692312,.0570583,.1053859,.0541515,.0732663,.104,.269,.039,.119,.029,.035,.14,.124,.066,.099,.066,.091,0,0,0,0,0,0,.1420342,.1424522,.0643224,.0803974,.0610456,.0669449,.137,.252,.056,.076,.042,.048,-.0404778,-.0483276,-.0191148,-.165,-.081,-.006,.016,-.033,-.025,0,0,0,-.000418,-.016075,-.0058993,-.114,-.021,-.006,.1236679,.4559672,.0207627,.205191,.0171908,.1720982,.194,.539,.034,.175,.024,.08,.091,.418,.015,.219,.014,.214,0,.754,0,.754,0,.754,.1224404,.4244823,.023406,.2085576,.0193793,.1940079,.211,.413,.049,.16,.034,.115,-.3322993,-.1844283,-.1549074,-.345,-.141,-.056,-.326,-.204,-.2,-.754,-.754,-.754,-.3020419,-.1851516,-.1746286,-.202,-.111,-.081,.1711537,.2559437,.0570409,.033503,.0537877,.0233663,.158,.436,.032,.093,.023,.071,.177,.174,.069,.006,.068,.001,0,0,0,0,0,0,.1898324,.2217501,.0643027,.0377683,.0606354,.026341,.215,.357,.046,.135,.033,.103,-.08479,.0235379,.0304214,-.278,-.062,-.048,.004,.063,.067,0,0,0,-.0319176,.0265344,.0342943,-.141,-.089,-.07
2024-08,2.356141,.2700044,.3073751,.0481031,.0610765,.0148287,.0347836,.239,.179,.051,.121,.02,.049,.284,.366,.047,.034,.012,.028,1,0,0,0,0,0,.2383375,.3185561,.0511182,.0446601,.016712,.0249021,.077,.218,.061,.134,.029,.071,-.0373707,-.0129734,-.0199549,.06,-.07,-.029,-.082,.013,-.016,1,0,0,-.0802186,.0064581,-.0081901,-.141,-.073,-.042,.0946775,.2610288,.0696966,.145844,.012968,.0583267,.114,.367,.097,.308,.027,.154,.086,.212,.057,.071,.007,.014,.009,0,0,0,0,0,.1036078,.2635856,.0754542,.1374554,.014615,.0428753,.151,.421,.127,.335,.039,.129,-.1663513,-.0761473,-.0453586,-.254,-.211,-.127,-.126,-.014,-.008,.009,0,0,-.1599778,-.0620011,-.0282602,-.27,-.208,-.09,.2175153,.2152683,.0569677,.0608541,.0120676,.0127084,.105,.248,.085,.192,.027,.039,.269,.2,.044,.001,.005,.001,.763,0,0,0,0,0,.2420466,.2348724,.0611087,.0645305,.0136003,.0143225,.139,.342,.11,.26,.039,.056,.002247,-.0038864,-.0006408,-.143,-.107,-.012,.069,.044,.005,.763,0,0,.0071742,-.0034218,-.0007222,-.202,-.151,-.018
2024-09,2.210786,.1805346,.2310691,.069529,.1423261,.0109438,.0194469,.349,.247,.198,.176,.021,.045,.104,.224,.011,.127,.007,.008,0,0,0,0,0,0,.1400354,.2468788,.0158601,.1561446,.0123155,.017863,.244,.302,.03,.237,.03,.049,-.0505345,-.0727971,-.0085031,.102,.022,-.025,-.12,-.116,-.001,0,0,0,-.1068434,-.1402845,-.0055475,-.058,-.207,-.019,.2511273,.2731657,.0324318,.1549422,.0191042,.0752699,.398,.345,.066,.273,.05,.239,.184,.24,.017,.101,.005,.001,0,.236,0,0,0,0,.2202208,.2720899,.036497,.1481798,.0214988,.058521,.319,.352,.095,.286,.071,.237,-.0220384,-.1225104,-.0561657,.053,-.207,-.19,-.056,-.084,.005,-.236,0,0,-.051869,-.1116828,-.0370222,-.034,-.191,-.166,.2469012,.2240385,.0383532,.05929,.0100461,.0386154,.363,.324,.037,.153,.021,.122,.194,.178,.039,.017,.005,.001,0,.236,0,0,0,0,.215465,.2208263,.0431606,.0667217,.0113054,.0434557,.268,.339,.053,.22,.03,.176,.0228627,-.0209368,-.0285693,.039,-.116,-.101,.016,.022,.005,-.236,0,0,-.0053613,-.0235611,-.0321503,-.071,-.167,-.146
2024-10,2.417787,.2215282,.1703673,.1280187,.0794287,.0587588,.0520038,.3,.273,.23,.165,.177,.153,.186,.123,.081,.04,.005,.006,0,.236,0,0,0,0,.1681202,.1615758,.080737,.0841847,.003541,.0544897,.173,.27,.074,.217,0,.204,.0511609,.04859,.006755,.027,.065,.024,.062,.041,-.001,-.236,0,0,.0065444,-.0034477,-.0509487,-.096,-.143,-.204,.2466174,.1834183,.1266267,.1499806,.0091003,.0865517,.163,.329,.064,.279,.012,.262,.285,.117,.155,.091,.008,.006,0,.236,0,.236,0,0,.2596925,.1762635,.1425071,.1417108,.0102415,.0714966,.234,.351,.092,.291,.017,.271,.0631991,-.0233538,-.0774515,-.166,-.215,-.25,.168,.064,.002,-.236,-.236,0,.083429,.0007962,-.061255,-.117,-.198,-.254,.2939989,.1599523,.1238469,.1194266,.0185395,.0490793,.155,.335,.058,.246,.012,.143,.358,.08,.154,.061,.022,.006,0,0,0,0,0,0,.3130161,.1538906,.1393786,.1113609,.0208646,.0552343,.223,.376,.084,.26,.017,.205,.1340465,.0044203,-.0305397,-.18,-.188,-.131,.278,.092,.016,0,0,0,.1591255,.0280177,-.0343697,-.153,-.176,-.188
2024-11,2.522525,.2162488,.268799,.1489788,.1280208,.1255999,.0652491,.373,.237,.263,.16,.227,.127,.145,.283,.097,.113,.079,.037,0,.236,0,.236,0,0,.1685677,.2878917,.1009171,.1356526,.0779896,.068135,.245,.282,.12,.196,.068,.161,-.0525502,.020958,.0603508,.135,.103,.1,-.138,-.016,.042,-.236,-.236,0,-.1193239,-.0347355,.0098546,-.037,-.076,-.093,.2643389,.2962047,.1366986,.1420207,.0854698,.1149725,.154,.453,.094,.226,.042,.18,.314,.225,.156,.104,.105,.085,0,.236,0,.236,0,.236,.2851469,.2562059,.1503529,.1513951,.0961089,.1240479,.186,.336,.135,.29,.061,.237,-.0318658,-.0053221,-.0295027,-.298,-.131,-.138,.09,.052,.02,-.236,-.236,-.236,.0289409,-.0010423,-.027939,-.15,-.154,-.176,.1675822,.239553,.1064448,.100506,.0805535,.088831,.129,.294,.061,.198,.035,.161,.185,.215,.127,.056,.101,.056,0,0,0,0,0,0,.176346,.2550052,.1163332,.1087372,.0905806,.0986767,.149,.364,.088,.267,.05,.226,-.0719708,.0059388,-.0082776,-.166,-.137,-.126,-.029,.071,.045,0,0,0,-.0786591,.0075961,-.0080961,-.215,-.18,-.176
2024-12,2.655646,.1443103,.3650542,.0779735,.1732804,.0694565,.1089657,.391,.28,.227,.194,.218,.151,.032,.404,.01,.164,.002,.09,0,1,0,.236,0,.236,.075026,.3829523,.0215322,.1815207,.0120122,.1152863,.219,.347,.07,.224,.057,.188,-.220744,-.0953068,-.0395093,.111,.033,.067,-.372,-.154,-.088,-1,-.236,-.236,-.3079263,-.1599886,-.103274,-.129,-.155,-.131,.1880094,.3297765,.1045254,.1301654,.0963035,.0722355,.19,.283,.054,.21,.036,.174,.187,.351,.128,.094,.124,.026,0,.754,0,0,0,0,.1869087,.3433403,.1141608,.1331086,.1049723,.0740433,.186,.351,.076,.248,.052,.221,-.1417671,-.02564,.024068,-.093,-.157,-.138,-.164,.034,.098,-.754,0,0,-.1564316,-.0189478,.030929,-.165,-.171,-.169,.1852806,.1801819,.08181,.0984619,.0735141,.025774,.306,.226,.011,.109,.001,.039,.13,.159,.114,.094,.106,.02,0,0,0,0,0,0,.1217634,.1932787,.0886546,.1015185,.0793829,.0258818,.101,.286,.015,.119,.002,.044,.0050987,-.0166519,.0477401,.081,-.099,-.038,-.029,.021,.087,0,0,0,-.0715153,-.0128639,.053501,-.185,-.105,-.042
2025-01,2.541123,.1557172,.2001261,.0284497,.0913147,.0115984,.0499127,.173,.185,.063,.079,.044,.044,.148,.207,.013,.097,-.003,.053,.235,0,0,0,0,0,.1479942,.2155162,.0280318,.0930419,.0090645,.0464414,.153,.226,.09,.074,.063,.023,-.0444089,-.0628649,-.0383143,-.012,-.016,0,-.059,-.084,-.056,.235,0,0,-.067522,-.0650101,-.0373769,-.072,.016,.039,.2015099,.2000523,.1186154,.0931703,.0848951,.0412519,.161,.16,.102,.071,.036,.045,.22,.218,.126,.103,.107,.04,.246,0,0,0,0,0,.1995367,.2003368,.1074791,.080774,.0915647,.0366931,.137,.187,.057,.063,.052,.025,.0014576,.0254451,.0436433,.001,.03,-.008,.002,.023,.068,.246,0,0,-.0008001,.0267051,.0548716,-.05,-.006,.027,.2700526,.1229622,.1036255,.0796141,.0709078,.0391672,.248,.145,.071,.069,.001,.038,.28,.113,.119,.085,.103,.04,.236,0,0,0,0,0,.2726936,.1319157,.0906071,.0838644,.0758211,.0383388,.244,.181,.012,.075,.002,.032,.1470904,.0240115,.0317406,.103,.002,-.037,.168,.034,.063,.236,0,0,.1407779,.0067427,.0374822,.063,-.063,-.03
2025-02,2.638956,.3454446,.2461093,.1590683,.0901595,.0126211,.0766046,.173,.303,.069,.053,.047,.04,.424,.22,.2,.107,-.003,.093,.764,0,0,0,0,0,.3699625,.2141372,.1752284,.1017055,.0100269,.0864147,.249,.177,.099,.077,.068,.057,.0993354,.0689089,-.0639834,-.13,.015,.007,.203,.093,-.096,.764,0,0,.1558253,.073523,-.0763878,.072,.022,.01,.1819025,.1750061,.1076209,.0558375,.0765528,.0391753,.159,.284,.018,.024,0,.013,.192,.126,.148,.07,.111,.051,0,0,0,0,0,0,.2009868,.1346688,.1171925,.0629881,.0821457,.0441921,.23,.152,.026,.035,0,.018,.0068964,.0517834,.0373775,-.125,-.006,-.013,.067,.078,.06,0,0,0,.066318,.0542044,.0379536,.077,-.009,-.018,.260582,.2845984,.1417236,.0763884,.0734072,.0406425,.149,.288,.03,.09,.007,.017,.311,.283,.192,.07,.104,.051,0,.764,0,0,0,0,.2857522,.2582957,.1516725,.0861709,.0785974,.0458473,.198,.158,.027,.13,.009,.025,-.0240164,.0653352,.0327647,-.139,-.06,-.011,.028,.122,.053,-.764,0,0,.0274565,.0655016,.03275,.04,-.103,-.016
2025-03,2.305048,.271976,.2041208,.2080475,.0720751,.0426254,.0353499,.18,.253,.07,.028,0,.016,.314,.182,.271,.092,.062,.044,.764,0,.764,0,0,0,.2837445,.2054015,.2157049,.0804628,.0436658,.039827,.244,.264,.101,.038,0,.023,.0678552,.1359724,.0072755,-.073,.042,-.016,.132,.179,.018,.764,.764,0,.078343,.1352421,.0038388,-.021,.064,-.023,.2482177,.2085498,.0692543,.0567153,.0389162,.0320696,.203,.308,.075,.017,.005,.003,.269,.163,.067,.075,.054,.045,0,0,0,0,0,0,.2569773,.211132,.0736673,.0638983,.0394868,.0361312,.276,.347,.108,.025,.007,.005,.0396679,.012539,.0068466,-.105,.058,.002,.106,-.008,.009,0,0,0,.0458452,.009769,.0033556,-.071,.083,.002,.1904932,.2230521,.0793728,.057002,.0413033,.0320696,.204,.331,.104,.018,.013,.003,.184,.174,.068,.075,.054,.045,0,0,0,0,0,0,.1919419,.227471,.0810818,.0642213,.0381908,.0361312,.278,.38,.133,.027,.002,.005,-.0325588,.0223709,.0092338,-.127,.085,.009,.01,-.006,.009,0,0,0,-.0355292,.0168605,.0020596,-.101,.107,-.003
2025-04,2.226714,.269698,.0924394,.1784606,.0515151,.1606383,.0193348,.195,.134,.102,.017,.055,.016,.304,.074,.213,.067,.209,.021,.991,0,.755,0,.755,0,.2740755,.1027805,.1824204,.0568576,.1624017,.0209979,.234,.186,.145,.02,.079,.02,.1772586,.1269454,.1413035,.061,.085,.04,.23,.146,.188,.991,.755,.755,.171295,.1255628,.1414038,.048,.125,.059,.2902749,.1224195,.0633001,.060385,.0262301,.0199493,.213,.12,.13,.048,.06,.017,.325,.123,.033,.066,.011,.021,.991,0,0,0,0,0,.297188,.1364551,.0530681,.0675401,.0257224,.0224078,.26,.167,.185,.068,.086,.025,.1678554,.0029151,.0062808,.093,.082,.043,.202,-.033,-.011,.991,0,0,.1607329,-.014472,.0033146,.093,.117,.061,.1618391,.2074389,.0580654,.0759198,.0282779,.0211657,.197,.16,.113,.073,.067,.018,.146,.229,.033,.077,.011,.023,.236,0,0,0,0,0,.1529247,.2262689,.0471883,.0849894,.0280225,.0237741,.237,.201,.161,.102,.095,.026,-.0455997,-.0178544,.0071121,.037,.041,.049,-.083,-.045,-.012,.236,0,0,-.0733442,-.0378011,.0042485,.036,.059,.069
2025-05,2.399114,.1789756,.1305576,.0789923,.0607485,.0546739,.0160275,.34,.195,.136,.067,.108,.004,.106,.101,.053,.058,.03,.021,0,.009,0,0,0,0,.1855483,.1426843,.0745374,.068203,.0472168,.0180061,.48,.261,.194,.095,.154,.006,.048418,.0182438,.0386464,.146,.07,.104,.004,-.005,.009,-.009,0,0,.042864,.0063344,.0292107,.219,.1,.148,.1481833,.1426732,.0445582,.0668702,.0333946,.0205173,.287,.189,.074,.063,.055,.018,.085,.121,.031,.069,.023,.021,0,.009,0,0,0,0,.1509547,.1563407,.0358523,.0751255,.0233105,.0230502,.405,.254,.105,.09,.079,.026,.0055102,-.022312,.0128773,.098,.01,.037,-.037,-.037,.002,-.009,0,0,-.005386,-.0392732,.0002603,.151,.015,.053,.152378,.3522714,.0434908,.1522385,.0323272,.0362712,.287,.207,.074,.078,.055,.043,.091,.418,.03,.186,.022,.033,0,.764,0,0,0,0,.1556672,.3861628,.0346531,.1653813,.0221114,.0407489,.405,.256,.105,.088,.079,.061,-.1998934,-.1087478,-.003944,.08,-.004,.012,-.327,-.156,-.011,-.764,0,0,-.2304956,-.1307282,-.0186376,.148,.017,.018
2025-06,2.52795,.2195048,.3014826,.1022549,.0752202,.0532857,.0279969,.491,.154,.215,.119,.084,.042,.097,.368,.052,.055,.04,.022,0,.991,0,0,0,0,.1701108,.3257265,.1004943,.0804343,.0455373,.0313747,.446,.168,.306,.154,.119,.06,-.0819778,.0270347,.0252887,.337,.096,.041,-.27,-.004,.018,-.991,0,0,-.1556157,.0200599,.0141626,.278,.153,.059,.1966409,.3146914,.0742945,.078493,.0385758,.0212208,.451,.184,.18,.123,.075,.034,.082,.373,.027,.058,.022,.015,0,.991,0,0,0,0,.1435,.340596,.0679337,.0841528,.0290288,.0238156,.385,.211,.252,.159,.107,.049,-.1180505,-.0041986,.0173549,.267,.057,.041,-.291,-.032,.007,-.991,0,0,-.197096,-.0162191,.0052132,.174,.093,.058,.1780137,.1831923,.1091357,.0847563,.036796,.039049,.36,.154,.261,.143,.075,.054,.096,.196,.041,.059,.02,.032,0,.236,0,0,0,0,.1842896,.1930179,.1070352,.0855323,.0270314,.0381742,.507,.168,.368,.165,.107,.054,-.0051786,.0243795,-.002253,.206,.118,.021,-.1,-.018,-.013,-.236,0,0,-.0087282,.0215028,-.0111428,.34,.203,.052
2025-07,2.539382,.1898832,.3103184,.0856697,.1768457,.044002,.0412849,.224,.146,.156,.018,.108,.018,.174,.385,.054,.249,.015,.052,0,.755,0,.755,0,0,.2132745,.3439004,.0962231,.1946947,.0494225,.0424344,.32,.189,.222,.01,.154,.01,-.1204353,-.091176,.0027171,.079,.138,.09,-.21,-.194,-.037,-.755,-.755,0,-.1306259,-.0984715,.006988,.131,.213,.144,.1546497,.3032708,.0695172,.1650526,.0290947,.0252738,.167,.166,.11,.032,.078,.016,.149,.365,.051,.225,.007,.029,.009,.755,0,.755,0,0,.1724689,.3300385,.0768491,.1757793,.0314928,.024451,.233,.193,.152,.007,.107,.007,-.1486211,-.0955354,.0038209,.001,.078,.062,-.216,-.174,-.023,-.746,-.755,0,-.1575696,-.0989302,.0070418,.04,.145,.1,.1451174,.2182786,.0612121,.056808,.0257761,.0420145,.18,.238,.113,.032,.082,.032,.13,.209,.038,.068,.001,.046,0,0,0,0,0,0,.1617624,.1727766,.067521,.0542004,.0277654,.0375844,.251,.044,.156,.007,.112,.007,-.0731612,.0044041,-.0162383,-.059,.081,.049,-.08,-.03,-.046,0,0,0,-.0110142,.0133206,-.009819,.207,.15,.105
2025-08,2.674145,.1957338,.2347616,.0722397,.1168714,.045707,.0254625,.273,.252,.124,.141,.093,.015,.161,.227,.049,.106,.024,.03,.236,0,0,0,0,0,.2109161,.2333416,.0810252,.1271595,.0512657,.0246339,.352,.31,.176,.184,.132,.005,-.0390278,-.0446317,.0202445,.021,-.017,.078,-.066,-.057,-.006,.236,0,0,-.0224255,-.0461343,.0266318,.042,-.008,.128,.2339079,.2610666,.0900144,.1189743,.0505171,.023331,.237,.268,.096,.137,.056,.005,.232,.258,.087,.111,.048,.032,.245,0,.009,0,0,0,.2593796,.2664842,.0979864,.1331567,.0566607,.0261684,.325,.348,.124,.193,.08,.007,-.0271587,-.0289599,.0271861,-.03,-.041,.052,-.026,-.023,.016,.245,.009,0,-.0071046,-.0351703,.0304923,-.022,-.07,.074,.2227961,.2787274,.0847623,.082059,.0433333,.0230741,.229,.232,.087,.02,.056,.005,.22,.3,.084,.11,.037,.031,.236,0,0,0,0,0,.2469164,.2940643,.0950707,.091752,.0486034,.0258802,.314,.329,.123,.027,.08,.007,-.0559314,.0027033,.0202593,-.003,.067,.052,-.08,-.026,.006,.236,0,0,-.0471479,.0033187,.0227231,-.015,.096,.074
2025-09,2.711851,.2315508,.2005142,.0733206,.1196517,.0295184,.0218732,.532,.116,.201,.066,.094,.014,.096,.239,.016,.144,.001,.025,0,0,0,0,0,0,.1699468,.2032257,.0735943,.1126006,.033099,.0206041,.391,.148,.252,.078,.134,.005,.0310366,-.0463311,.0076452,.417,.136,.079,-.143,-.128,-.025,0,0,0,-.0332789,-.0390063,.0124949,.243,.174,.129,.2486742,.197579,.0789027,.1703226,.0373336,.0576893,.528,.098,.161,.076,.074,.019,.123,.242,.042,.213,.021,.075,0,0,0,0,0,0,.1947976,.2038569,.0855039,.1733402,.0388925,.064687,.408,.14,.217,.108,.093,.027,.0510951,-.09142,-.0203556,.43,.085,.055,-.119,-.171,-.054,0,0,0,-.0090593,-.0878364,-.0257945,.268,.109,.066,.2007763,.1995709,.0489263,.171014,.0353164,.0583807,.476,.097,.09,.076,.06,.02,.077,.246,.03,.214,.024,.076,0,0,0,0,0,0,.133341,.2057975,.0518913,.1738226,.0396003,.0651694,.303,.137,.116,.108,.085,.027,.0012054,-.1220877,-.0230642,.379,.014,.04,-.169,-.183,-.051,0,0,0,-.0724565,-.1219313,-.0255691,.165,.009,.058
2025-10,2.640943,.1152328,.343013,.0622081,.1256682,.0270372,.0917621,.134,.106,.096,.087,.068,.054,.107,.449,.047,.143,.009,.109,0,1,0,0,0,0,.11463,.3807257,.0641843,.1371559,.0247211,.0991118,.13,.15,.113,.125,.073,.077,-.2277803,-.0634602,-.0647249,.028,.008,.014,-.342,-.096,-.1,-1,0,0,-.2660957,-.0729717,-.0743907,-.019,-.012,-.003,.0762928,.3273855,.0359727,.1038863,.0184298,.089949,.09,.102,.052,.084,.026,.07,.07,.429,.029,.113,.015,.099,0,1,0,0,0,0,.07362,.3631909,.0374295,.1127157,.0177457,.0970774,.08,.144,.063,.12,.025,.099,-.2510928,-.0679136,-.0715192,-.011,-.032,-.043,-.359,-.084,-.084,-1,0,0,-.2895709,-.0752861,-.0793318,-.064,-.057,-.074,.0794367,.2185485,.0299113,.0699486,.0127931,.0692855,.075,.085,.033,.022,.008,.02,.082,.278,.029,.092,.015,.092,0,.235,0,0,0,0,.0878428,.241071,.0335617,.0743355,.0143545,.0735915,.101,.12,.047,.03,.011,.027,-.1391118,-.0400373,-.0564923,-.011,.011,-.012,-.197,-.063,-.077,-.235,0,0,-.1532282,-.0407738,-.059237,-.019,.017,-.015
2025-11,2.742837,.2331538,.5957093,.048091,.31948,.0281338,.1088304,.168,.598,.064,.096,.061,.086,.262,.595,.041,.419,.014,.119,0,.991,0,.991,0,0,.2413743,.6029404,.0526861,.3542729,.0315433,.1180948,.215,.6,.086,.137,.086,.122,-.3625555,-.271389,-.0806966,-.43,-.032,-.025,-.332,-.378,-.105,-.991,-.991,0,-.3615661,-.3015868,-.0865515,-.385,-.051,-.036,.2539381,.5827647,.0665356,.3194195,.0332783,.0997037,.131,.641,.059,.083,.044,.072,.309,.557,.07,.425,.029,.112,0,.991,0,.991,0,0,.2597575,.5881396,.0733659,.3539176,.0373112,.1078621,.143,.66,.079,.117,.062,.102,-.3288266,-.2528839,-.0664254,-.51,-.023,-.028,-.248,-.355,-.083,-.991,-.991,0,-.3283821,-.2805516,-.0705508,-.517,-.037,-.04,.2861324,.4469911,.0656523,.1995824,.0291043,.0696356,.221,.624,.072,.024,.03,.021,.315,.368,.063,.278,.029,.091,0,.235,0,.235,0,0,.2958533,.4252521,.0723756,.2195575,.0326314,.07415,.27,.593,.098,.033,.043,.03,-.1608588,-.1339301,-.0405313,-.404,.048,.009,-.053,-.215,-.063,-.235,-.235,0,-.1293987,-.1471819,-.0415186,-.323,.065,.013
2025-12,2.797567,.059126,.1679302,.0580702,.114162,.0286173,.0296397,.053,.148,.039,.1,.009,.027,.062,.177,.066,.121,.037,.031,.009,0,0,0,0,0,.0614687,.1827083,.0605788,.1280361,.0320951,.0332418,.056,.187,.038,.142,.013,.038,-.1088042,-.0560919,-.0010224,-.094,-.06,-.018,-.115,-.054,.006,.009,0,0,-.1212396,-.0674573,-.0011467,-.131,-.105,-.025,.0913849,.1698558,.0508929,.1565323,.0223473,.0353325,.072,.189,.037,.146,.009,.005,.1,.161,.057,.161,.028,.049,.009,0,0,0,0,0,.0979423,.1901572,.0532156,.1752613,.0250632,.0393321,.084,.268,.037,.207,.013,.006,-.0784709,-.1056394,-.0129852,-.117,-.109,.004,-.061,-.104,-.02,.009,0,0,-.0922149,-.1220457,-.0142689,-.184,-.169,.007,.1089786,.1743996,.091086,.15107,.035828,.0693734,.113,.173,.111,.139,.027,.005,.107,.175,.082,.156,.04,.098,0,0,0,0,0,0,.1176742,.1923347,.0982934,.1662167,.0401821,.0775101,.142,.233,.142,.185,.038,.006,-.065421,-.059984,-.0335455,-.06,-.028,.022,-.068,-.074,-.058,0,0,0,-.0746605,-.0679233,-.0373279,-.091,-.043,.032
2026-01,2.779027,.3345335,.1804532,.0314517,.0236532,.0396949,.0102149,.335,.188,.019,.037,.017,.013,.334,.177,.037,.018,.05,.009,.991,0,0,0,0,0,.3634686,.1662602,.0352958,.0264972,.0445465,.0114633,.446,.178,.027,.052,.024,.018,.1540802,.0077985,.02948,.147,-.018,.004,.157,.019,.041,.991,0,0,.1972085,.0087986,.0330832,.268,-.025,.006,.1845514,.1624033,.0406644,.0363589,.0193491,.0256556,.215,.147,.031,.052,.01,.017,.171,.169,.045,.03,.024,.03,.235,0,0,0,0,0,.1994008,.1456971,.0456345,.0404488,.021714,.0284842,.276,.119,.045,.072,.014,.023,.0221481,.0043055,-.0063065,.068,-.02,-.007,.002,.015,-.006,.235,0,0,.0537038,.0051858,-.0067702,.157,-.027,-.009,.1524646,.1588533,.056601,.0277754,.0419518,.0170721,.235,.163,.083,.051,.083,.016,.116,.157,.045,.018,.024,.018,0,0,0,0,0,0,.1633922,.1417131,.0635189,.0308162,.0470793,.0188517,.303,.141,.119,.071,.119,.021,-.0063887,.0288256,.0248797,.072,.033,.068,-.041,.027,.006,0,0,0,.0216791,.0327027,.0282276,.162,.048,.098
2026-02,2.778721,.2901007,.2393727,.1438593,.1084039,.0153977,.0125354,.361,.249,.279,.033,.018,.025,.259,.235,.085,.142,.014,.007,0,.009,0,0,0,0,.3154692,.1885559,.1570513,.1069375,.0172666,.014057,.492,.083,.398,.046,.025,.036,.0507281,.0354554,.0028622,.112,.246,-.007,.024,-.057,.007,-.009,0,0,.1269133,.0501138,.0032097,.409,.351,-.011,.2376613,.3921092,.1204624,.1141221,.0251767,.0155611,.277,.349,.156,.012,.005,.004,.221,.411,.105,.159,.034,.021,0,.765,0,0,0,0,.2532491,.3598315,.1273989,.1133498,.0282326,.0174499,.34,.226,.191,.017,.007,.006,-.154448,.0063402,.0096156,-.072,.145,.001,-.191,-.054,.013,-.765,0,0,-.1065824,.0140491,.0107827,.114,.174,.002,.2386773,.3637832,.1222406,.1052739,.0397811,.0070102,.28,.177,.166,.016,.053,.003,.221,.446,.103,.144,.034,.009,0,1,0,0,0,0,.2514546,.388763,.129393,.1034276,.0446097,.0078611,.332,.234,.204,.023,.076,.004,-.1251059,.0169667,.0327709,.103,.149,.05,-.225,-.041,.025,-1,0,0,-.1373084,.0259654,.0367486,.098,.181,.072
2026-03,3.405404,.1993514,.1611496,.1421089,.1130649,.1007123,.0154789,.361,.414,.222,.321,.151,.023,.128,.049,.107,.021,.078,.012,0,.009,0,.009,0,0,.1965773,.1093971,.1536354,.0660508,.1128007,.0173368,.402,.295,.292,.205,.214,.032,.0382018,.029044,.0852334,-.053,-.099,.128,.079,.086,.066,-.009,-.009,0,.0871801,.0875847,.0954639,.107,.086,.182,.2716243,.2459717,.2152376,.1264209,.109746,.0179039,.317,.444,.216,.315,.128,.012,.251,.158,.215,.043,.102,.021,0,.234,0,0,0,0,.2778428,.2120025,.2355417,.0810099,.1229186,.0200529,.341,.368,.284,.197,.182,.017,.0256526,.0888167,.0918421,-.126,-.099,.116,.093,.172,.081,-.234,0,0,.0658403,.1545319,.1028657,-.027,.087,.165,.240746,.1615268,.1767741,.0671411,.1039766,.0136047,.309,.264,.19,.128,.117,.011,.21,.116,.171,.04,.098,.015,0,0,0,0,0,0,.2432581,.1802433,.1924614,.0745286,.1164567,.0152376,.33,.372,.247,.18,.165,.015,.0792192,.109633,.0903719,.045,.061,.106,.094,.131,.083,0,0,0,.0630148,.1179328,.1012191,-.042,.067,.15
2026-04,3.630197,.3221413,.2504296,.2249336,.0694302,.2122286,.0459868,.245,.239,.19,.18,.159,.121,.357,.255,.241,.019,.236,.012,.991,0,.757,0,.757,0,.3421485,.2737642,.2468741,.0744529,.2329057,.0510124,.327,.328,.247,.243,.205,.17,.0717118,.1555034,.1662418,.006,.01,.038,.101,.221,.224,.991,.757,.757,.0683843,.1724212,.1818933,-.001,.004,.034,.3190126,.1734358,.1356235,.0900932,.1093446,.0515059,.23,.331,.169,.243,.156,.119,.359,.102,.12,.021,.088,.021,.766,0,0,0,0,0,.3389399,.1912651,.1468333,.0976696,.1173066,.0572136,.307,.46,.22,.334,.201,.168,.1455768,.0455303,.0578387,-.101,-.074,.037,.257,.099,.067,.766,0,0,.1476748,.0491637,.060093,-.153,-.114,.032,.3542621,.1695142,.1233546,.0901671,.0950241,.0485817,.215,.287,.139,.224,.126,.116,.417,.116,.116,.03,.081,.018,1,0,0,0,0,0,.3785458,.1828487,.1330481,.1006529,.1012163,.053928,.285,.397,.177,.318,.157,.164,.1847479,.0331875,.0464424,-.072,-.085,.009,.301,.087,.063,1,0,0,.1956971,.0323951,.0472882,-.112,-.142,-.006
